レコードID,会社名,医療機関コード（正）,郵便番号,都道府県／地域,市区町村,ウェブサイトURL,正規化名,名寄せキー種別,重複グループID,代表フラグ,検索クエリ
343452739295,名古屋おもて呼吸器・アレルギー内科クリニック 金山駅前院,2310902057,456-0002,愛知県,名古屋市熱田区金山町１－４－６ アルティメイト金山３階,,名古屋おもて呼吸器アレルギ内科クリニック金山駅前院,CODE,G000001,代表,名古屋おもて呼吸器・アレルギー内科クリニック 金山駅前院 名古屋市熱田区 公式サイト
343452650195,江南高屋はっとり眼科,2313601631,483-8047,愛知県,江南市高屋町大師１１０－１,,江南高屋はっとり眼科,CODE,G000002,代表,江南高屋はっとり眼科 江南市 公式サイト
343390618336,はるひレディスケアクリニック,2317300636,452-0961,愛知県,清須市春日樋１１５,,はるひレディスケアクリニック,CODE,G000003,代表,はるひレディスケアクリニック 清須市 公式サイト
343466040054,おのしんクリニック,1510128315,950-0005,新潟県,新潟市東区太平２丁目２３－４,,おのしんクリニック,CODE,G000004,代表,おのしんクリニック 新潟市東区 公式サイト
343408585462,こうふ糖尿病健康クリニック,1910116472,400-0032,山梨県,甲府市中央５―５―３,,こうふ糖尿病健康クリニック,CODE,G000005,代表,こうふ糖尿病健康クリニック 甲府市 公式サイト
343408585461,山岸医院,1911110599,402-0053,山梨県,都留市上谷５－４－１４,,山岸医院,CODE,G000006,代表,山岸医院 都留市 公式サイト
343399015113,ふくしまみなと耳鼻咽喉科,2311102103,455-0068,愛知県,名古屋市港区土古町１－５２－４,,ふくしまみなと耳鼻咽喉科,CODE,G000007,代表,ふくしまみなと耳鼻咽喉科 名古屋市港区 公式サイト
343452767964,吉祥寺駅前皮膚科クリニック,1313327673,180-0004,東京都,武蔵野市吉祥寺本町１－１７－１１　千代田生命吉祥寺ビル５階,,吉祥寺駅前皮膚科クリニック,CODE,G000008,代表,吉祥寺駅前皮膚科クリニック 武蔵野市 公式サイト
343390618335,みかわ医院,2313102705,446-0072,愛知県,安城市住吉町３－６－１２,,みかわ医院,CODE,G000009,代表,みかわ医院 安城市 公式サイト
343316492987,たけばやし脳神経クリニック,2310506700,453-0801,愛知県,名古屋市中村区太閤１－２０－９ Ｌ’ＥＮＶＯＬ ＭＥＩＥＫＩ ４階,,たけばやし脳神経クリニック,CODE,G000010,代表,たけばやし脳神経クリニック 名古屋市中村区 公式サイト
343466040053,みどりクリニック川崎,1415311030,213-0023,神奈川県,川崎市高津区子母口１００３－６　グリーンパークシボグチ１０１,,みどりクリニック川崎,CODE,G000011,代表,みどりクリニック川崎 川崎市高津区 公式サイト
343452739294,トータス往診クリニック・かわさき北,1415510854,216-0015,神奈川県,川崎市宮前区菅生六丁目３２番２０号　コリーヌ山中２０３,,トタス往診クリニックかわさき北,CODE,G000012,代表,トータス往診クリニック・かわさき北 川崎市宮前区 公式サイト
343399015112,古淵駅前　まさき糖尿病・甲状腺クリニック,1412612414,252-0344,神奈川県,相模原市南区古淵１－６－１１　Ｋ’ｓビル　２階,,古淵駅前まさき糖尿病甲状腺クリニック,CODE,G000013,代表,古淵駅前 まさき糖尿病・甲状腺クリニック 相模原市南区 公式サイト
343399015111,先進会眼科 大名古屋ビルヂング,2310506734,450-6404,愛知県,名古屋市中村区名駅３－２８－１２ 大名古屋ビルヂング４階,,先進会眼科大名古屋ビルヂング,CODE,G000014,代表,先進会眼科 大名古屋ビルヂング 名古屋市中村区 公式サイト
343316492986,コタロウこころの在宅クリニック,2310403494,451-0042,愛知県,名古屋市西区那古野１－１８－２３ ラスメゾン那古野４Ａ,,コタロウこころの在宅クリニック,CODE,G000015,代表,コタロウこころの在宅クリニック 名古屋市西区 公式サイト
343452797689,ソワンアイクリニック,2315300950,480-0144,愛知県,丹羽郡大口町下小口６－１６７,,ソワンアイクリニック,CODE,G000016,代表,ソワンアイクリニック 丹羽郡大口町 公式サイト
343452699383,家庭医療クリニック新潟,1510128349,950-0872,新潟県,新潟市東区牡丹山２丁目５－１８　コーポ華月　２階右号室,,家庭医療クリニック新潟,CODE,G000017,代表,家庭医療クリニック新潟 新潟市東区 公式サイト
343452699382,かもめメンタルクリニック,1414114210,231-0007,神奈川県,横浜市中区弁天通３丁目４７番２　フロール横濱関内２階,,かもめメンタルクリニック,CODE,G000018,代表,かもめメンタルクリニック 横浜市中区 公式サイト
343316492025,なおみファミリークリニック名古屋中小田井,2310403478,452-0822,愛知県,名古屋市西区中小田井３－１７ ツルハドラッグ中小田井店２階,,なおみファミリクリニック名古屋中小田井,CODE,G000019,代表,なおみファミリークリニック名古屋中小田井 名古屋市西区 公式サイト
343466040052,みたか武蔵野消化器内視鏡クリニック,1313327681,180-0013,東京都,武蔵野市西久保一丁目６番２５号　メディフロント武蔵野３階,,みたか武蔵野消化器内視鏡クリニック,CODE,G000020,代表,みたか武蔵野消化器内視鏡クリニック 武蔵野市 公式サイト
343452797688,さえレディースクリニック,1418110340,236-0027,神奈川県,横浜市金沢区瀬戸１６－３２　ＴＨＥ　ＰＬＡＣＥ八景４階,,さえレディスクリニック,CODE,G000021,代表,さえレディースクリニック 横浜市金沢区 公式サイト
343452739293,かじがや耳鼻咽喉科,1415310982,213-0015,神奈川県,川崎市高津区梶ケ谷２－１－２　シーズ梶ヶ谷１階Ｃ号室,,かじがや耳鼻咽喉科,CODE,G000022,代表,かじがや耳鼻咽喉科 川崎市高津区 公式サイト
343392399042,北信越クリニック,1510313503,943-0861,新潟県,上越市大和５丁目２７番４号,,北信越クリニック,CODE,G000023,代表,北信越クリニック 上越市 公式サイト
343452699381,しんこやす・おおぐち耳鼻咽喉科　漢方内科　小児科,1412105000,221-0013,神奈川県,横浜市神奈川区新子安１－３３－１５　グリシーヌ横浜１０２号室,,しんこやすおおぐち耳鼻咽喉科漢方内科小児科,CODE,G000024,代表,しんこやす・おおぐち耳鼻咽喉科 漢方内科 小児科 横浜市神奈川区 公式サイト
343408585460,甲府セレニティクリニック,1910116522,400-0822,山梨県,甲府市里吉三丁目１０番２号,,甲府セレニティクリニック,CODE,G000025,代表,甲府セレニティクリニック 甲府市 公式サイト
343392399041,ＳａｌｕｓＮｏｖａ クリニック,2310506726,450-6019,愛知県,名古屋市中村区名駅１－１－４ ＪＲセントラルタワーズ１９階,,salusnovaクリニック,CODE,G000026,代表,SalusNova クリニック 名古屋市中村区 公式サイト
343390618334,横浜駅前さいとう整形外科・スポーツクリニック,1412110860,221-0835,神奈川県,横浜市神奈川区鶴屋町二丁目１１番地８　２階,,横浜駅前さいとう整形外科スポツクリニック,CODE,G000027,代表,横浜駅前さいとう整形外科・スポーツクリニック 横浜市神奈川区 公式サイト
343466040051,緑が丘クリニック,1910116506,400-0008,山梨県,甲府市緑が丘２丁目７番７号,,緑が丘クリニック,CODE,G000028,代表,緑が丘クリニック 甲府市 公式サイト
343452797687,はれまちクリニック,1510313511,943-0821,新潟県,上越市土橋２５９４番地,,はれまちクリニック,CODE,G000029,代表,はれまちクリニック 上越市 公式サイト
343390618333,Ｓｈａｒｅ　Ｃｌｉｎｉｃ,1415211677,211-0063,神奈川県,川崎市中原区小杉町６－４３２－６　むさし野サントラービル３階,,shareclinic,CODE,G000030,代表,Share Clinic 川崎市中原区 公式サイト
343466072777,七夕よろずクリニック,2312206127,491-0831,愛知県,一宮市森本１－１１－２０,,七夕よろずクリニック,CODE,G000031,代表,七夕よろずクリニック 一宮市 公式サイト
343449129688,和穏在宅クリニック,2311503607,465-0066,愛知県,名古屋市名東区梅森坂西２－６１６ 横井コーポ１階 １Ｄ,,和穏在宅クリニック,CODE,G000032,代表,和穏在宅クリニック 名古屋市名東区 公式サイト
343323314917,あらかわ医院南院,2314501483,488-0006,愛知県,尾張旭市大久手町中松原１１４－１,,あらかわ医院南院,CODE,G000033,代表,あらかわ医院南院 尾張旭市 公式サイト
343452650194,戸塚駅前みんなの整形外科,1411011352,244-0003,神奈川県,横浜市戸塚区戸塚町４１０７番地１　オセアン里山１階２階,,戸塚駅前みんなの整形外科,CODE,G000034,代表,戸塚駅前みんなの整形外科 横浜市戸塚区 公式サイト
343442010819,ごうだ整形外科,1412410850,253-0017,神奈川県,茅ヶ崎市松林２－５－３３,,ごうだ整形外科,CODE,G000035,代表,ごうだ整形外科 茅ヶ崎市 公式サイト
343395881661,さこ整形外科・リハビリテーション科,1412810570,257-0034,神奈川県,秦野市大秦町２－１６　クリエイトエス・ディー秦野大秦町店２Ｆ,,さこ整形外科リハビリテション科,CODE,G000036,代表,さこ整形外科・リハビリテーション科 秦野市 公式サイト
343466040050,医療法人社団テラス　立川南口クリニック,1313025749,190-0023,東京都,立川市柴崎町三丁目８番１号　ＮＡＣビル６階,,テラス立川南口クリニック,CODE,G000037,代表,医療法人社団テラス 立川南口クリニック 立川市 公式サイト
343452835559,ＢＡＳＥＧＡＴＥ横浜関内クリニック,1414117770,231-0017,神奈川県,横浜市中区港町一丁目１番地１　ＢＡＳＥＧＡＴＥ横浜関内タワー７Ｆ,,basegate横浜関内クリニック,CODE,G000038,代表,BASEGATE横浜関内クリニック 横浜市中区 公式サイト
343442010820,木月住吉内科クリニック,1415211669,211-0021,神奈川県,川崎市中原区木月住吉町２１番１号　ＡＺＺＵＲＲＩ元住吉１階,,木月住吉内科クリニック,CODE,G000039,代表,木月住吉内科クリニック 川崎市中原区 公式サイト
343406757565,ねもと内科・糖尿病甲状腺クリニック,1413711835,227-0062,神奈川県,横浜市青葉区青葉台一丁目１５－１３　青葉台メディカルブリッジ２階１号室,,ねもと内科糖尿病甲状腺クリニック,CODE,G000040,代表,ねもと内科・糖尿病甲状腺クリニック 横浜市青葉区 公式サイト
343323314916,羽沢横浜内科・内視鏡クリニック,1412110940,221-0866,神奈川県,横浜市神奈川区羽沢南二丁目４４番７号　ＨＡＺＡＡＲ４階,,羽沢横浜内科内視鏡クリニック,CODE,G000041,代表,羽沢横浜内科・内視鏡クリニック 横浜市神奈川区 公式サイト
343465937608,痛みと向き合うペインクリニック,2311603142,468-0015,愛知県,名古屋市天白区原２－９０７ Ｖ・ｄｒｕｇ天白原店２階,,痛みと向き合うペインクリニック,CODE,G000042,代表,痛みと向き合うペインクリニック 名古屋市天白区 公式サイト
343406757564,桜花クリニック,2314800968,470-1161,愛知県,豊明市栄町武侍４１,,桜花クリニック,CODE,G000043,代表,桜花クリニック 豊明市 公式サイト
343465937607,こどもとおとなの ななき在宅クリニック,1912310248,409-3804,山梨県,中央市井之口１１３９番地１,,こどもとおとなのななき在宅クリニック,CODE,G000044,代表,こどもとおとなの ななき在宅クリニック 中央市 公式サイト
343253909192,豊川おうちクリニック,2312602556,442-0887,愛知県,豊川市明野町１－１３,,豊川おうちクリニック,CODE,G000045,代表,豊川おうちクリニック 豊川市 公式サイト
343244911322,こもれびクリニック,2312105923,444-0834,愛知県,岡崎市柱町東荒子２１０ デバイスビル４０３,,こもれびクリニック,CODE,G000046,代表,こもれびクリニック 岡崎市 公式サイト
343449129687,あがのわたなべ内科・消化器内科,1512110329,959-2033,新潟県,阿賀野市百津町３番４４号,,あがのわたなべ内科消化器内科,CODE,G000047,代表,あがのわたなべ内科・消化器内科 阿賀野市 公式サイト
343395881660,エターナルクリニック,1412612406,252-0237,神奈川県,相模原市中央区千代田１－６－１　久保田ビル３０２,,エタナルクリニック,CODE,G000048,代表,エターナルクリニック 相模原市中央区 公式サイト
343323314915,あぐい服部整形外科いたみのクリニック,2315703138,470-2202,愛知県,知多郡阿久比町福住西前田１３６－７,,あぐい服部整形外科いたみのクリニック,CODE,G000049,代表,あぐい服部整形外科いたみのクリニック 知多郡阿久比町 公式サイト
343244911321,まなべ医院,2310506742,453-0015,愛知県,名古屋市中村区椿町１３－２４ 徳勝ビル２階,,まなべ医院,CODE,G000050,代表,まなべ医院 名古屋市中村区 公式サイト
343452835558,登戸産婦人科,1415411103,214-0014,神奈川県,川崎市多摩区登戸１６８０－１,,登戸産婦人科,CODE,G000051,代表,登戸産婦人科 川崎市多摩区 公式サイト
343244911320,熊谷医院,1415010970,210-0846,神奈川県,川崎市川崎区小田５丁目２８番１５号,,熊谷医院,CODE,G000052,代表,熊谷医院 川崎市川崎区 公式サイト
343466072776,南大高内科ハートクリニック,2311403840,459-8002,愛知県,名古屋市緑区森の里１－９６－３,,南大高内科ハトクリニック,CODE,G000053,代表,南大高内科ハートクリニック 名古屋市緑区 公式サイト
343465937606,ホームクリニック西橋本,1412612471,252-0131,神奈川県,相模原市緑区西橋本５－４－３　コトエ橋本２階２０３１区画,,ホムクリニック西橋本,CODE,G000054,代表,ホームクリニック西橋本 相模原市緑区 公式サイト
343449129686,医療法人社団ナイズ　キャップスクリニック相模大野,1412612356,252-0303,神奈川県,相模原市南区相模大野４－４－３　２階,,ナイズキャップスクリニック相模大野,CODE,G000055,代表,医療法人社団ナイズ キャップスクリニック相模大野 相模原市南区 公式サイト
343323314914,森のやすらぎクリニック,1313825742,183-0014,東京都,府中市是政５－１７－１４　ＴＷＴビル１階,,森のやすらぎクリニック,CODE,G000056,代表,森のやすらぎクリニック 府中市 公式サイト
343253909190,杉浦真弓不育症クリニック,2310803131,467-0066,愛知県,名古屋市瑞穂区洲山町１－１３－８,,杉浦真弓不育症クリニック,CODE,G000057,代表,杉浦真弓不育症クリニック 名古屋市瑞穂区 公式サイト
343244911319,上大岡あきら整形外科,1415105860,232-0064,神奈川県,横浜市南区別所３－８－３　別所クリニックビル２階,,上大岡あきら整形外科,CODE,G000058,代表,上大岡あきら整形外科 横浜市南区 公式サイト
343452835557,名古屋駅前ゆう美容クリニック,2310506718,450-0002,愛知県,名古屋市中村区名駅４－２６－９ ＮＥＷ ＡＧ ＴＯＷＥＲ Ⅰ ３階,,名古屋駅前ゆう美容クリニック,CODE,G000059,代表,名古屋駅前ゆう美容クリニック 名古屋市中村区 公式サイト
343406757563,新宿美容外科クリニック　立川院,1313025764,190-0012,東京都,立川市曙町二丁目７番１９号　ＭＡビル５階,,新宿美容外科クリニック立川院,CODE,G000060,代表,新宿美容外科クリニック 立川院 立川市 公式サイト
343395881659,みなとしょホームクリニック,1413610573,245-0023,神奈川県,横浜市泉区和泉中央南一丁目１１－３,,みなとしょホムクリニック,CODE,G000061,代表,みなとしょホームクリニック 横浜市泉区 公式サイト
343323314913,あいちハートクリニック野並,2311603001,468-0046,愛知県,名古屋市天白区古川町１５８ 野並メディカルステーション１階,,あいちハトクリニック野並,CODE,G000062,代表,あいちハートクリニック野並 名古屋市天白区 公式サイト
343253909191,車道こころのクリニック,2310203381,461-0003,愛知県,名古屋市東区筒井３－２４－６ＧＲＡＮＤＥ ＬＵＣＥ ＫＵＲＵＭＡＭＩＣＨＩ１階,,車道こころのクリニック,CODE,G000063,代表,車道こころのクリニック 名古屋市東区 公式サイト
343466072775,にしたんＡＲＴクリニック名古屋栄院,2310608795,460-0003,愛知県,名古屋市中区錦３－２５－１ ザ・ランドマーク名古屋栄１６階,,にしたんartクリニック名古屋栄院,CODE,G000064,代表,にしたんARTクリニック名古屋栄院 名古屋市中区 公式サイト
343442010818,みまもりクリニック,1312722882,189-0012,東京都,東村山市萩山町４－１－１０　１階,,みまもりクリニック,CODE,G000065,代表,みまもりクリニック 東村 公式サイト
343408585459,いとう眼科,2317200539,496-0924,愛知県,愛西市善太新田町十二上７０－１,,いとう眼科,CODE,G000066,代表,いとう眼科 愛西市 公式サイト
343395881658,ひなたこどもクリニック,1314226106,182-0012,東京都,調布市深大寺東町２－２３－５　深大寺メディカルビル２０３,,ひなたこどもクリニック,CODE,G000067,代表,ひなたこどもクリニック 調布市 公式サイト
343466072774,つじの内科クリニック,1313123569,185-0021,東京都,国分寺市南町３－２２－３１　国分寺南町ビル２階,,つじの内科クリニック,CODE,G000068,代表,つじの内科クリニック 国分寺市 公式サイト
343442010817,さいとう整形外科リウマチ科日進分院,2314901527,470-0124,愛知県,日進市浅田町東田面９４－３,,さいとう整形外科リウマチ科日進分院,CODE,G000069,代表,さいとう整形外科リウマチ科日進分院 日進市 公式サイト
343395880697,にじいろこどもとみんなのクリニックＬＩＣＯＰＡ東大和院,1314621470,207-0022,東京都,東大和市桜が丘二丁目１４２番地の１　ＬＩＣＯＰＡ東大和　テラス棟１０５,,にじいろこどもとみんなのクリニックlicopa東大和院,CODE,G000070,代表,にじいろこどもとみんなのクリニックLICOPA東大和院 東大和市 公式サイト
343244911318,レヴィアクリニック,2314501459,488-0015,愛知県,尾張旭市三郷町栄１０－１,,レヴィアクリニック,CODE,G000071,代表,レヴィアクリニック 尾張旭市 公式サイト
343465937605,万願寺ファミリークリニック,1313523743,191-0024,東京都,日野市万願寺３丁目２５－８,,万願寺ファミリクリニック,CODE,G000072,代表,万願寺ファミリークリニック 日野市 公式サイト
343449129685,医療法人社団大樹会　新東京クリニック　立川駅前院,1313025780,190-0012,東京都,立川市曙町二丁目７番１８号　ＭＩＳＵＭＩ　Ｂｌｄｇ．５階,,大樹会新東京クリニック立川駅前院,CODE,G000073,代表,医療法人社団大樹会 新東京クリニック 立川駅前院 立川市 公式サイト
343466072772,武蔵野市医師会立診療所,1313327699,180-0006,東京都,武蔵野市中町２－１５－５,,武蔵野市医師会立診療所,CODE,G000074,代表,武蔵野市医師会立診療所 武蔵野市 公式サイト
343452767963,刈谷駅あさのクリニック,2312902048,448-0858,愛知県,刈谷市若松町１－７２ 名鉄イン刈谷２階,,刈谷駅あさのクリニック,CODE,G000075,代表,刈谷駅あさのクリニック 刈谷市 公式サイト
343395880695,東京町田アーク内科・呼吸器クリニック,1313229770,194-0045,東京都,町田市南成瀬５－３３－１　南成瀬メディカルヴィレッジ　東棟１階,,東京町田アク内科呼吸器クリニック,CODE,G000076,代表,東京町田アーク内科・呼吸器クリニック 町田市 公式サイト
343466072773,岡崎ステーションこころのクリニック,2312105949,444-0819,愛知県,岡崎市岡崎駅前１－３－５ ＡＳＴＹ岡崎３階,,岡崎ステションこころのクリニック,CODE,G000077,代表,岡崎ステーションこころのクリニック 岡崎市 公式サイト
343406757562,あまねクリニック練馬院,1312038800,176-0005,東京都,練馬区旭丘二丁目１９番８号,,あまねクリニック練馬院,CODE,G000078,代表,あまねクリニック練馬院 練馬区 公式サイト
343406756601,なかよしみみはなのどクリニック,1312135895,123-0851,東京都,足立区梅田３丁目３０－７,,なかよしみみはなのどクリニック,CODE,G000079,代表,なかよしみみはなのどクリニック 足立区 公式サイト
343395880696,東京セインツクリニック,1312233849,124-0003,東京都,葛飾区お花茶屋一丁目２１番１７号,,東京セインツクリニック,CODE,G000080,代表,東京セインツクリニック 葛飾区 公式サイト
343392399040,ｃｅｒｉｓｉｅｒ ｃｌｉｎｉｃ,2310608746,460-0008,愛知県,名古屋市中区栄４－１－８ 栄サンシティービルＢ１,,cerisierclinic,CODE,G000081,代表,cerisier clinic 名古屋市中区 公式サイト
343465937604,優心クリニック横浜青葉,1413711843,227-0034,神奈川県,横浜市青葉区桂台二丁目４０番地２４　ココファン青葉台賃貸スペース４,,優心クリニック横浜青葉,CODE,G000082,代表,優心クリニック横浜青葉 横浜市青葉区 公式サイト
343399015110,アエラメディカルクリニック,1911311098,401-0501,山梨県,南都留郡山中湖村山中１２,,アエラメディカルクリニック,CODE,G000083,代表,アエラメディカルクリニック 南都留郡山中湖村 公式サイト
343452670690,東戸塚まいまい耳鼻咽喉科,1411011303,244-0805,神奈川県,横浜市戸塚区川上町８５－３　ＳＳビル１Ｆ,,東戸塚まいまい耳鼻咽喉科,CODE,G000084,代表,東戸塚まいまい耳鼻咽喉科 横浜市戸塚区 公式サイト
343452670689,あやこ皮膚科クリニック,2310506643,453-0021,愛知県,名古屋市中村区松原町５－６９,,あやこ皮膚科クリニック,CODE,G000085,代表,あやこ皮膚科クリニック 名古屋市中村区 公式サイト
343399015108,内科・循環器・糖尿病のこだいら小川町メディカルクリニック,1314323861,187-0031,東京都,小平市小川東町三丁目７番１号　ＦＬＡＴ小平１階１０８区画,,内科循環器糖尿病のこだいら小川町メディカルクリニック,CODE,G000086,代表,内科・循環器・糖尿病のこだいら小川町メディカルクリニック 小平市小川東町三丁目7番1号 FLAT小平1階108区 公式サイト
343279774420,藤が丘こどもあクリニック,2311503581,465-0033,愛知県,名古屋市名東区明が丘５２－２ プレスティア藤が丘１階１Ａ,,藤が丘こどもあクリニック,CODE,G000087,代表,藤が丘こどもあクリニック 名古屋市名東区 公式サイト
343272627950,名古屋あおいクリニック,2310203365,461-0005,愛知県,名古屋市東区東桜２－４－１ 第３コジマビル６階,,名古屋あおいクリニック,CODE,G000088,代表,名古屋あおいクリニック 名古屋市東区 公式サイト
343265437378,本皮ふ科,1510214099,940-0082,新潟県,長岡市千歳１丁目３番４１,,本皮ふ科,CODE,G000089,代表,本皮ふ科 長岡市 公式サイト
343253909189,Ｄメディカルクリニック,1415106020,232-0021,神奈川県,横浜市南区真金町１－６－２７,,dメディカルクリニック,CODE,G000090,代表,Dメディカルクリニック 横浜市南区 公式サイト
343465965284,茶屋モールクリニック,2311102095,455-0858,愛知県,名古屋市港区西茶屋２－１１ イオンモール名古屋茶屋１階,,茶屋モルクリニック,CODE,G000091,代表,茶屋モールクリニック 名古屋市港区 公式サイト
343464019652,見附ひかりクリニック,1511110783,954-0057,新潟県,見附市新町２丁目５番８－１号,,見附ひかりクリニック,CODE,G000092,代表,見附ひかりクリニック 見附市 公式サイト
343452739292,医療法人社団さくら　タムス眼科クリニック瑞江駅前,1312335289,132-0011,東京都,江戸川区瑞江２－１－１５　長塚第一ビル１階,,さくらタムス眼科クリニック瑞江駅前,CODE,G000093,代表,医療法人社団さくら タムス眼科クリニック瑞江駅前 江戸川区 公式サイト
343449129684,オトクリニック名古屋 覚王山,2310106048,464-0831,愛知県,名古屋市千種区観月町１－５７ クリニックテラス覚王山２階,,オトクリニック名古屋覚王山,CODE,G000094,代表,オトクリニック名古屋 覚王山 名古屋市千種区 公式サイト
343399015109,シグナス形成外科美容外科クリニック,1510128372,950-0088,新潟県,新潟市中央区万代１－２－３　コープ野村万代２１４号,,シグナス形成外科美容外科クリニック,CODE,G000095,代表,シグナス形成外科美容外科クリニック 新潟市中央区 公式サイト
343288732356,あや形成外科・皮ふ科 白壁,2310203399,461-0011,愛知県,名古屋市東区白壁３－２１－２７,,あや形成外科皮ふ科白壁,CODE,G000096,代表,あや形成外科・皮ふ科 白壁 名古屋市東区 公式サイト
343272627949,鴨居つむぎ小児科・皮膚科,1413310935,226-0003,神奈川県,横浜市緑区鴨居４－１－１　鴨居フロントビル　１階,,鴨居つむぎ小児科皮膚科,CODE,G000097,代表,鴨居つむぎ小児科・皮膚科 横浜市緑区 公式サイト
343201665755,医療法人正心会　湘南せきのこどもクリニック,1412212868,251-0052,神奈川県,藤沢市藤沢２１８番地１,,正心会湘南せきのこどもクリニック,CODE,G000098,代表,医療法人正心会 湘南せきのこどもクリニック 藤沢市 公式サイト
343464019651,はまさき医院,1414210761,243-0401,神奈川県,海老名市東柏ケ谷２丁目２９番１８号　加藤ビル１０１号,,はまさき医院,CODE,G000099,代表,はまさき医院 海老名市 公式サイト
343198138054,尾張旭駅北 かみむら内科ハートクリニック,2314501475,488-0801,愛知県,尾張旭市東大道町原田２－１,,尾張旭駅北かみむら内科ハトクリニック,CODE,G000100,代表,尾張旭駅北 かみむら内科ハートクリニック 尾張旭市 公式サイト
343464019650,大船駅前なかしま腎泌尿器科クリニック,1412111094,247-0056,神奈川県,鎌倉市大船１－２２－２６　大船ミクリエ３階④号室,,大船駅前なかしま腎泌尿器科クリニック,CODE,G000101,代表,大船駅前なかしま腎泌尿器科クリニック 鎌倉市 公式サイト
343464019649,じょうえい心臓クリニック,1910812443,409-3851,山梨県,中巨摩郡昭和町河西１６０９－２,,じょうえい心臓クリニック,CODE,G000102,代表,じょうえい心臓クリニック 中巨摩郡昭和町 公式サイト
343452767962,うえだ在宅ケアクリニック,1415610910,215-0021,神奈川県,川崎市麻生区上麻生６丁目３９番３１号　コートレット１階,,うえだ在宅ケアクリニック,CODE,G000103,代表,うえだ在宅ケアクリニック 川崎市麻生区 公式サイト
343452767961,大口駅前みみはなのどクリニック,1412110520,221-0015,神奈川県,横浜市神奈川区神之木町１－３２　ＢｅａｎｓＡｎｎｅｘ大口　１Ｆ,,大口駅前みみはなのどクリニック,CODE,G000104,代表,大口駅前みみはなのどクリニック 横浜市神奈川区 公式サイト
343452699380,おれんじハウスそだちとケア診療所横浜,1413210887,241-0821,神奈川県,横浜市旭区二俣川２－４７－３,,おれんじハウスそだちとケア診療所横浜,CODE,G000105,代表,おれんじハウスそだちとケア診療所横浜 横浜市旭区 公式サイト
343272627947,ペンギンこころとからだのクリニック,2310608696,460-0012,愛知県,名古屋市中区千代田３－１１－７－２ ＦＡＣＥ鶴舞公園３階,,ペンギンこころとからだのクリニック,CODE,G000106,代表,ペンギンこころとからだのクリニック 名古屋市中区 公式サイト
343272627946,ＡＳＣＥＮＴ　ＭＥＮＴＡＬ　ＣＬＩＮＩＣ　ｓａｇｉｎｕｍａ,1415510839,216-0004,神奈川県,川崎市宮前区鷺沼三丁目１－２１　２階,,ascentmentalclinicsaginuma,CODE,G000107,代表,ASCENT MENTAL CLINIC saginuma 川崎市宮前区 公式サイト
343205293763,大府うららクリニック,2314201241,474-0062,愛知県,大府市共西町４－４８７,,大府うららクリニック,CODE,G000108,代表,大府うららクリニック 大府市 公式サイト
343198138055,こいずみ腎・泌尿器科クリニック,1411911478,238-0007,神奈川県,横須賀市若松町二丁目３１番地　学校法人山本学園総合ビル　１階,,こいずみ腎泌尿器科クリニック,CODE,G000109,代表,こいずみ腎・泌尿器科クリニック 横須賀市 公式サイト
343464019648,八丈島こころみクリニック,1315827530,100-1511,東京都,八丈島八丈町三根３０６番地１,,八丈島こころみクリニック,CODE,G000110,代表,八丈島こころみクリニック 八丈島八丈町 公式サイト
343370586812,センター北循環器・内科ＮＣクリニック,1413811056,224-0003,神奈川県,横浜市都筑区中川中央一丁目１番３号　１階（１０１Ａ区画）,,センタ北循環器内科ncクリニック,CODE,G000111,代表,センター北循環器・内科NCクリニック 横浜市都筑区 公式サイト
343316492024,三鷹あまの内科・腎クリニック,1313625332,181-0012,東京都,三鷹市上連雀二丁目７番１１号,,三鷹あまの内科腎クリニック,CODE,G000112,代表,三鷹あまの内科・腎クリニック 三鷹市 公式サイト
343279774419,ざま駅前スキンクリニック　皮フ科・美容皮フ科・形成外科,1414110342,252-0028,神奈川県,座間市入谷東三丁目６０番２号　小田急マルシェ座間Ⅰ　２階Ｅ区画,,ざま駅前スキンクリニック皮フ科美容皮フ科形成外科,CODE,G000113,代表,ざま駅前スキンクリニック 皮フ科・美容皮フ科・形成外科 座間市入谷東三丁目60番2号 小田急マルシェ座間I 2階E区 公式サイト
343452670688,ここにいるよクリニック,1415311022,213-0001,神奈川県,川崎市高津区溝口４－５－１０,,ここにいるよクリニック,CODE,G000114,代表,ここにいるよクリニック 川崎市高津区 公式サイト
343228602089,溝の口耳鼻咽喉科クリニック,1415310990,213-0001,神奈川県,川崎市高津区溝口２－１０－２　メディカルモール関口ビル５Ｆ,,溝の口耳鼻咽喉科クリニック,CODE,G000115,代表,溝の口耳鼻咽喉科クリニック 川崎市高津区 公式サイト
343288732355,医療法人社団育心会　国分寺なみき内科クリニック,1313123551,185-0005,東京都,国分寺市並木町三丁目２３番地２,,育心会国分寺なみき内科クリニック,CODE,G000116,代表,医療法人社団育心会 国分寺なみき内科クリニック 国分寺市 公式サイト
343201665754,サイトウみみ・はな・のどクリニック,2314800976,470-1101,愛知県,豊明市沓掛町寺池６４,,サイトウみみはなのどクリニック,CODE,G000117,代表,サイトウみみ・はな・のどクリニック 豊明市 公式サイト
343465965283,くぼた内科クリニック,1412011047,254-0911,神奈川県,平塚市山下３－１７－４０,,くぼた内科クリニック,CODE,G000118,代表,くぼた内科クリニック 平塚市 公式サイト
343288732354,あすを生きるメンタルクリニック吉祥寺,1313327657,180-0004,東京都,武蔵野市吉祥寺本町１丁目１５－９　岩﨑吉祥寺ビル７階Ａ,,あすを生きるメンタルクリニック吉祥寺,CODE,G000119,代表,あすを生きるメンタルクリニック吉祥寺 武蔵野市 公式サイト
343279774418,平塚内科と呼吸のクリニック,1412011021,254-0034,神奈川県,平塚市宝町１－１－２Ｆ,,平塚内科と呼吸のクリニック,CODE,G000120,代表,平塚内科と呼吸のクリニック 平塚市 公式サイト
343228602088,厚木腎泌尿器科クリニック,1412910875,243-0017,神奈川県,厚木市栄町２丁目１－５　クリエイト厚木栄町３Ｆ,,厚木腎泌尿器科クリニック,CODE,G000121,代表,厚木腎泌尿器科クリニック 厚木市 公式サイト
343205293762,つじ泌尿器科クリニック,2310608373,460-0004,愛知県,名古屋市中区新栄町１－３ 日丸名古屋ビル７階,,つじ泌尿器科クリニック,CODE,G000122,代表,つじ泌尿器科クリニック 名古屋市中区 公式サイト
343205293761,瀬谷こやす脳神経クリニック,1413410354,246-0014,神奈川県,横浜市瀬谷区中央３番地６　瀬谷駅北口共同ビル１Ｆ,,瀬谷こやす脳神経クリニック,CODE,G000123,代表,瀬谷こやす脳神経クリニック 横浜市瀬谷区 公式サイト
343198138053,山宮整形外科リハビリクリニック,1910116480,400-0075,山梨県,甲府市山宮町９７５－１,,山宮整形外科リハビリクリニック,CODE,G000124,代表,山宮整形外科リハビリクリニック 甲府市 公式サイト
343452739291,あつた在宅クリニック,2310902040,456-0073,愛知県,名古屋市熱田区千代田町１４－３３ 熱田区千代田町貸事務所Ａ,,あつた在宅クリニック,CODE,G000125,代表,あつた在宅クリニック 名古屋市熱田区 公式サイト
343452670687,ゆくるクリニック,2311603159,468-0072,愛知県,名古屋市天白区大坪１－１０１,,ゆくるクリニック,CODE,G000126,代表,ゆくるクリニック 名古屋市天白区 公式サイト
343288732353,新津こどもクリニック,1510128307,956-0031,新潟県,新潟市秋葉区新津５１４９番地２４,,新津こどもクリニック,CODE,G000127,代表,新津こどもクリニック 新潟市秋葉区 公式サイト
343279774417,さくらやまファミリークリニック,2310704040,466-0848,愛知県,名古屋市昭和区長戸町５－４４ 桜山医療ビル２階,,さくらやまファミリクリニック,CODE,G000128,代表,さくらやまファミリークリニック 名古屋市昭和区 公式サイト
343198138052,そだちクリニック希望のまち,1413811049,224-0003,神奈川県,横浜市都筑区中川中央１－３７－１４　フォンテーヌセンター北２０４,,そだちクリニック希望のまち,CODE,G000129,代表,そだちクリニック希望のまち 横浜市都筑区 公式サイト
343228602087,おちゃのまクリニック,1413010998,242-0005,神奈川県,大和市西鶴間８－７－３,,おちゃのまクリニック,CODE,G000130,代表,おちゃのまクリニック 大和市 公式サイト
343452767960,柊なごや呼吸器クリニック名駅スパイラルタワーズ,2310506650,450-0002,愛知県,名古屋市中村区名駅４－２７－１ モード学園スパイラルタワーズＢ２階 Ｂ２０３－ａ,,柊なごや呼吸器クリニック名駅スパイラルタワズ,CODE,G000131,代表,柊なごや呼吸器クリニック名駅スパイラルタワーズ 名古屋市中村区 公式サイト
343452739290,おやまつクリニック,1510128281,951-8133,新潟県,新潟市中央区川岸町２丁目８番地２,,おやまつクリニック,CODE,G000132,代表,おやまつクリニック 新潟市中央区 公式サイト
343465965282,立川在宅ケアクリニック,1313025343,190-0012,東京都,立川市曙町二丁目８番２８号　ＴＡＭＡ　ＭＩＲＡＩ　ＳＱＵＡＲＥ　５階,,立川在宅ケアクリニック,CODE,G000133,代表,立川在宅ケアクリニック 立川市 公式サイト
343370586811,めぐウィメンズクリニック,2314901519,470-0132,愛知県,日進市梅森町新田１４３－１,,めぐウィメンズクリニック,CODE,G000134,代表,めぐウィメンズクリニック 日進市 公式サイト
343265437377,たまプラーザ脳神経クリニック,1413711876,225-0002,神奈川県,横浜市青葉区美しが丘２丁目１７番地２　トーストたまプラーザ１階Ａ号室,,たまプラザ脳神経クリニック,CODE,G000135,代表,たまプラーザ脳神経クリニック 横浜市青葉区 公式サイト
343205293760,六町ハートクリニック,1312136026,121-0073,東京都,足立区六町三丁目５番２３号　サンリット六町Ⅰ　５０３,,六町ハトクリニック,CODE,G000136,代表,六町ハートクリニック 足立区 公式サイト
343452767959,東神奈川コルテアクリニック,1412111020,221-0834,神奈川県,横浜市神奈川区台町１４－１５　栄ビル４階,,東神奈川コルテアクリニック,CODE,G000137,代表,東神奈川コルテアクリニック 横浜市神奈川区 公式サイト
343392399039,海老名皮膚科・美容皮膚科,1414210753,243-0432,神奈川県,海老名市中央１丁目２番２号　ビナフロント１階,,海老名皮膚科美容皮膚科,CODE,G000138,代表,海老名皮膚科・美容皮膚科 海老名市 公式サイト
343279774416,大船てんかん・神経・こどもクリニック,1412111052,247-0055,神奈川県,鎌倉市小袋谷１－３－２　鎌倉服部ビル１０１,,大船てんかん神経こどもクリニック,CODE,G000139,代表,大船てんかん・神経・こどもクリニック 鎌倉市 公式サイト
343272627945,赤羽乳腺クリニック上小田井,2310403460,452-0841,愛知県,名古屋市西区城西町１６－１ コノミヤ城西店２階,,赤羽乳腺クリニック上小田井,CODE,G000140,代表,赤羽乳腺クリニック上小田井 名古屋市西区 公式サイト
343265437376,新潟よしだ眼科,1510128364,950-0088,新潟県,新潟市中央区万代１丁目４番８号,,新潟よしだ眼科,CODE,G000141,代表,新潟よしだ眼科 新潟市中央区 公式サイト
343466040048,溝の口駅前あきやま整形外科・リハビリテーション科　川崎高津区院,1415311006,213-0001,神奈川県,川崎市高津区溝口１丁目１１番２　ＴＳビル　２，３階,,溝の口駅前あきやま整形外科リハビリテション科川崎高津区院,CODE,G000142,代表,溝の口駅前あきやま整形外科・リハビリテーション科 川崎高津区院 川崎市高津区 公式サイト
343465965281,やまもと泌尿器科・内科クリニック,2312602564,442-0845,愛知県,豊川市為当町尻無１５,,やまもと泌尿器科内科クリニック,CODE,G000143,代表,やまもと泌尿器科・内科クリニック 豊川市 公式サイト
343452739289,栄錦三メンタルクリニック,2310608787,460-0003,愛知県,名古屋市中区錦３－７－１９ 錦ＴＫＧビル４階,,栄錦三メンタルクリニック,CODE,G000144,代表,栄錦三メンタルクリニック 名古屋市中区 公式サイト
343452670686,関内さくら通りクリニック,1414117930,231-0015,神奈川県,横浜市中区尾上町三丁目２８番地　横浜国際ビル６階,,関内さくら通りクリニック,CODE,G000145,代表,関内さくら通りクリニック 横浜市中区 公式サイト
343442010816,かしわぎ健幸クリニック,1414410189,252-1108,神奈川県,綾瀬市深谷上２丁目１５－１,,かしわぎ健幸クリニック,CODE,G000146,代表,かしわぎ健幸クリニック 綾瀬市 公式サイト
343228602086,立川外科クリニック,1313025756,190-0012,東京都,立川市曙町一丁目２９番７号　キングストンパレス立川２階,,立川外科クリニック,CODE,G000147,代表,立川外科クリニック 立川市 公式サイト
343205293759,横浜ステーションクリニック,1413111590,220-0005,神奈川県,横浜市西区南幸一丁目１０番１号　相鉄南幸第１６ビル４階２号室,,横浜ステションクリニック,CODE,G000148,代表,横浜ステーションクリニック 横浜市西区 公式サイト
343201665753,まんまるクリニック,1314521662,201-0014,東京都,狛江市東和泉１－２７－１１　狛江メディカルビルディング２階,,まんまるクリニック,CODE,G000149,代表,まんまるクリニック 狛江市 公式サイト
343390618332,上飯田ねむの木こころクリニック,2310304189,462-0802,愛知県,名古屋市北区上飯田北町２－５,,上飯田ねむの木こころクリニック,CODE,G000150,代表,上飯田ねむの木こころクリニック 名古屋市北区 公式サイト
343272627944,いなぐま在宅クリニック,2310803149,467-0835,愛知県,名古屋市瑞穂区井戸田町４－７２ アーバンＣｏｈ４０３,,いなぐま在宅クリニック,CODE,G000151,代表,いなぐま在宅クリニック 名古屋市瑞穂区 公式サイト
343452650191,ＹＳＡスポーツと医科学のクリニック横浜関内,1414117510,231-0017,神奈川県,横浜市中区港町一丁目１番地１　ＢＡＳＥＧＡＴＥ横浜関内８階,,ysaスポツと医科学のクリニック横浜関内,CODE,G000152,代表,YSAスポーツと医科学のクリニック横浜関内 横浜市中区 公式サイト
343198138051,新栄宮川クリニック,2310608738,460-0007,愛知県,名古屋市中区新栄１－１４－５ ホワイトメゾン新栄１階,,新栄宮川クリニック,CODE,G000153,代表,新栄宮川クリニック 名古屋市中区 公式サイト
343288732352,にいがた東眼科,1510128356,950-0017,新潟県,新潟市東区新松崎１丁目７番９号,,にいがた東眼科,CODE,G000154,代表,にいがた東眼科 新潟市東区 公式サイト
343452670685,溝の口駅前内科・呼吸器内科,1415311014,213-0001,神奈川県,川崎市高津区溝口１－１１－２　ＴＳビル４階,,溝の口駅前内科呼吸器内科,CODE,G000155,代表,溝の口駅前内科・呼吸器内科 川崎市高津区 公式サイト
343201665751,医療法人社団進興会　立川北口レディス健診館,1313025830,190-0012,東京都,立川市曙町二丁目９番２号　菊屋ビルディング２階・３階,,進興会立川北口レディス健診館,CODE,G000156,代表,医療法人社団進興会 立川北口レディス健診館 立川市 公式サイト
343452699379,ブランクリニック　横浜院,1413111000,220-0004,神奈川県,横浜市西区北幸１丁目１１番１号　水信ビル　１階、Ｂ１階及びＢ２階,,ブランクリニック横浜院,CODE,G000157,代表,ブランクリニック 横浜院 横浜市西区 公式サイト
343392399037,片倉町たなか整形外科,1412110780,221-0865,神奈川県,横浜市神奈川区片倉一丁目２８番１１号　４階,,片倉町たなか整形外科,CODE,G000158,代表,片倉町たなか整形外科 横浜市神奈川区 公式サイト
343464019647,たなか呼吸器とぜんそくのクリニック,2314901501,470-0122,愛知県,日進市蟹甲町浅間下６－１,,たなか呼吸器とぜんそくのクリニック,CODE,G000159,代表,たなか呼吸器とぜんそくのクリニック 日進市 公式サイト
343228602085,名東在宅クリニック,2311503557,465-0092,愛知県,名古屋市名東区社台３－５２ Ｌｉｂｅｒｔｅ上社３０１,,名東在宅クリニック,CODE,G000160,代表,名東在宅クリニック 名古屋市名東区 公式サイト
343466072771,廣瀬診療所,1412510386,249-0005,神奈川県,逗子市桜山９－３－１,,廣瀬診療所,CODE,G000161,代表,廣瀬診療所 逗子市 公式サイト
343452797683,野方駅前たかね内科クリニック,1311434463,165-0027,東京都,中野区野方六丁目８番７号　岸ビル１階,,野方駅前たかね内科クリニック,CODE,G000162,代表,野方駅前たかね内科クリニック 中野区 公式サイト
343452650190,糖尿病・腎・高血圧の内科クリニック,1314323853,187-0043,東京都,小平市学園東町１－４－６　一橋学園駅前ビル３階,,糖尿病腎高血圧の内科クリニック,CODE,G000163,代表,糖尿病・腎・高血圧の内科クリニック 小平市 公式サイト
343399015106,医療法人社団仁恵会　黒河内整形外科プラウドタワー相模大野クロスクリニック,1412612448,252-0303,神奈川県,相模原市南区相模大野４－４－３　プラウドタワー相模大野クロス２０１,,仁恵会黒河内整形外科プラウドタワ相模大野クロスクリニック,CODE,G000164,代表,医療法人社団仁恵会 黒河内整形外科プラウドタワー相模大野クロスクリニック 相模原市南区 公式サイト
343392399035,おおるり脳外科クリニック,1510128406,950-2004,新潟県,新潟市西区平島三丁目７番地１,,おおるり脳外科クリニック,CODE,G000165,代表,おおるり脳外科クリニック 新潟市西区 公式サイト
343390618331,前田整形外科医院,1415411079,214-0038,神奈川県,川崎市多摩区生田５－１７－１,,前田整形外科医院,CODE,G000166,代表,前田整形外科医院 川崎市多摩区 公式サイト
343316492022,八事ねむりとこころのクリニック,2310704057,466-0834,愛知県,名古屋市昭和区広路町北石坂１０２－５４ 八事グランドビル４階,,八事ねむりとこころのクリニック,CODE,G000167,代表,八事ねむりとこころのクリニック 名古屋市昭和区 公式サイト
343316492021,都立大学駅前こころのクリニック,1311033042,152-0023,東京都,目黒区八雲１－４－１４　セキグチビル１階,,都立大学駅前こころのクリニック,CODE,G000168,代表,都立大学駅前こころのクリニック 目黒区 公式サイト
343466040046,ホクレアファミリークリニック,1313025806,190-0004,東京都,立川市柏町３－２－４　ホワイトヴィレッジ２０５,,ホクレアファミリクリニック,CODE,G000169,代表,ホクレアファミリークリニック 立川市 公式サイト
343452797682,ふじい眼科,2310403486,452-0822,愛知県,名古屋市西区中小田井３－１７ ツルハドラッグ中小田井店２階,,ふじい眼科,CODE,G000170,代表,ふじい眼科 名古屋市西区 公式サイト
343452797681,あたまとリハビリのクリニック　新小岩脳神経外科,1312335214,132-0021,東京都,江戸川区中央四丁目４番６号,,あたまとリハビリのクリニック新小岩脳神経外科,CODE,G000171,代表,あたまとリハビリのクリニック 新小岩脳神経外科 江戸川区 公式サイト
343452767958,医療法人社団翔和仁誠会　鼻のサージクリニック新宿,1315726591,160-0022,東京都,新宿区新宿三丁目２４番１号　ＮＥＷＮＯ・ＧＳ新宿９階９０３,,翔和仁誠会鼻のサジクリニック新宿,CODE,G000172,代表,医療法人社団翔和仁誠会 鼻のサージクリニック新宿 新宿区 公式サイト
343452767957,駒込うえだ内科・内視鏡クリニック,1310531434,113-0021,東京都,文京区本駒込６丁目２５－５　ＨＯＮＫＯＭＡＧＯＭＥ　ＮＩＳＨＩＧＡＩ　ＢＵＩＬＤＩＮＧ　７階,,駒込うえだ内科内視鏡クリニック,CODE,G000173,代表,駒込うえだ内科・内視鏡クリニック 文京区 公式サイト
343452699377,成田クリニック,1313229804,194-0011,東京都,町田市成瀬が丘二丁目２３番地１６　ナルセガオカマンション１階,,成田クリニック,CODE,G000174,代表,成田クリニック 町田市 公式サイト
343452699376,そめのまち診療所,1311733351,114-0024,東京都,北区西ケ原２丁目４１－１７,,そめのまち診療所,CODE,G000175,代表,そめのまち診療所 北区 公式サイト
343452699375,西葛西こうづき眼科・白内障手術クリニック,1312335230,134-0088,東京都,江戸川区西葛西六丁目１６番７号　西葛西駅前ビル１階,,西葛西こうづき眼科白内障手術クリニック,CODE,G000176,代表,西葛西こうづき眼科・白内障手術クリニック 江戸川区 公式サイト
343452650189,あしたの診療所 からだの痛みと美容のクリニック,2312505023,486-0841,愛知県,春日井市南下原町３－１２－６,,あしたの診療所からだの痛みと美容のクリニック,CODE,G000177,代表,あしたの診療所 からだの痛みと美容のクリニック 春日井市 公式サイト
343452650188,初台つむぎメンタルクリニック,1316022396,151-0071,東京都,渋谷区本町二丁目１番９号　フィル・パーク新宿ＷＥＳＴ　２階Ｃ区画,,初台つむぎメンタルクリニック,CODE,G000178,代表,初台つむぎメンタルクリニック 渋谷区 公式サイト
343408585458,医療法人社団賢仁会　あだち在宅クリニック,1312136034,123-0864,東京都,足立区鹿浜６丁目３０－５　榎本ビル２階,,賢仁会あだち在宅クリニック,CODE,G000179,代表,医療法人社団賢仁会 あだち在宅クリニック 足立区 公式サイト
343408585457,沼袋耳鼻咽喉科,1311434406,165-0025,東京都,中野区沼袋三丁目２７番１２号　並木ビル２０１,,沼袋耳鼻咽喉科,CODE,G000180,代表,沼袋耳鼻咽喉科 中野区 公式サイト
343408585456,Ｎクリニック東京ベイ舞浜,1211912930,279-0031,千葉県,浦安市舞浜１－７　グランドニッコー東京ベイ舞浜２階,,nクリニック東京ベイ舞浜,CODE,G000181,代表,Nクリニック東京ベイ舞浜 浦安市 公式サイト
343399015107,日吉ファミリークリニック内科・糖尿病内科,1419122460,223-0061,神奈川県,横浜市港北区日吉五丁目１５番４５号　日吉５丁目メディカルプレイス２階,,日吉ファミリクリニック内科糖尿病内科,CODE,G000182,代表,日吉ファミリークリニック内科・糖尿病内科 横浜市港北区 公式サイト
343392399034,ちょうふ在宅クリニック八幡山,1315533856,156-0056,東京都,世田谷区八幡山１－２２－４,,ちょうふ在宅クリニック八幡山,CODE,G000183,代表,ちょうふ在宅クリニック八幡山 世田谷区 公式サイト
343390618330,おなかのクリニック　紬,1212117273,277-0831,千葉県,柏市根戸１８５４－７　北柏２４街区１,,おなかのクリニック紬,CODE,G000184,代表,おなかのクリニック 紬 柏市根戸1854-7 北柏24街区 公式サイト
343390618329,八幡山レディースクリニック,1315921523,168-0074,東京都,杉並区上高井戸１丁目８番２号　ＴＯＹＡビル５　２階,,八幡山レディスクリニック,CODE,G000185,代表,八幡山レディースクリニック 杉並区 公式サイト
343390618328,江戸川ひがし内科・呼吸器内科　篠崎駅前院,1312335263,133-0061,東京都,江戸川区篠崎町７－２５－８　１階１号,,江戸川ひがし内科呼吸器内科篠崎駅前院,CODE,G000186,代表,江戸川ひがし内科・呼吸器内科 篠崎駅前院 江戸川区 公式サイト
343390618327,北鎌倉みづきアイクリニック,1412111078,247-0056,神奈川県,鎌倉市大船４丁目１７番１８号　田中ビル,,北鎌倉みづきアイクリニック,CODE,G000187,代表,北鎌倉みづきアイクリニック 鎌倉市 公式サイト
343452797680,センター北しみずアイクリニック,1413811023,224-0003,神奈川県,横浜市都筑区中川中央一丁目２９番２　グランドメゾンセンター北２０２号室,,センタ北しみずアイクリニック,CODE,G000188,代表,センター北しみずアイクリニック 横浜市都筑区 公式サイト
343452739286,医療法人社団隆樹会　いつきクリニック足立,1312135879,120-0034,東京都,足立区千住二丁目２６番地２・５階,,隆樹会いつきクリニック足立,CODE,G000189,代表,医療法人社団隆樹会 いつきクリニック足立 足立区 公式サイト
343442010815,そうわ湘南台クリニック,1412212785,252-0804,神奈川県,藤沢市湘南台四丁目１番地２３　Ｓｔｅｌｌａ　Ａｎｇｅ　１階,,そうわ湘南台クリニック,CODE,G000190,代表,そうわ湘南台クリニック 藤沢市 公式サイト
343408585455,社会福祉法人賛育会　さんいくさんさんクリニック,1310730051,130-0012,東京都,墨田区太平三丁目１６番７号,,賛育会さんいくさんさんクリニック,CODE,G000191,代表,社会福祉法人賛育会 さんいくさんさんクリニック 墨田区 公式サイト
343399015105,名古屋上前津ＡＲＴクリニック,2310608704,460-0013,愛知県,名古屋市中区上前津２－１－２ ＷＥＳＴＩＮ上前津１階,,名古屋上前津artクリニック,CODE,G000192,代表,名古屋上前津ARTクリニック 名古屋市中区 公式サイト
343316492019,中野キッズこころクリニック,1311434414,164-0001,東京都,中野区中野３－３７－９　ウエストインビル５階,,中野キッズこころクリニック,CODE,G000193,代表,中野キッズこころクリニック 中野区 公式サイト
343466072770,茅ヶ崎いのくち眼科,1412410876,253-0044,神奈川県,茅ヶ崎市新栄町１１番８号　ＢＬｉＸ茅ヶ崎５階,,茅ヶ崎いのくち眼科,CODE,G000194,代表,茅ヶ崎いのくち眼科 茅ヶ崎市 公式サイト
343466040045,高輪ゲートウェイ駅前整形外科クリニック,1315826938,108-0074,東京都,港区高輪二丁目２２番１号　ＴＨＥ　ＬＩＮＫＰＩＬＬＡＲ２　５階,,高輪ゲトウェイ駅前整形外科クリニック,CODE,G000195,代表,高輪ゲートウェイ駅前整形外科クリニック 港区 公式サイト
343452767956,愛新覚羅クリニック,1316220552,103-0027,東京都,中央区日本橋三丁目１１番２号　Ｈｉ－ｇｓ日本橋３階,,愛新覚羅クリニック,CODE,G000196,代表,愛新覚羅クリニック 中央区 公式サイト
343452739285,中野富士見町耳鼻咽喉科,1311434331,164-0013,東京都,中野区弥生町五丁目２７番４号　クレストコート中野富士見町２階,,中野富士見町耳鼻咽喉科,CODE,G000197,代表,中野富士見町耳鼻咽喉科 中野区 公式サイト
343452699374,医療法人社団大樹会　新東京クリニック　東京駅前院,1316220586,103-0028,東京都,中央区八重洲一丁目６番１７号　大久保ビル８階,,大樹会新東京クリニック東京駅前院,CODE,G000198,代表,医療法人社団大樹会 新東京クリニック 東京駅前院 中央区 公式サイト
343452650187,おおふなアイクリニック,1412111086,247-0056,神奈川県,鎌倉市大船一丁目４番１号　ルミネウイング４階,,おおふなアイクリニック,CODE,G000199,代表,おおふなアイクリニック 鎌倉市 公式サイト
343408585454,大井町ペインクリニック,1310937979,140-0005,東京都,品川区広町二丁目１番１７号　４階０４０６０１,,大井町ペインクリニック,CODE,G000200,代表,大井町ペインクリニック 品川区 公式サイト
343392398073,阿佐ヶ谷メンタルクリニック,1315921572,166-0001,東京都,杉並区阿佐谷北２丁目１４番４号　阿佐谷北口ビル３階３０１号室,,阿佐ヶ谷メンタルクリニック,CODE,G000201,代表,阿佐ヶ谷メンタルクリニック 杉並区 公式サイト
343316492020,外苑前アイクリニック,1315827050,107-0062,東京都,港区南青山二丁目２６番３４号　セイザンⅡ　５階,,外苑前アイクリニック,CODE,G000202,代表,外苑前アイクリニック 港区 公式サイト
343466072769,ひだまりこどもクリニック,1412011054,254-0018,神奈川県,平塚市東真土４－７－２０,,ひだまりこどもクリニック,CODE,G000203,代表,ひだまりこどもクリニック 平塚市 公式サイト
343466040044,たかはし耳鼻咽喉科,1212312460,270-0132,千葉県,流山市駒木５０５－４０,,たかはし耳鼻咽喉科,CODE,G000204,代表,たかはし耳鼻咽喉科 流山市 公式サイト
343452699373,南林間りく整形外科,1413011020,242-0006,神奈川県,大和市南林間２丁目１１－１７　３Ｆ・４Ｆ,,南林間りく整形外科,CODE,G000205,代表,南林間りく整形外科 大和市 公式サイト
343253909188,ブランクリニック名古屋栄院,2310608720,460-0008,愛知県,名古屋市中区栄３－１５－３７ エフジー栄ビル５階,,ブランクリニック名古屋栄院,CODE,G000206,代表,ブランクリニック名古屋栄院 名古屋市中区 公式サイト
343244911317,セタクリニック黒川,2310304213,462-0043,愛知県,名古屋市北区八代町２－７４ フェリクス黒川１階,,セタクリニック黒川,CODE,G000207,代表,セタクリニック黒川 名古屋市北区 公式サイト
343465937602,中央林間内科・呼吸器クリニック,1413011004,242-0007,神奈川県,大和市中央林間三丁目１１番１３号　水島第２ビル２階,,中央林間内科呼吸器クリニック,CODE,G000208,代表,中央林間内科・呼吸器クリニック 大和市 公式サイト
343452797679,関町訪問診療所,1312038834,177-0053,東京都,練馬区関町南４丁目２１番２１号　６階,,関町訪問診療所,CODE,G000209,代表,関町訪問診療所 練馬区 公式サイト
343452650186,医療法人知真会 めいとう真心クリニック,2311503599,465-0094,愛知県,名古屋市名東区亀の井２－１２,,知真会めいとう真心クリニック,CODE,G000210,代表,医療法人知真会 めいとう真心クリニック 名古屋市名東区 公式サイト
343452650185,大船たかい胃・大腸内視鏡クリニック,1412111110,247-0056,神奈川県,鎌倉市大船１－２２－２６　大船ミクリエ３階⑤号室,,大船たかい胃大腸内視鏡クリニック,CODE,G000211,代表,大船たかい胃・大腸内視鏡クリニック 鎌倉市 公式サイト
343449129683,田無駅前呼吸器内科・内科クリニック,1315422167,188-0011,東京都,西東京市田無町２－１２－３０　田無メディカルブリッジ２階,,田無駅前呼吸器内科内科クリニック,CODE,G000212,代表,田無駅前呼吸器内科・内科クリニック 西東京市 公式サイト
343399015104,バオバブウィメンズクリニック飯田橋神楽坂,1315726641,162-0825,東京都,新宿区神楽坂３丁目２　神楽坂Ｋビル２階,,バオバブウィメンズクリニック飯田橋神楽坂,CODE,G000213,代表,バオバブウィメンズクリニック飯田橋神楽坂 新宿区 公式サイト
343395880694,あいち訪問クリニック,2310506684,453-0832,愛知県,名古屋市中村区乾出町１－１４ トロント中村公園１階,,あいち訪問クリニック,CODE,G000214,代表,あいち訪問クリニック 名古屋市中村区 公式サイト
343392398072,大田屋ライフクリニック,1911211389,403-0032,山梨県,富士吉田市上吉田東７丁目２番７号,,大田屋ライフクリニック,CODE,G000215,代表,大田屋ライフクリニック 富士吉田市 公式サイト
343253909187,みやじま在宅クリニック,1313229820,194-0022,東京都,町田市森野六丁目８３番地１　かさ山ハイツ１０２号室,,みやじま在宅クリニック,CODE,G000216,代表,みやじま在宅クリニック 町田市 公式サイト
343244911316,かい脳神経外科・救急クリニック,1415510813,216-0011,神奈川県,川崎市宮前区犬蔵２－９－３５,,かい脳神経外科救急クリニック,CODE,G000217,代表,かい脳神経外科・救急クリニック 川崎市宮前区 公式サイト
343452739284,和田秀樹こころと体のクリニック,1310531392,113-0033,東京都,文京区本郷三丁目２１番１２号,,和田秀樹こころと体のクリニック,CODE,G000218,代表,和田秀樹こころと体のクリニック 文京区 公式サイト
343316492018,我孫子ホームケアクリニック,1212511756,270-1167,千葉県,我孫子市台田４－１－７,,我孫子ホムケアクリニック,CODE,G000219,代表,我孫子ホームケアクリニック 我孫子市 公式サイト
343399015103,ｗｉｔｈこどもクリニック武蔵小杉,1415211693,211-0065,神奈川県,川崎市中原区今井仲町４番１号,,withこどもクリニック武蔵小杉,CODE,G000220,代表,withこどもクリニック武蔵小杉 川崎市中原区 公式サイト
343316492017,市原アルバ泌尿器科クリニック,1210613398,290-0075,千葉県,市原市南国分寺台４－１－１,,市原アルバ泌尿器科クリニック,CODE,G000221,代表,市原アルバ泌尿器科クリニック 市原市 公式サイト
343253909186,形成外科 皮フ科 美容皮フ科 東白壁クリニック,2310203357,461-0027,愛知県,名古屋市東区芳野１－１－１５,,形成外科皮フ科美容皮フ科東白壁クリニック,CODE,G000222,代表,形成外科 皮フ科 美容皮フ科 東白壁クリニック 名古屋市東区 公式サイト
343244911315,ホームタウンクリニック国分寺,1313123544,185-0021,東京都,国分寺市南町三丁目２２番３１号　国分寺南町ビル３階,,ホムタウンクリニック国分寺,CODE,G000223,代表,ホームタウンクリニック国分寺 国分寺市 公式サイト
343244911314,小牧おくむら内科外科・日帰り手術クリニック,2313801983,485-0033,愛知県,小牧市郷中１－２１７,,小牧おくむら内科外科日帰り手術クリニック,CODE,G000224,代表,小牧おくむら内科外科・日帰り手術クリニック 小牧市 公式サイト
343466003136,立川駅前おおかみこころのクリニック　心療内科・精神科・美容皮膚科,1313025772,190-0023,東京都,立川市柴崎町３－５－２　遠藤ビル５階,,立川駅前おおかみこころのクリニック心療内科精神科美容皮膚科,CODE,G000225,代表,立川駅前おおかみこころのクリニック 心療内科・精神科・美容皮膚科 立川市 公式サイト
343442010814,みんなのおうちクリニック綾瀬,1414410197,252-1108,神奈川県,綾瀬市深谷上二丁目４番１１,,みんなのおうちクリニック綾瀬,CODE,G000226,代表,みんなのおうちクリニック綾瀬 綾瀬市 公式サイト
343466040043,足立シンバこどもクリニック,1312135978,120-0005,東京都,足立区綾瀬１－３３－２１　２階,,足立シンバこどもクリニック,CODE,G000227,代表,足立シンバこどもクリニック 足立区 公式サイト
343465937601,こどもの近視クリニック眼科・小児科,1312233872,124-0024,東京都,葛飾区新小岩２－３９－４－５０５,,こどもの近視クリニック眼科小児科,CODE,G000228,代表,こどもの近視クリニック眼科・小児科 葛飾区 公式サイト
343465937600,西新井みずの皮膚科クリニック,1312135986,123-0842,東京都,足立区栗原１丁目２０－１２　メディカルプラザ西新井２階,,西新井みずの皮膚科クリニック,CODE,G000229,代表,西新井みずの皮膚科クリニック 足立区 公式サイト
343452835555,東京血管クリニック葛西,1312335222,134-0083,東京都,江戸川区中葛西５－４１－１０　ＢＰＲプレイス葛西　３階,,東京血管クリニック葛西,CODE,G000230,代表,東京血管クリニック葛西 江戸川区 公式サイト
343452767955,駒沢駅前ファミリークリニック,1315533757,154-0012,東京都,世田谷区駒沢二丁目６番１号　ｄ＿ｌｌ　ｋｏｍａｚａｗａ２階,,駒沢駅前ファミリクリニック,CODE,G000231,代表,駒沢駅前ファミリークリニック 世田谷区 公式サイト
343452699372,総合診療・内視鏡 タナカ内科,2311503565,465-0068,愛知県,名古屋市名東区牧の里１－１５０１－２,,総合診療内視鏡タナカ内科,CODE,G000232,代表,総合診療・内視鏡 タナカ内科 名古屋市名東区 公式サイト
343449129682,医療法人社団幸訪会　江戸川中央整形外科クリニック,1312335313,132-0021,東京都,江戸川区中央四丁目２番１３号　ランドスケイプアーバンストリート１１５号,,幸訪会江戸川中央整形外科クリニック,CODE,G000233,代表,医療法人社団幸訪会 江戸川中央整形外科クリニック 江戸川区 公式サイト
343395880693,翔整形外科クリニック　八王子駅前院,1312931186,192-0083,東京都,八王子市旭町９番１号　八王子スクエアビル地下１階,,翔整形外科クリニック八王子駅前院,CODE,G000234,代表,翔整形外科クリニック 八王子駅前院 八王子市 公式サイト
343392398071,あさい在宅診療所,1212417756,270-2223,千葉県,松戸市秋山２－１３－６　ジェンティーレⅣ　１階１０３号室,,あさい在宅診療所,CODE,G000235,代表,あさい在宅診療所 松戸市 公式サイト
343452650184,柏中央クリニック,1212117323,277-0023,千葉県,柏市中央２－２－１８,,柏中央クリニック,CODE,G000236,代表,柏中央クリニック 柏市 公式サイト
343449129681,みずの循環器内科クリニック,1412111102,248-0006,神奈川県,鎌倉市小町１－４－３１　ＡＬＶＡＲＩＳ鎌倉ビル４階,,みずの循環器内科クリニック,CODE,G000237,代表,みずの循環器内科クリニック 鎌倉市 公式サイト
343406756600,練馬・武蔵野こどもクリニック,1312038826,177-0054,東京都,練馬区立野町１４番１２号,,練馬武蔵野こどもクリニック,CODE,G000238,代表,練馬・武蔵野こどもクリニック 練馬区 公式サイト
343390618326,医療法人社団東京白報会　総合クリニックドクターランド赤羽,1311733260,115-0043,東京都,北区神谷三丁目１５番３７号　ロイヤルパークス赤羽アネックス,,東京白報会総合クリニックドクタランド赤羽,CODE,G000239,代表,医療法人社団東京白報会 総合クリニックドクターランド赤羽 北区 公式サイト
343253909185,イーズクリニック荻窪,1315921515,167-0032,東京都,杉並区天沼３丁目６番３４号　第一曽根ビル１階,,イズクリニック荻窪,CODE,G000240,代表,イーズクリニック荻窪 杉並区 公式サイト
343452797678,西船橋南口駅前　いわせ内科・内視鏡クリニック,1212819761,273-0025,千葉県,船橋市印内町５６８－２,,西船橋南口駅前いわせ内科内視鏡クリニック,CODE,G000241,代表,西船橋南口駅前 いわせ内科・内視鏡クリニック 船橋市 公式サイト
343449129679,上野毛しみず腎・泌尿器科クリニック,1315533666,158-0093,東京都,世田谷区上野毛一丁目２２番２号　ウェルスクエアプラザ上野毛３階,,上野毛しみず腎泌尿器科クリニック,CODE,G000242,代表,上野毛しみず腎・泌尿器科クリニック 世田谷区 公式サイト
343442010813,いまき内科・循環器クリニック,1413011012,242-0006,神奈川県,大和市南林間２－１１－１７　ＩＭＡＫＩ　ＭＥＤＩＣＡＬ　ＢＵＩＬＤＩＮＧ　２階,,いまき内科循環器クリニック,CODE,G000243,代表,いまき内科・循環器クリニック 大和市 公式サイト
343442010812,なごみ　こころのクリニック,1311434364,164-0003,東京都,中野区東中野３－１１－６－２０１号　誠屋ビル,,なごみこころのクリニック,CODE,G000244,代表,なごみ こころのクリニック 中野区 公式サイト
343406756599,社会医療法人財団仁医会　ミラベル健診プラザ大井町,1310938076,140-0005,東京都,品川区広町二丁目１番２１号　ＯＩＭＡＣＨＩ　ＴＲＡＣＫＳ　ＢＵＳＩＮＥＳＳ　ＴＯＷＥＲ　５階,,社会仁医会ミラベル健診プラザ大井町,CODE,G000245,代表,社会医療法人財団仁医会 ミラベル健診プラザ大井町 品川区 公式サイト
343399015102,ありすがわクリニック,1315827605,106-0047,東京都,港区南麻布五丁目１６番１３号,,ありすがわクリニック,CODE,G000246,代表,ありすがわクリニック 港区 公式サイト
343395880692,江東すみよしクリニック,1310833947,135-0002,東京都,江東区住吉２丁目３番１８号　井尾ビル１階,,江東すみよしクリニック,CODE,G000247,代表,江東すみよしクリニック 江東区 公式サイト
343244911313,上石神井腎・泌尿器科クリニック,1312038792,177-0044,東京都,練馬区上石神井２丁目２３番２３号,,上石神井腎泌尿器科クリニック,CODE,G000248,代表,上石神井腎・泌尿器科クリニック 練馬区 公式サイト
343408585453,広尾オレンジクリニック,1316022503,150-0012,東京都,渋谷区広尾５丁目３－１３　バルビゾン８６　４階,,広尾オレンジクリニック,CODE,G000249,代表,広尾オレンジクリニック 渋谷区 公式サイト
343466040042,聖蹟トータルクリニック,1315023213,206-0003,東京都,多摩市東寺方１丁目２番地２　トータルビル１階,,聖蹟トタルクリニック,CODE,G000250,代表,聖蹟トータルクリニック 多摩市 公式サイト
343466040041,まゆ　こころのクリニック,1316022214,151-0066,東京都,渋谷区西原１－３５－１　幡ヶ谷医療ビル３階,,まゆこころのクリニック,CODE,G000251,代表,まゆ こころのクリニック 渋谷区 公式サイト
343452739283,下赤塚駅前いがらし眼科,1311935030,175-0093,東京都,板橋区赤塚新町１丁目２２－２,,下赤塚駅前いがらし眼科,CODE,G000252,代表,下赤塚駅前いがらし眼科 板橋区 公式サイト
343452699371,医療法人社団仁桜会　井荻駅前耳鼻咽喉科,1315921507,167-0022,東京都,杉並区下井草四丁目３４番１２号　サウザンド井荻１階,,仁桜会井荻駅前耳鼻咽喉科,CODE,G000253,代表,医療法人社団仁桜会 井荻駅前耳鼻咽喉科 杉並区 公式サイト
343392398070,しょうふうメンタルクリニック,1315533989,154-0023,東京都,世田谷区若林２－７－１３　地下１階,,しょうふうメンタルクリニック,CODE,G000254,代表,しょうふうメンタルクリニック 世田谷区 公式サイト
343452797677,いちかわ内科クリニック,1210212407,275-0021,千葉県,習志野市袖ケ浦３丁目　第５－３号棟第７号室,,いちかわ内科クリニック,CODE,G000255,代表,いちかわ内科クリニック 習志野市 公式サイト
343399015101,渋谷　Ｍｅｎｔａｌ＆Ｂｅａｕｔｙ　Ｃｌｉｎｉｃ,1316022271,150-0042,東京都,渋谷区宇田川町２８－７　ＡＮＮＥＸ・渋谷三善第３ビル　５階,,渋谷mental&beautyclinic,CODE,G000256,代表,渋谷 Mental&Beauty Clinic 渋谷区 公式サイト
343390618325,北烏山ふたばクリニック,1315533849,157-0061,東京都,世田谷区北烏山七丁目１２番２８号　１階,,北烏山ふたばクリニック,CODE,G000257,代表,北烏山ふたばクリニック 世田谷区 公式サイト
343316492016,キッズクリニック新松戸,1212417723,270-0034,千葉県,松戸市新松戸４－５４　Ｍ－ｓｉｔｅビル　３階　Ｃ区画,,キッズクリニック新松戸,CODE,G000258,代表,キッズクリニック新松戸 松戸市新松戸4-54 M-siteビル 3階 C区 公式サイト
343452767954,印西千葉ニュータウン頭痛・脳神経内科クリニック,1214611125,270-1350,千葉県,印西市中央北１－１　ＡＰＯＬＬＯ　ＰＬＡＮＴ　ＭＡＬＬ　１階,,印西千葉ニュタウン頭痛脳神経内科クリニック,CODE,G000259,代表,印西千葉ニュータウン頭痛・脳神経内科クリニック 印西市 公式サイト
343452739282,王子皮膚科美容皮膚科,1311733278,114-0002,東京都,北区王子一丁目８番８号　ステラ　テラス２階,,王子皮膚科美容皮膚科,CODE,G000260,代表,王子皮膚科美容皮膚科 北区 公式サイト
343452650183,新宿四ツ谷駅睡眠障害・睡眠時無呼吸はるスリープクリニック,1315726476,160-0004,東京都,新宿区四谷１－１８－１２　坂本屋ビル１階,,新宿四ツ谷駅睡眠障害睡眠時無呼吸はるスリプクリニック,CODE,G000261,代表,新宿四ツ谷駅睡眠障害・睡眠時無呼吸はるスリープクリニック 新宿区 公式サイト
343408585452,シダーメディカルクリニック東京,1311033091,153-0062,東京都,目黒区三田２－１－９　ＭＴビル２階,,シダメディカルクリニック東京,CODE,G000262,代表,シダーメディカルクリニック東京 目黒区 公式サイト
343452797676,ＰＨＣおぎくぼ在宅診療所,1315921531,167-0033,東京都,杉並区清水１丁目１５番４号　ＦＡＭ　ｏｇｉｋｕｂｏ１階,,phcおぎくぼ在宅診療所,CODE,G000263,代表,PHCおぎくぼ在宅診療所 杉並区 公式サイト
343452739281,八王子心療内科・精神科いつでもこころのメンタルクリニック,1312931210,192-0083,東京都,八王子市旭町１１－８　アクセスビル２階　Ａ号室,,八王子心療内科精神科いつでもこころのメンタルクリニック,CODE,G000264,代表,八王子心療内科・精神科いつでもこころのメンタルクリニック 八王子市 公式サイト
343466003134,大泉学園こころのクリニック,1312038735,178-0063,東京都,練馬区東大泉１－３７－１３　和田第２ビル２階,,大泉学園こころのクリニック,CODE,G000265,代表,大泉学園こころのクリニック 練馬区 公式サイト
343449129680,神奈川そけいヘルニア日帰り手術クリニック川崎武蔵小杉,1415211636,211-0005,神奈川県,川崎市中原区新丸子町７３５番地２　スタイリオ新丸子駅前,,神奈川そけいヘルニア日帰り手術クリニック川崎武蔵小杉,CODE,G000266,代表,神奈川そけいヘルニア日帰り手術クリニック川崎武蔵小杉 川崎市中原区 公式サイト
343449129678,トウカイメディカルクリニック高野台,1312038818,177-0033,東京都,練馬区高野台１－３－７　ＮＦプラザⅡ３階,,トウカイメディカルクリニック高野台,CODE,G000267,代表,トウカイメディカルクリニック高野台 練馬区 公式サイト
343406756598,戸塚駅前おおはら内科皮膚科小児科クリニック,1411011345,244-0003,神奈川県,横浜市戸塚区戸塚町６００３番地５ＺＡ　ＹＡＭＡＧＵＣＨＩ　１階Ａ－１号室,,戸塚駅前おおはら内科皮膚科小児科クリニック,CODE,G000268,代表,戸塚駅前おおはら内科皮膚科小児科クリニック 横浜市戸塚区 公式サイト
343466072768,医療法人社団東京桜十字　六本木ヒルズ桜十字クリニック,1315827167,106-6106,東京都,港区六本木六丁目１０番１号　六本木ヒルズ森タワー６階,,東京桜十字六本木ヒルズ桜十字クリニック,CODE,G000269,代表,医療法人社団東京桜十字 六本木ヒルズ桜十字クリニック 港区 公式サイト
343465937599,中野坂上こもれびメンタルクリニック,1311434471,164-0011,東京都,中野区中央２－８－２２　ケーズクリニックビル５階,,中野坂上こもれびメンタルクリニック,CODE,G000270,代表,中野坂上こもれびメンタルクリニック 中野区 公式サイト
343442010811,医療法人社団　二葉会　東新宿駅前クリニック,1315722319,160-0022,東京都,新宿区新宿七丁目２７番１２号　コンフォリア東新宿ステーションフロント２階,,二葉会東新宿駅前クリニック,CODE,G000271,代表,医療法人社団 二葉会 東新宿駅前クリニック 新宿区 公式サイト
343228602084,甲州ささき眼科,1912210349,404-0045,山梨県,甲州市塩山上塩後２８５―１,,甲州ささき眼科,CODE,G000272,代表,甲州ささき眼科 甲州市 公式サイト
343466072767,駒込うめこうじ整形外科・小児科,1310531418,113-0021,東京都,文京区本駒込六丁目２５－５　Ｈｏｎｋｏｍａｇｏｍｅ　Ｎｉｓｈｉｇａｉ　Ｂｕｉｌｄｉｎｇ　２階・３階,,駒込うめこうじ整形外科小児科,CODE,G000273,代表,駒込うめこうじ整形外科・小児科 文京区 公式サイト
343466003133,二子玉川ブルーム皮フ科,1315533831,158-0094,東京都,世田谷区玉川３－１２－２　Ｔ＆Ｍ１階,,二子玉川ブルム皮フ科,CODE,G000274,代表,二子玉川ブルーム皮フ科 世田谷区 公式サイト
343449129677,東京ＴＣＭクリニック乳腺外科＆腫瘍内科,1312038719,179-0075,東京都,練馬区高松５－１１－２６　光が丘ＭＫビル１階,,東京tcmクリニック乳腺外科&腫瘍内科,CODE,G000275,代表,東京TCMクリニック乳腺外科&腫瘍内科 練馬区 公式サイト
343442010810,日暮里つむぎ女性クリニック,1311827443,116-0013,東京都,荒川区西日暮里２丁目１８番１号　増尾ビル４階,,日暮里つむぎ女性クリニック,CODE,G000276,代表,日暮里つむぎ女性クリニック 荒川区 公式サイト
343253909184,下総中山駅前おおた内科クリニック,1212819670,273-0035,千葉県,船橋市本中山２－１７－３５　中山メディカルブリッジ４階・５階,,下総中山駅前おおた内科クリニック,CODE,G000277,代表,下総中山駅前おおた内科クリニック 船橋市 公式サイト
343253909183,たなか耳鼻咽喉科,1110901611,346-0016,埼玉県,久喜市久喜東１－１６－３２,,たなか耳鼻咽喉科,CODE,G000278,代表,たなか耳鼻咽喉科 久喜市 公式サイト
343244911312,東京ヒップジョイントクリニック,1311639152,170-0004,東京都,豊島区北大塚２丁目１６番８号　バロックコート大塚２０１号,,東京ヒップジョイントクリニック,CODE,G000279,代表,東京ヒップジョイントクリニック 豊島区 公式サイト
343466072766,越谷レイクタウン北口　門屋内科・呼吸器クリニック,1110810523,343-0828,埼玉県,越谷市レイクタウン８－５－４さがみＬＴレジデンス２Ｆ,,越谷レイクタウン北口門屋内科呼吸器クリニック,CODE,G000280,代表,越谷レイクタウン北口 門屋内科・呼吸器クリニック 越谷市 公式サイト
343465937598,おがた在宅クリニック,1210613406,290-0004,千葉県,市原市辰巳台西３－１３－１　フェリス辰巳台１階Ｃ号室,,おがた在宅クリニック,CODE,G000281,代表,おがた在宅クリニック 市原市 公式サイト
343442009849,すみだ胃大腸肛門内視鏡クリニック,1310730085,131-0032,東京都,墨田区東向島三丁目３９－１０　ダイアパレス向島百花園Ⅱ　１階,,すみだ胃大腸肛門内視鏡クリニック,CODE,G000282,代表,すみだ胃大腸肛門内視鏡クリニック 墨田区 公式サイト
343406756596,Ａｃｔｒｙ　勝どきウェルネスメディカルクリニック,1316220628,104-0054,東京都,中央区勝どき二丁目１４番２号　リーラ勝鬨ニューハウン１０２,,actry勝どきウェルネスメディカルクリニック,CODE,G000283,代表,Actry 勝どきウェルネスメディカルクリニック 中央区 公式サイト
343406756595,日本医科大学八重洲健診ステーション,1316220453,103-0028,東京都,中央区八重洲一丁目６番１号　ＴＯＦＲＯＭ　ＹＡＥＳＵ　ＴＯＷＥＲ　６階・７階,,日本医科大学八重洲健診ステション,CODE,G000284,代表,日本医科大学八重洲健診ステーション 中央区 公式サイト
343323314912,はる在宅クリニック,1112702520,350-1307,埼玉県,狭山市祇園１７番７号水村ビルＥ号室,,はる在宅クリニック,CODE,G000285,代表,はる在宅クリニック 狭山市 公式サイト
343465937597,平手こどもクリニック阿佐ヶ谷,1315921622,166-0001,東京都,杉並区阿佐谷北四丁目２４番６号　ウェルスクエアプラザ阿佐ヶ谷２階,,平手こどもクリニック阿佐ヶ谷,CODE,G000286,代表,平手こどもクリニック阿佐ヶ谷 杉並区 公式サイト
343452835553,ＳＢＣ整形外科クリニック横浜駅前院,1413110010,220-0004,神奈川県,横浜市西区北幸一丁目４番１号　横浜天理ビル１１階,,sbc整形外科クリニック横浜駅前院,CODE,G000287,代表,SBC整形外科クリニック横浜駅前院 横浜市西区 公式サイト
343395880691,東大前内科小児科クリニック,1310531335,113-0023,東京都,文京区向丘２－８－５　エクラ東大前１階、２階,,東大前内科小児科クリニック,CODE,G000288,代表,東大前内科小児科クリニック 文京区 公式サイト
343323314910,尻手駅前ふじもと眼科,1415110812,212-0016,神奈川県,川崎市幸区南幸町３丁目１２３番地４号　ＣＨＩビル１０２,,尻手駅前ふじもと眼科,CODE,G000289,代表,尻手駅前ふじもと眼科 川崎市幸区 公式サイト
343265437375,たなか整形外科クリニック,1511311290,959-0129,新潟県,燕市地蔵堂本町３丁目１番２２号,,たなか整形外科クリニック,CODE,G000290,代表,たなか整形外科クリニック 燕市 公式サイト
343466003132,そしがやレディースクリニック,1315533773,157-0073,東京都,世田谷区砧６丁目３９－３　キヌタ　プレイス４階,,そしがやレディスクリニック,CODE,G000291,代表,そしがやレディースクリニック 世田谷区 公式サイト
343452835554,笹塚メンタルクリニック,1316022354,151-0073,東京都,渋谷区笹塚１－５８－８　京王不動産笹塚ビル６階,,笹塚メンタルクリニック,CODE,G000292,代表,笹塚メンタルクリニック 渋谷区 公式サイト
343442009848,西船橋メンタルクリニック,1212819753,273-0025,千葉県,船橋市印内町５６８－２　パティオメープル２階Ｄ号室,,西船橋メンタルクリニック,CODE,G000293,代表,西船橋メンタルクリニック 船橋市 公式サイト
343395880690,ビスタクリニック中野坂上,1311434489,164-0011,東京都,中野区中央２丁目８番２２号　ケーズクリニックビル２階,,ビスタクリニック中野坂上,CODE,G000294,代表,ビスタクリニック中野坂上 中野区 公式サイト
343323314909,うめさと眼科,1212011666,278-0020,千葉県,野田市梅郷９－４　梅郷メディカルプラザ２階,,うめさと眼科,CODE,G000295,代表,うめさと眼科 野田市 公式サイト
343253909181,あかつき心のクリニック,1315726633,162-0821,東京都,新宿区津久戸町３－１２　ツクド岡本ビル　３階・４階,,あかつき心のクリニック,CODE,G000296,代表,あかつき心のクリニック 新宿区 公式サイト
343244911310,ブランクリニック池袋院,1311639160,171-0021,東京都,豊島区西池袋一丁目３番６号　アウルコート８階及び９階,,ブランクリニック池袋院,CODE,G000297,代表,ブランクリニック池袋院 豊島区 公式サイト
343244911309,矢後形成外科,1310138321,102-0076,東京都,千代田区五番町５－１　第８田中ビル　６階,,矢後形成外科,CODE,G000298,代表,矢後形成外科 千代田区 公式サイト
343466072765,東京心療内科メンクリメンタルクリニック,1310938092,141-0031,東京都,品川区西五反田８丁目４－１５　グリンデル広小路１０階,,東京心療内科メンクリメンタルクリニック,CODE,G000299,代表,東京心療内科メンクリメンタルクリニック 品川区 公式サイト
343466072764,瀬戸整形外科　スポーツ・リハビリクリニック,1315624663,145-0064,東京都,大田区上池台二丁目４０番１５号　ＳＡＫＵＲＡ　Ｃ　ＴＥＲＲＡＣＥ　２階,,瀬戸整形外科スポツリハビリクリニック,CODE,G000300,代表,瀬戸整形外科 スポーツ・リハビリクリニック 大田区 公式サイト
343466003131,東新宿駅前こばやし消化器内科,1315726302,160-0022,東京都,新宿区新宿七丁目２７番６号　ＣＯＥＲＵ東新宿１０階,,東新宿駅前こばやし消化器内科,CODE,G000301,代表,東新宿駅前こばやし消化器内科 新宿区 公式サイト
343465965279,メディカルパーク辻堂,1412212884,251-0047,神奈川県,藤沢市辻堂一丁目３番１号　ＴＨＥＴＯＷＥＲ湘南辻堂２０１,,メディカルパク辻堂,CODE,G000302,代表,メディカルパーク辻堂 藤沢市 公式サイト
343465937596,ブランクリニック千葉院,1210126839,260-0015,千葉県,千葉市中央区富士見１－２－７　千葉みゆきビル　２階及び３階,,ブランクリニック千葉院,CODE,G000303,代表,ブランクリニック千葉院 千葉市中央区 公式サイト
343449129676,ゆうあいクリニック,1315921606,168-0082,東京都,杉並区久我山三丁目１７番３２号,,ゆうあいクリニック,CODE,G000304,代表,ゆうあいクリニック 杉並区 公式サイト
343442009847,船橋法典整形外科クリニック,1212819647,273-0047,千葉県,船橋市藤原２－１６－１６　Ｙ’ｓ　Ｍｅｄｉｃａｌ　Ｈｕｂ　１０２号,,船橋法典整形外科クリニック,CODE,G000305,代表,船橋法典整形外科クリニック 船橋市 公式サイト
343406756594,Ｔｓスキンクリニック,1312038768,176-0024,東京都,練馬区中村三丁目２３番１１号　ハイム中幸１階,,tsスキンクリニック,CODE,G000306,代表,Tsスキンクリニック 練馬区 公式サイト
343265437374,つるかわこどもクリニック,1313229762,195-0053,東京都,町田市能ヶ谷一丁目５番４号　ルーブル夏目　１０２号室,,つるかわこどもクリニック,CODE,G000307,代表,つるかわこどもクリニック 町田市 公式サイト
343253909180,日暮里眼科クリニック　新小岩院,1312233724,124-0024,東京都,葛飾区新小岩一丁目４４番６号　１Ｅ＆Ａ４階,,日暮里眼科クリニック新小岩院,CODE,G000308,代表,日暮里眼科クリニック 新小岩院 葛飾区 公式サイト
343244911311,青藍会ハートクリニック成城,1315533799,157-0066,東京都,世田谷区成城二丁目３４番１号　成城小泉ビルⅠ　２階２０２号室,,青藍会ハトクリニック成城,CODE,G000309,代表,青藍会ハートクリニック成城 世田谷区 公式サイト
343452835552,つむぎクリニック,1111001254,340-0811,埼玉県,八潮市二丁目１２０番３グランソフィア八潮ＥＡＳＴ１,,つむぎクリニック,CODE,G000310,代表,つむぎクリニック 八潮市 公式サイト
343395880689,そらとさくらクリニック大田区御嶽山駅前院　内科・糖尿病内科・リウマチ科,1315624671,145-0073,東京都,大田区北嶺町３１番１０号　ＯＮＴＡＫＥＳＡＮ　ＦＣ２階,,そらとさくらクリニック大田区御嶽山駅前院内科糖尿病内科リウマチ科,CODE,G000311,代表,そらとさくらクリニック大田区御嶽山駅前院 内科・糖尿病内科・リウマチ科 大田区 公式サイト
343198138050,リリークリニック新横浜,1419122530,222-0036,神奈川県,横浜市港北区小机町１５０５,,リリクリニック新横浜,CODE,G000312,代表,リリークリニック新横浜 横浜市港北区 公式サイト
343466003130,目黒ひざ＆形成外科クリニック,1310938035,141-0021,東京都,品川区上大崎二丁目１３番２６号　メイプルトップビル６階,,目黒ひざ&形成外科クリニック,CODE,G000313,代表,目黒ひざ&形成外科クリニック 品川区 公式サイト
343466002169,目黒サムズ形成外科皮フ科クリニック,1311033125,153-0063,東京都,目黒区目黒２－８－１０　Ｋ－ＴＲＥＥ目黒２階,,目黒サムズ形成外科皮フ科クリニック,CODE,G000314,代表,目黒サムズ形成外科皮フ科クリニック 目黒区 公式サイト
343323314908,沼口内科江古田駅北口糖尿病クリニック,1312038743,176-0004,東京都,練馬区小竹町１－３６－５　１階,,沼口内科江古田駅北口糖尿病クリニック,CODE,G000315,代表,沼口内科江古田駅北口糖尿病クリニック 練馬区 公式サイト
343465937595,牛込内科・糖尿病クリニック,1315726674,162-0063,東京都,新宿区市谷薬王寺町１４－１７　アルス市ヶ谷薬王寺１０１,,牛込内科糖尿病クリニック,CODE,G000316,代表,牛込内科・糖尿病クリニック 新宿区 公式サイト
343452835551,ノバクリニック,1316220560,104-0061,東京都,中央区銀座６丁目１３－６　商工聯合会ビル４階,,ノバクリニック,CODE,G000317,代表,ノバクリニック 中央区 公式サイト
343466072763,しまだ内科・循環器クリニック,1214212551,285-0850,千葉県,佐倉市西ユーカリが丘５－１１－２,,しまだ内科循環器クリニック,CODE,G000318,代表,しまだ内科・循環器クリニック 佐倉市 公式サイト
343449129675,医療法人社団Ｂｌｏｏｍｉｎｇ　ＴＡＫＡＮＡＷＡ　ＧＡＴＥＷＡＹ　Ｃｌｉｎｉｃｓ　桜の芽レディースクリニック,1315827183,108-0074,東京都,港区高輪二丁目２２番１号　ＴＨＥ　ＬＩＮＫＰＩＬＬＡＲ２　４階,,bloomingtakanawagatewayclinics桜の芽レディスクリニック,CODE,G000319,代表,医療法人社団Blooming TAKANAWA GATEWAY Clinics 桜の芽レディースクリニック 港区 公式サイト
343406756593,みはらウィメンズヘルスクリニック　上野根津院,1310632570,110-0008,東京都,台東区池之端２－７－１８　ル・ソレイユ３階,,みはらウィメンズヘルスクリニック上野根津院,CODE,G000320,代表,みはらウィメンズヘルスクリニック 上野根津院 台東区 公式サイト
343395880687,西新宿眼科,1315726708,160-0023,東京都,新宿区西新宿１－５－１　小田急新宿西口駅前ビル５階,,西新宿眼科,CODE,G000321,代表,西新宿眼科 新宿区 公式サイト
343323314907,市川駅前いぶち皮膚科,1212718104,272-0034,千葉県,市川市市川１－４－１０　ダイエー市川店４階,,市川駅前いぶち皮膚科,CODE,G000322,代表,市川駅前いぶち皮膚科 市川市 公式サイト
343323314906,市川駅前脳神経外科,1212718096,272-0034,千葉県,市川市市川１－１２－１　セゾン尾瀬１階、２階,,市川駅前脳神経外科,CODE,G000323,代表,市川駅前脳神経外科 市川市 公式サイト
343253909178,千歳烏山ウィメンズクリニック,1315533724,157-0062,東京都,世田谷区南烏山６－４－２６　烏山第２倉林ビル　３階３０３,,千歳烏山ウィメンズクリニック,CODE,G000324,代表,千歳烏山ウィメンズクリニック 世田谷区 公式サイト
343253908217,麻布クリニック,1315826854,106-0045,東京都,港区麻布十番２丁目２０－６　麻布十番エムエービルディング５階８階,,麻布クリニック,CODE,G000325,代表,麻布クリニック 港区 公式サイト
343466072762,ＲＩＣメンタルクリニック白金高輪,1315827407,108-0073,東京都,港区三田四丁目８番３６号　三田ＭＴビル７階,,ricメンタルクリニック白金高輪,CODE,G000326,代表,RICメンタルクリニック白金高輪 港区 公式サイト
343442009846,とまり木クリニック,1311935006,173-0004,東京都,板橋区板橋一丁目１４番１０号　Ｍｅｄｉｃａｌ　Ｓｑｕａｒｅ板橋　４階,,とまり木クリニック,CODE,G000327,代表,とまり木クリニック 板橋区 公式サイト
343395880688,新橋心療内科ゆうメンタルクリニック新橋院,1315827290,105-0004,東京都,港区新橋二丁目２０番１５号　新橋駅前ビル１号館２階２１８号室,,新橋心療内科ゆうメンタルクリニック新橋院,CODE,G000328,代表,新橋心療内科ゆうメンタルクリニック新橋院 港区 公式サイト
343449129674,北柏皮ふ科クリニック,1212117265,277-0831,千葉県,柏市根戸１８５４－７　北柏２４街区１,,北柏皮ふ科クリニック,CODE,G000329,代表,北柏皮ふ科クリニック 柏市根戸1854-7 北柏24街区 公式サイト
343406756592,二子玉川脊椎・整形外科クリニック,1315533658,158-0094,東京都,世田谷区玉川３丁目１０－１１　ジ・エイペックスビルディング１階,,二子玉川脊椎整形外科クリニック,CODE,G000330,代表,二子玉川脊椎・整形外科クリニック 世田谷区 公式サイト
343279774415,武蔵小杉今井仲町内科クリニック,1415211644,211-0065,神奈川県,川崎市中原区今井仲町１３－１６　グランウィル武蔵小杉２階,,武蔵小杉今井仲町内科クリニック,CODE,G000331,代表,武蔵小杉今井仲町内科クリニック 川崎市中原区 公式サイト
343465937594,雑色エキマエ広場皮フ科クリニック,1315624630,144-0055,東京都,大田区仲六郷２丁目４２番１７号　Ｏｒｐｈｉｃ　Ｄｏｍ　２階,,雑色エキマエ広場皮フ科クリニック,CODE,G000332,代表,雑色エキマエ広場皮フ科クリニック 大田区 公式サイト
343465936633,自由が丘ルミナスクリニック,1311033059,152-0035,東京都,目黒区自由が丘１－９－３　自由が丘第２ビル３階,,自由が丘ルミナスクリニック,CODE,G000333,代表,自由が丘ルミナスクリニック 目黒区 公式サイト
343244911308,おおがはす在宅診療所,1210126862,262-0033,千葉県,千葉市花見川区幕張本郷２－４－１　タカソービル４階４０２号室,,おおがはす在宅診療所,CODE,G000334,代表,おおがはす在宅診療所 千葉市花見川区 公式サイト
343442009845,医療法人社団桜柊会　不動前おがわクリニック,1310938050,141-0031,東京都,品川区西五反田五丁目１０番８号　２階,,桜柊会不動前おがわクリニック,CODE,G000335,代表,医療法人社団桜柊会 不動前おがわクリニック 品川区 公式サイト
343253908216,医療法人　四つ葉会　よつば会クリニック　亀戸院,1310833921,136-0071,東京都,江東区亀戸五丁目１番１号　アトレ亀戸７階,,四つ葉会よつば会クリニック亀戸院,CODE,G000336,代表,医療法人 四つ葉会 よつば会クリニック 亀戸院 江東区 公式サイト
343288732351,松尾内科・糖尿病・内分泌クリニック,2312902055,448-0037,愛知県,刈谷市高倉町３－７１１,,松尾内科糖尿病内分泌クリニック,CODE,G000337,代表,松尾内科・糖尿病・内分泌クリニック 刈谷市 公式サイト
343279774414,立川駅前おといろ耳鼻咽喉科,1313025723,190-0023,東京都,立川市柴崎町３－５－２　遠藤ビル３階,,立川駅前おといろ耳鼻咽喉科,CODE,G000338,代表,立川駅前おといろ耳鼻咽喉科 立川市 公式サイト
343464019645,西新井内科クリニック,1312135887,123-0845,東京都,足立区西新井本町５－１２－２,,西新井内科クリニック,CODE,G000339,代表,西新井内科クリニック 足立区 公式サイト
343452670683,医療法人　四つ葉会　よつば会クリニック　川崎院,1415011028,210-0023,神奈川県,川崎市川崎区小川町１番地２６　ＬＡ　ＣＩＴＴＡＤＥＬＬＡ内ＡＲＥＮＡ　ＣＩＴＴＡ’２階　ＤＸ－２０１区画,,四つ葉会よつば会クリニック川崎院,CODE,G000340,代表,医療法人 四つ葉会 よつば会クリニック 川崎院 川崎市川崎区 公式サイト
343395880686,東京八重洲まもりび消化器内科・内視鏡クリニック　日本橋院,1316220438,103-0027,東京都,中央区日本橋３－１１－２　Ｈｉ－ｇｓ日本橋３階,,東京八重洲まもりび消化器内科内視鏡クリニック日本橋院,CODE,G000341,代表,東京八重洲まもりび消化器内科・内視鏡クリニック 日本橋院 中央区 公式サイト
343323314905,いちかわ慈優クリニック,1212718054,272-0015,千葉県,市川市鬼高１－１４－１４　１階,,いちかわ慈優クリニック,CODE,G000342,代表,いちかわ慈優クリニック 市川市 公式サイト
343288732350,やまもも在宅クリニック,1312335255,134-0088,東京都,江戸川区西葛西五丁目６番１９号　西葛西内宮ビル５０１号,,やまもも在宅クリニック,CODE,G000343,代表,やまもも在宅クリニック 江戸川区 公式サイト
343205293758,よちすけキッズ・アレルギークリニック,1411011360,245-0052,神奈川県,横浜市戸塚区秋葉町４４４－２,,よちすけキッズアレルギクリニック,CODE,G000344,代表,よちすけキッズ・アレルギークリニック 横浜市戸塚区 公式サイト
343201665750,いたばしキッズ＆アレルギークリニック,1311935097,173-0004,東京都,板橋区板橋１－５４－４　メディカルステーション板橋２０２,,いたばしキッズ&アレルギクリニック,CODE,G000345,代表,いたばしキッズ&アレルギークリニック 板橋区 公式サイト
343464019644,医療法人緑生会　あびこスマイルクリニック,1212511723,270-1151,千葉県,我孫子市本町３－２－１　イトーヨーカドー我孫子南口店２階,,緑生会あびこスマイルクリニック,CODE,G000346,代表,医療法人緑生会 あびこスマイルクリニック 我孫子市 公式サイト
343370585849,うつぐみ在宅クリニック,1411911445,239-0835,神奈川県,横須賀市佐原３丁目６－１７　グランドゥール１Ｂ号,,うつぐみ在宅クリニック,CODE,G000347,代表,うつぐみ在宅クリニック 横須賀市 公式サイト
343288732347,辻堂駅前ひらやま内科・呼吸器内科クリニック湘南藤沢院,1412212835,251-0042,神奈川県,藤沢市辻堂新町１－１－１３　西村ビル１０１,,辻堂駅前ひらやま内科呼吸器内科クリニック湘南藤沢院,CODE,G000348,代表,辻堂駅前ひらやま内科・呼吸器内科クリニック湘南藤沢院 藤沢市 公式サイト
343288732346,名古屋プログレス 腎臓内科・透析 丸の内駅前クリニック,2310608712,460-0003,愛知県,名古屋市中区錦１－４－１６ ＫＤＸ名古屋日銀前ビル２階,,名古屋プログレス腎臓内科透析丸の内駅前クリニック,CODE,G000349,代表,名古屋プログレス 腎臓内科・透析 丸の内駅前クリニック 名古屋市中区 公式サイト
343228602082,池袋駅前さくらレディースクリニックＮＩＣＯレディース皮ふ科,1311639103,170-0013,東京都,豊島区東池袋一丁目１番４号　タカセセントラルビル４階,,池袋駅前さくらレディスクリニックnicoレディス皮ふ科,CODE,G000350,代表,池袋駅前さくらレディースクリニックNICOレディース皮ふ科 豊島区 公式サイト
343198138049,おなかとおしりのかなもりクリニック,2310506692,453-0021,愛知県,名古屋市中村区松原町２－２２－１ そうごうメディカルモール＋ｃａｒｅ本陣４階,,おなかとおしりのかなもりクリニック,CODE,G000351,代表,おなかとおしりのかなもりクリニック 名古屋市中村区 公式サイト
343466002168,祖師ヶ谷内視鏡肝臓やましろ内科クリニック,1315533781,157-0073,東京都,世田谷区砧６丁目３９－３　キヌタ　プレイス　２階Ａ・Ｂ,,祖師ヶ谷内視鏡肝臓やましろ内科クリニック,CODE,G000352,代表,祖師ヶ谷内視鏡肝臓やましろ内科クリニック 世田谷区 公式サイト
343465965278,高輪ホームペインクリニック・整形外科,1315827274,108-0074,東京都,港区高輪三丁目５番１２号　フォルテ高輪１階,,高輪ホムペインクリニック整形外科,CODE,G000353,代表,高輪ホームペインクリニック・整形外科 港区 公式サイト
343370586810,板橋駅前さとう消化器・内視鏡クリニック,1311935121,173-0004,東京都,板橋区板橋１－５４－４　メディカルステーション板橋　２０１,,板橋駅前さとう消化器内視鏡クリニック,CODE,G000354,代表,板橋駅前さとう消化器・内視鏡クリニック 板橋区 公式サイト
343288732349,日吉駅前こころみ消化器内視鏡クリニック・内科・耳鼻咽喉科・心療内科,1419122950,223-0061,神奈川県,横浜市港北区日吉二丁目１番４号　Ｇ．Ｃ．ＨＩＹＯＳＨＩ２階２０１号室、３階,,日吉駅前こころみ消化器内視鏡クリニック内科耳鼻咽喉科心療内科,CODE,G000355,代表,日吉駅前こころみ消化器内視鏡クリニック・内科・耳鼻咽喉科・心療内科 横浜市港北区 公式サイト
343288732348,医療法人社団　ＷＨＭ　クリニックプラス西日暮里,1311827450,116-0013,東京都,荒川区西日暮里五丁目２４番７号　冠ビル　３階,,whmクリニックプラス西日暮里,CODE,G000356,代表,医療法人社団 WHM クリニックプラス西日暮里 荒川区 公式サイト
343279774413,エール訪問診療クリニック,1311935048,173-0016,東京都,板橋区中板橋２１番１６号　マンション幸和２０１,,エル訪問診療クリニック,CODE,G000357,代表,エール訪問診療クリニック 板橋区 公式サイト
343272627943,維心在宅クリニック,1315921549,167-0022,東京都,杉並区下井草三丁目１２番１６号　ＨｅｉｍＫａｓｔａｎｉｅ１０３,,維心在宅クリニック,CODE,G000358,代表,維心在宅クリニック 杉並区 公式サイト
343228602081,亀戸ハート内科・心臓リハビリクリニック,1310833897,136-0071,東京都,江東区亀戸五丁目１番１号　アトレ亀戸８階,,亀戸ハト内科心臓リハビリクリニック,CODE,G000359,代表,亀戸ハート内科・心臓リハビリクリニック 江東区 公式サイト
343205293757,ブランクリニック　北千住院,1312135952,120-0034,東京都,足立区千住２丁目２５－１　やよいビル５階,,ブランクリニック北千住院,CODE,G000360,代表,ブランクリニック 北千住院 足立区 公式サイト
343205293756,横浜心身統合クリニック,1412111100,221-0832,神奈川県,横浜市神奈川区桐畑５－２　１階,,横浜心身統合クリニック,CODE,G000361,代表,横浜心身統合クリニック 横浜市神奈川区 公式サイト
343198138048,立石駅前泌尿器・内科外科クリニック,1312233765,124-0012,東京都,葛飾区立石一丁目７番２５号　１階,,立石駅前泌尿器内科外科クリニック,CODE,G000362,代表,立石駅前泌尿器・内科外科クリニック 葛飾区 公式サイト
343198138047,おおしまメンタル・皮ふ科クリニック,1510313495,943-0810,新潟県,上越市大学前５６－１,,おおしまメンタル皮ふ科クリニック,CODE,G000363,代表,おおしまメンタル・皮ふ科クリニック 上越市 公式サイト
343452670682,医療法人社団エキクリ　王子駅前内科小児科・アレルギー科クリニック,1311733286,114-0002,東京都,北区王子一丁目８番８号　ステラテラス２階,,エキクリ王子駅前内科小児科アレルギ科クリニック,CODE,G000364,代表,医療法人社団エキクリ 王子駅前内科小児科・アレルギー科クリニック 北区 公式サイト
343452670681,みずむら内科・消化器内視鏡クリニック西東京田無駅前院,1315422175,188-0012,東京都,西東京市南町４－１－８　ネクステンド田無４階,,みずむら内科消化器内視鏡クリニック西東京田無駅前院,CODE,G000365,代表,みずむら内科・消化器内視鏡クリニック西東京田無駅前院 西東京市 公式サイト
343272627942,板橋みなみ内科クリニック,1311935014,173-0004,東京都,板橋区板橋１丁目２２番８号　古谷ビル３階３０１号室,,板橋みなみ内科クリニック,CODE,G000366,代表,板橋みなみ内科クリニック 板橋区 公式サイト
343272627940,竹ノ塚こじま皮膚科,1312135853,121-0822,東京都,足立区西竹の塚２－２－３　末武ビル１０２,,竹ノ塚こじま皮膚科,CODE,G000367,代表,竹ノ塚こじま皮膚科 足立区 公式サイト
343265437372,ぜんの眼科足立江北,1312135960,123-0845,東京都,足立区西新井本町２丁目２９番５号　本町ＫＳビル４階,,ぜんの眼科足立江北,CODE,G000368,代表,ぜんの眼科足立江北 足立区 公式サイト
343205293755,武蔵新田こころクリニック,1315624754,146-0093,東京都,大田区矢口一丁目１７番３号　壽ビル２階,,武蔵新田こころクリニック,CODE,G000369,代表,武蔵新田こころクリニック 大田区 公式サイト
343201665749,すげたクリニック,1412110290,221-0864,神奈川県,横浜市神奈川区菅田町４８８－４－３－１０２,,すげたクリニック,CODE,G000370,代表,すげたクリニック 横浜市神奈川区 公式サイト
343465965277,ケルソンファミリークリニック,1312038784,178-0061,東京都,練馬区大泉学園町５－６－２２　１階,,ケルソンファミリクリニック,CODE,G000371,代表,ケルソンファミリークリニック 練馬区 公式サイト
343464019643,新宿四谷腎・泌尿器クリニック,1315726518,160-0017,東京都,新宿区左門町２０番地　四谷メディカルモール２階　Ｌ区画,,新宿四谷腎泌尿器クリニック,CODE,G000372,代表,新宿四谷腎・泌尿器クリニック 新宿区 公式サイト
343464019642,ｅｎ　ｃｌｉｎｉｃ,1316022388,150-0021,東京都,渋谷区恵比寿西一丁目３４番２３号　代官山トキビル１０２,,enclinic,CODE,G000373,代表,en clinic 渋谷区 公式サイト
343370585848,けいと内科・呼吸器内科,1415411061,214-0039,神奈川県,川崎市多摩区栗谷３－１－１　井田ビル２０８,,けいと内科呼吸器内科,CODE,G000374,代表,けいと内科・呼吸器内科 川崎市多摩区 公式サイト
343370585847,あおぞらクリニック,1315921556,166-0004,東京都,杉並区阿佐谷南二丁目４１番１号,,あおぞらクリニック,CODE,G000375,代表,あおぞらクリニック 杉並区 公式サイト
343288731385,柏こだまクリニック,1212117315,277-0852,千葉県,柏市旭町１－２－８　ネモト第３ビル　２０１号室,,柏こだまクリニック,CODE,G000376,代表,柏こだまクリニック 柏市 公式サイト
343272627941,医療法人社団　裕健会　みなとクリニック,1315827563,108-0014,東京都,港区芝四丁目８番２号　高松コンストラクショングループ東京本社ビル３階,,裕健会みなとクリニック,CODE,G000377,代表,医療法人社団 裕健会 みなとクリニック 港区 公式サイト
343228602080,宮澤耳鼻咽喉科クリニック,1310138289,101-0032,東京都,千代田区岩本町一丁目６番７号　グラン千代田岩本町１０１,,宮澤耳鼻咽喉科クリニック,CODE,G000378,代表,宮澤耳鼻咽喉科クリニック 千代田区 公式サイト
343228602079,ＳＢＣ整形外科リハビリクリニック一之江院,1312335339,132-0024,東京都,江戸川区一之江七丁目３５番２２号　一富ビルディング３階,,sbc整形外科リハビリクリニック一之江院,CODE,G000379,代表,SBC整形外科リハビリクリニック一之江院 江戸川区 公式サイト
343452670680,医療法人社団創青会　ＴＡＫＡＮＡＷＡ　ＧＡＴＥＷＡＹ　Ｃｌｉｎｉｃｓ内科・健診,1315827340,108-0074,東京都,港区高輪二丁目２２番１号　ＴＨＥ　ＬＩＮＫＰＩＬＬＡＲ２　４階,,創青会takanawagatewayclinics内科健診,CODE,G000380,代表,医療法人社団創青会 TAKANAWA GATEWAY Clinics内科・健診 港区 公式サイト
343279774412,築地駅前内科・婦人科クリニック,1316220727,104-0045,東京都,中央区築地二丁目１２番８号　大広ビル５階,,築地駅前内科婦人科クリニック,CODE,G000381,代表,築地駅前内科・婦人科クリニック 中央区 公式サイト
343279774411,ミモザ形成・ひふ科クリニック,1312335248,132-0021,東京都,江戸川区中央四丁目４番９号,,ミモザ形成ひふ科クリニック,CODE,G000382,代表,ミモザ形成・ひふ科クリニック 江戸川区 公式サイト
343265437370,クリニックフォア神保町,1310138214,101-0051,東京都,千代田区神田神保町二丁目８番地１４　神保町専大通りビル１階,,クリニックフォア神保町,CODE,G000383,代表,クリニックフォア神保町 千代田区 公式サイト
343201665748,大井町駅前皮ふ科,1310937995,140-0005,東京都,品川区広町二丁目１番１７号　大井町トラックス４階,,大井町駅前皮ふ科,CODE,G000384,代表,大井町駅前皮ふ科 品川区 公式サイト
343464018681,世田谷スキンケアクリニック,1315533732,157-0073,東京都,世田谷区砧六丁目３９番３号　キヌタプレイス３階Ａ・Ｂ,,世田谷スキンケアクリニック,CODE,G000385,代表,世田谷スキンケアクリニック 世田谷区 公式サイト
343265437371,医療法人博慈会　銀座プライマリーヘルスケアクリニック,1316220537,104-0061,東京都,中央区銀座七丁目３番７号　ブランエスパ銀座２階,,博慈会銀座プライマリヘルスケアクリニック,CODE,G000386,代表,医療法人博慈会 銀座プライマリーヘルスケアクリニック 中央区 公式サイト
343198138046,一般社団法人ＫＲＯ　新松戸整形外科リハビリテーションクリニック,1212417673,270-0034,千葉県,松戸市新松戸４－５４　Ｍ－Ｓｉｔｅ２階,,kro新松戸整形外科リハビリテションクリニック,CODE,G000387,代表,一般社団法人KRO 新松戸整形外科リハビリテーションクリニック 松戸市 公式サイト
343452670679,上野毛内科・循環器内科クリニック,1315533476,158-0093,東京都,世田谷区上野毛１丁目２２番２号　ウェルスクエアプラザ上野毛２階,,上野毛内科循環器内科クリニック,CODE,G000388,代表,上野毛内科・循環器内科クリニック 世田谷区 公式サイト
343370585846,レリア津田沼　内科　内視鏡・肝臓クリニック,1212819720,274-0825,千葉県,船橋市前原西２－１３－１３　アロー津田沼駅前ビル１階,,レリア津田沼内科内視鏡肝臓クリニック,CODE,G000389,代表,レリア津田沼 内科 内視鏡・肝臓クリニック 船橋市 公式サイト
343228602078,松井乳腺クリニック駒沢,1315533716,154-0012,東京都,世田谷区駒沢二丁目６番１号　ｄ＿ｌｌ　ｋｏｍａｚａｗａ３階４階,,松井乳腺クリニック駒沢,CODE,G000390,代表,松井乳腺クリニック駒沢 世田谷区 公式サイト
343452670678,アウラニクリニック,1316022404,150-0021,東京都,渋谷区恵比寿西２－１７－１４　代官山ＨＡＵＳ　Ｂ１０１,,アウラニクリニック,CODE,G000391,代表,アウラニクリニック 渋谷区 公式サイト
343201665747,南町田整形外科クリニック,1313229838,194-0004,東京都,町田市鶴間１－１９－３５　南町田クリニックビルⅠ　２０１,,南町田整形外科クリニック,CODE,G000392,代表,南町田整形外科クリニック 町田市 公式サイト
343465965276,五ノ神よこたクリニック,1315320759,205-0011,東京都,羽村市五ノ神一丁目１３－２　リオ羽村壱番館１０４,,五ノ神よこたクリニック,CODE,G000393,代表,五ノ神よこたクリニック 羽村 公式サイト
343464018680,いとう整形外科,1212819704,273-0035,千葉県,船橋市本中山２－１７－３５　中山メディカルブリッジ６階,,いとう整形外科,CODE,G000394,代表,いとう整形外科 船橋市 公式サイト
343464018679,護国寺内科・循環器クリニック,1310531350,112-0013,東京都,文京区音羽２丁目５番地１１号　ソフィア音羽　１０２号,,護国寺内科循環器クリニック,CODE,G000395,代表,護国寺内科・循環器クリニック 文京区 公式サイト
343452739280,中野のがた内科・内視鏡クリニック,1311434448,165-0027,東京都,中野区野方二丁目６５番６号　１・２階,,中野のがた内科内視鏡クリニック,CODE,G000396,代表,中野のがた内科・内視鏡クリニック 中野区 公式サイト
343399015098,エヴァーグリーンこどもクリニック高田馬場,1315726732,169-0075,東京都,新宿区高田馬場３－１２－９　ハーモニービル２階,,エヴァグリンこどもクリニック高田馬場,CODE,G000397,代表,エヴァーグリーンこどもクリニック高田馬場 新宿区 公式サイト
343316492015,銀座ＭＩＴＡクリニック,1316220693,104-0061,東京都,中央区銀座８－１１－１３　ＩＳ銀座オフィス１階,,銀座mitaクリニック,CODE,G000398,代表,銀座MITAクリニック 中央区 公式サイト
343265436409,いんざい腎・泌尿器科クリニック,1214611091,270-1334,千葉県,印西市西の原５－１１,,いんざい腎泌尿器科クリニック,CODE,G000399,代表,いんざい腎・泌尿器科クリニック 印西市 公式サイト
343205293754,神田神保町さめしまクリニック,1310138354,101-0051,東京都,千代田区神田神保町一丁目４１番地８　岡本ビル１階,,神田神保町さめしまクリニック,CODE,G000400,代表,神田神保町さめしまクリニック 千代田区 公式サイト
343201665746,渋谷神泉内科外科クリニック,1311033166,153-0042,東京都,目黒区青葉台四丁目４番１２号　Ｓ－ＬＩＮＫＳ渋谷　地下１階,,渋谷神泉内科外科クリニック,CODE,G000401,代表,渋谷神泉内科外科クリニック 目黒区 公式サイト
343370585844,さくらひだまり訪問クリニック　東京埼玉院,1311733294,115-0055,東京都,北区赤羽西３丁目２６番１２号　ロッソカンパーナ２０５,,さくらひだまり訪問クリニック東京埼玉院,CODE,G000402,代表,さくらひだまり訪問クリニック 東京埼玉院 北区 公式サイト
343316492014,みどりの森メンタルクリニック成城,1315530720,157-0066,東京都,世田谷区成城六丁目８番６号　サラブライト成城ビル４階,,みどりの森メンタルクリニック成城,CODE,G000403,代表,みどりの森メンタルクリニック成城 世田谷区 公式サイト
343279774410,品川戸越呼吸器内科・アレルギー科クリニック,1310938043,142-0041,東京都,品川区戸越４－９－１８　戸越パークビル２階,,品川戸越呼吸器内科アレルギ科クリニック,CODE,G000404,代表,品川戸越呼吸器内科・アレルギー科クリニック 品川区 公式サイト
343272627939,クオッカ在宅クリニック,1310833954,136-0071,東京都,江東区亀戸１－２－３　亀戸天ビル６０３号室,,クオッカ在宅クリニック,CODE,G000405,代表,クオッカ在宅クリニック 江東区 公式サイト
343272627938,いやしば美容皮膚科御茶ノ水院,1310138180,101-0062,東京都,千代田区神田駿河台二丁目４番地４　サンロイヤルビル５階,,いやしば美容皮膚科御茶ノ水院,CODE,G000406,代表,いやしば美容皮膚科御茶ノ水院 千代田区 公式サイト
343228602077,中野坂上こどもクリニック,1311434455,164-0011,東京都,中野区中央２丁目８番２２号　ケーズクリニックビル３階,,中野坂上こどもクリニック,CODE,G000407,代表,中野坂上こどもクリニック 中野区 公式サイト
343205292793,医療法人社団　裕仁会　ＴＡＫＡＮＡＷＡ　ＧＡＴＥＷＡＹ　Ｃｌｉｎｉｃｓ耳鼻咽喉科・アレルギー科,1315827357,108-0074,東京都,港区高輪二丁目２２番１号　ＴＨＥ　ＬＩＮＫＰＩＬＬＡＲ２－４階,,裕仁会takanawagatewayclinics耳鼻咽喉科アレルギ科,CODE,G000408,代表,医療法人社団 裕仁会 TAKANAWA GATEWAY Clinics耳鼻咽喉科・アレルギー科 港区 公式サイト
343198138045,医療法人社団ＷＨＭ　クリニックプラス明大前,1315533864,156-0043,東京都,世田谷区松原二丁目４５番２号　明大前レインボービル５９１　５階　５０３号室,,whmクリニックプラス明大前,CODE,G000409,代表,医療法人社団WHM クリニックプラス明大前 世田谷区 公式サイト
343198138044,吉川美南の内科と整形外科,1116400790,342-0038,埼玉県,吉川市美南三丁目１４番地１,,吉川美南の内科と整形外科,CODE,G000410,代表,吉川美南の内科と整形外科 吉川市 公式サイト
343465965274,はれクリニックみなと,1315827464,105-0003,東京都,港区西新橋一丁目１８番１４号　第二須賀ビル８階,,はれクリニックみなと,CODE,G000411,代表,はれクリニックみなと 港区 公式サイト
343452767953,池袋ＵｎｉＭｅｄクリニック,1311639186,171-0021,東京都,豊島区西池袋１丁目２９番５号　山の手ビル２階Ｄ号室,,池袋unimedクリニック,CODE,G000412,代表,池袋UniMedクリニック 豊島区 公式サイト
343452699369,田代内科クリニック,1212417715,270-2241,千葉県,松戸市松戸新田４８８－７,,田代内科クリニック,CODE,G000413,代表,田代内科クリニック 松戸市 公式サイト
343392398069,武蔵小山こころのクリニック,1310938134,142-0062,東京都,品川区小山４－５－６　ｉｗ　Ｂａｎｄｅ４階,,武蔵小山こころのクリニック,CODE,G000414,代表,武蔵小山こころのクリニック 品川区 公式サイト
343390618323,西新宿セルフライフ内科クリニック,1315726575,160-0023,東京都,新宿区西新宿１－２２－１　スタンダードビル８階,,西新宿セルフライフ内科クリニック,CODE,G000415,代表,西新宿セルフライフ内科クリニック 新宿区 公式サイト
343370585845,睡眠・アレルギーオンライン診療クリニック,1316022420,151-0053,東京都,渋谷区代々木２－２３－１－１２２６,,睡眠アレルギオンライン診療クリニック,CODE,G000416,代表,睡眠・アレルギーオンライン診療クリニック 渋谷区 公式サイト
343279774409,銚子なぎさ眼科,1211310986,288-0815,千葉県,銚子市三崎町２－２６６０－１　イオンモール銚子１階,,銚子なぎさ眼科,CODE,G000417,代表,銚子なぎさ眼科 銚子市 公式サイト
343265436408,戸越公園こどもクリニック,1310938084,142-0041,東京都,品川区戸越４丁目９－１８　戸越パークビル　２階,,戸越公園こどもクリニック,CODE,G000418,代表,戸越公園こどもクリニック 品川区 公式サイト
343265436407,くまのみクリニック,1316022347,151-0051,東京都,渋谷区千駄ヶ谷４－１０－１　マリア千駄ヶ谷ビル２階,,くまのみクリニック,CODE,G000419,代表,くまのみクリニック 渋谷区 公式サイト
343265436406,茗荷谷こころのクリニック,1310531459,112-0002,東京都,文京区小石川５－５－６　羽鳥ビル７階,,茗荷谷こころのクリニック,CODE,G000420,代表,茗荷谷こころのクリニック 文京区 公式サイト
343205292792,レボクリニック池袋院,1311638998,170-0013,東京都,豊島区東池袋１丁目４番６号　高和ビル８階,,レボクリニック池袋院,CODE,G000421,代表,レボクリニック池袋院 豊島区 公式サイト
343201665745,そらいろこどもクリニックありあけ,1310833913,135-0063,東京都,江東区有明１－４－３４　ｍｉｎａｍｏｎｉ　Ａｒｉａｋｅ　３階,,そらいろこどもクリニックありあけ,CODE,G000422,代表,そらいろこどもクリニックありあけ 江東区 公式サイト
343465965275,松戸駅前大腸と胃食道の消化器内視鏡クリニック,1212417681,271-0091,千葉県,松戸市本町２２－５　ＴＨビル６階,,松戸駅前大腸と胃食道の消化器内視鏡クリニック,CODE,G000423,代表,松戸駅前大腸と胃食道の消化器内視鏡クリニック 松戸市 公式サイト
343464018678,すみれ消化器内科クリニック,1212819662,273-0035,千葉県,船橋市本中山２－１７－３５　中山メディカルブリッジ２階,,すみれ消化器内科クリニック,CODE,G000424,代表,すみれ消化器内科クリニック 船橋市 公式サイト
343452797674,成田よしだ泌尿器科,1214312781,286-0035,千葉県,成田市囲護台３－１２－４,,成田よしだ泌尿器科,CODE,G000425,代表,成田よしだ泌尿器科 成田市 公式サイト
343452739279,医療法人社団ＷＨＭ　クリニックプラス三鷹,1313327665,180-0006,東京都,武蔵野市中町一丁目１４番１１号　西武プラザビル７階,,whmクリニックプラス三鷹,CODE,G000426,代表,医療法人社団WHM クリニックプラス三鷹 武蔵野市 公式サイト
343408585450,鎌ケ谷乳腺クリニック,1212611630,273-0107,千葉県,鎌ケ谷市新鎌ケ谷１－１１－２９　スカイヒルズ２階,,鎌ケ谷乳腺クリニック,CODE,G000427,代表,鎌ケ谷乳腺クリニック 鎌ケ谷市 公式サイト
343392398068,アイクリニック北本,1115301221,364-0005,埼玉県,北本市本宿７丁目１７４番２,,アイクリニック北本,CODE,G000428,代表,アイクリニック北本 北本市 公式サイト
343228602076,おおぎ内科クリニック,1112802122,358-0003,埼玉県,入間市豊岡４丁目７番１５号,,おおぎ内科クリニック,CODE,G000429,代表,おおぎ内科クリニック 入間市 公式サイト
343466040039,医療法人社団Ｐｌｅｘｕｓ　大江戸中央クリニック,1316220834,104-0042,東京都,中央区入船３丁目１０番７号　有楽堂ビル５階,,plexus大江戸中央クリニック,CODE,G000430,代表,医療法人社団Plexus 大江戸中央クリニック 中央区 公式サイト
343452767952,田町三田駅前　みなと甲状腺・内分泌内科クリニック,1315827175,108-0014,東京都,港区芝五丁目３１番１５号　センチュリー三田ビル７階,,田町三田駅前みなと甲状腺内分泌内科クリニック,CODE,G000431,代表,田町三田駅前 みなと甲状腺・内分泌内科クリニック 港区 公式サイト
343452670676,しばウィメンズクリニック,1315827225,108-0014,東京都,港区芝四丁目５－８　池藤ビル３階,,しばウィメンズクリニック,CODE,G000432,代表,しばウィメンズクリニック 港区 公式サイト
343452650180,足立うめじま内科クリニック,1312135929,121-0816,東京都,足立区梅島一丁目１３番１８号　原田ビル１階Ｂ号室,,足立うめじま内科クリニック,CODE,G000433,代表,足立うめじま内科クリニック 足立区 公式サイト
343288731384,新宿美容外科クリニック　新宿院,1315726609,160-0022,東京都,新宿区新宿三丁目２番４号　新宿Ｍ＆Ｅスクエア８階,,新宿美容外科クリニック新宿院,CODE,G000434,代表,新宿美容外科クリニック 新宿院 新宿区 公式サイト
343272627937,神保町心身診療所,1310138388,101-0051,東京都,千代田区神田神保町二丁目３２番地１１,,神保町心身診療所,CODE,G000435,代表,神保町心身診療所 千代田区 公式サイト
343228602075,あまかた皮膚科・形成外科,1112901890,354-0024,埼玉県,富士見市鶴瀬東１－９－２４鶴瀬駅前ビル３階（Ｄ）,,あまかた皮膚科形成外科,CODE,G000436,代表,あまかた皮膚科・形成外科 富士見市 公式サイト
343228602074,ラサクリニック明大前,1315533963,156-0043,東京都,世田谷区松原１－３９－１７　レインボー松原４０３,,ラサクリニック明大前,CODE,G000437,代表,ラサクリニック明大前 世田谷区 公式サイト
343201665744,Ｓｈｉｎ　ｃｌｉｎｉｃ,1316220610,104-0061,東京都,中央区銀座１－６－８　ＤＥＡＲ　ＧＩＮＺＡ５階,,shinclinic,CODE,G000438,代表,Shin clinic 中央区 公式サイト
343198138043,ゆきた眼科西新井大師西　まぶたと眼のクリニック,1312135994,123-0841,東京都,足立区西新井七丁目２１番５号　プレジオ西新井１階,,ゆきた眼科西新井大師西まぶたと眼のクリニック,CODE,G000439,代表,ゆきた眼科西新井大師西 まぶたと眼のクリニック 足立区 公式サイト
343198138042,伝通院前　漢方・内科クリニック,1310531368,112-0002,東京都,文京区小石川３－１－２４　小石川食糧販売ビル２０１,,伝通院前漢方内科クリニック,CODE,G000440,代表,伝通院前 漢方・内科クリニック 文京区 公式サイト
343464018677,砂町銀座内科,1310833939,136-0073,東京都,江東区北砂３－３６－１８　砂町銀座鈴木ビル１階,,砂町銀座内科,CODE,G000441,代表,砂町銀座内科 江東区 公式サイト
343452699368,光と音のクリニック,1310138362,101-0062,東京都,千代田区神田駿河台一丁目８番２号　駿河台アライビル４階,,光と音のクリニック,CODE,G000442,代表,光と音のクリニック 千代田区 公式サイト
343452670677,こどもとアレルギーのクリニック　いきあど,1311033026,153-0051,東京都,目黒区上目黒１丁目２３番１号　中目黒アリーナ５０２,,こどもとアレルギのクリニックいきあど,CODE,G000443,代表,こどもとアレルギーのクリニック いきあど 目黒区 公式サイト
343390618322,日比谷婦人科,1315827266,105-0003,東京都,港区西新橋１丁目３番１号　西新橋スクエア３階,,日比谷婦人科,CODE,G000444,代表,日比谷婦人科 港区 公式サイト
343316492013,飯田橋ホームクリニック,1315726724,162-0822,東京都,新宿区下宮比町２－１８－２０８,,飯田橋ホムクリニック,CODE,G000445,代表,飯田橋ホームクリニック 新宿区 公式サイト
343279774408,アグリホームクリニック　まつど,1212417640,270-0034,千葉県,松戸市新松戸３－１５　ＫＳ．１２ビル２Ｆ－Ｂ号室,,アグリホムクリニックまつど,CODE,G000446,代表,アグリホームクリニック まつど 松戸市 公式サイト
343205292791,市川妙典おがわ泌尿器科・内科,1212718179,272-0111,千葉県,市川市妙典４－３－１０　ベルメゾン２０１,,市川妙典おがわ泌尿器科内科,CODE,G000447,代表,市川妙典おがわ泌尿器科・内科 市川市 公式サイト
343201665743,赤羽こころのクリニック,1311733252,115-0044,東京都,北区赤羽南一丁目９番１１号　赤羽南ビル３階,,赤羽こころのクリニック,CODE,G000448,代表,赤羽こころのクリニック 北区 公式サイト
343466040038,堀切ホームクリニック,1312233708,124-0006,東京都,葛飾区堀切四丁目５８番１９号　サイクルセンターオオトモビル２階２０２号室,,堀切ホムクリニック,CODE,G000449,代表,堀切ホームクリニック 葛飾区 公式サイト
343452797673,医療法人社団ＧＭヘルス　西船橋駅前耳鼻咽喉科クリニック,1212819803,273-0025,千葉県,船橋市印内町５６８－２,,gmヘルス西船橋駅前耳鼻咽喉科クリニック,CODE,G000450,代表,医療法人社団GMヘルス 西船橋駅前耳鼻咽喉科クリニック 船橋市 公式サイト
343452699367,ゆるりこころのクリニック日本橋人形町,1316220602,103-0014,東京都,中央区日本橋蛎殻町１－１０－４　宮田ビル４階,,ゆるりこころのクリニック日本橋人形町,CODE,G000451,代表,ゆるりこころのクリニック日本橋人形町 中央区 公式サイト
343452650179,ごとう脳神経外科・救急科クリニック,0910311208,328-0027,栃木県,栃木市今泉町１丁目２番６号,,ごとう脳神経外科救急科クリニック,CODE,G000452,代表,ごとう脳神経外科・救急科クリニック 栃木市 公式サイト
343408585449,中井はく整形外科,1315726526,161-0032,東京都,新宿区中落合一丁目１８番５号　ウェルスクエアプラザ中井５階・６階,,中井はく整形外科,CODE,G000453,代表,中井はく整形外科 新宿区 公式サイト
343399014137,芝公園ウィメンズクリニック,1315827308,105-0014,東京都,港区芝２－１０－６　ＥＡＲＴＨ　ＳＨＩＢＡ　ＢＬＤ６階,,芝公園ウィメンズクリニック,CODE,G000454,代表,芝公園ウィメンズクリニック 港区 公式サイト
343370585843,ＯＲＩＮＡＳ　ＡＲＴ　ＣＬＩＮＩＣ,1311638956,171-0022,東京都,豊島区南池袋１丁目１９番６号　オリックス池袋ビル３階,,orinasartclinic,CODE,G000455,代表,ORINAS ART CLINIC 豊島区 公式サイト
343288731383,白金台ペインクリニック安部医院,1315827639,108-0071,東京都,港区白金台５－１８－９　ＶＯＲＴ白金台４階,,白金台ペインクリニック安部医院,CODE,G000456,代表,白金台ペインクリニック安部医院 港区 公式サイト
343272627936,ないか　３,1316220578,103-0014,東京都,中央区日本橋蛎殻町１－４－１　オーキッドプレイス蛎殻町ビル８階,,ないか3,CODE,G000457,代表,ないか 3 中央区 公式サイト
343244911307,ＲＥＶＯ　ＣＬＩＮＩＣ　神田神保町,1310138313,101-0051,東京都,千代田区神田神保町一丁目４番地６　クロサワビル２階,,revoclinic神田神保町,CODE,G000458,代表,REVO CLINIC 神田神保町 千代田区 公式サイト
343452767951,ほりた内科・消化器内視鏡クリニック　池袋駅東口院,1311638980,170-0013,東京都,豊島区東池袋一丁目１番４号　タカセセントラルビル３階,,ほりた内科消化器内視鏡クリニック池袋駅東口院,CODE,G000459,代表,ほりた内科・消化器内視鏡クリニック 池袋駅東口院 豊島区 公式サイト
343392398067,しがき先生クリニック,4710119969,901-0154,沖縄県,那覇市赤嶺１－１２－２　２Ｆ,,しがき先生クリニック,CODE,G000460,代表,しがき先生クリニック 那覇市 公式サイト
343466002166,晴風クリニック,1116521678,330-0042,埼玉県,さいたま市浦和区木崎３－２－７,,晴風クリニック,CODE,G000461,代表,晴風クリニック さいたま市浦和区 公式サイト
343452835550,ヘリオハートクリニック雪谷,1315624721,145-0066,東京都,大田区南雪谷二丁目１１番１０号　グリーンハイム３０１号,,ヘリオハトクリニック雪谷,CODE,G000462,代表,ヘリオハートクリニック雪谷 大田区 公式サイト
343395880685,訪問診療スマイルクリニック,4010216002,813-0003,福岡県,福岡市東区香住ケ丘二丁目３２番６－１０１号,,訪問診療スマイルクリニック,CODE,G000463,代表,訪問診療スマイルクリニック 福岡市東区 公式サイト
343465936630,はちやこどもクリニック,2015110386,388-8004,長野県,長野市篠ノ井会６９２番地２,,はちやこどもクリニック,CODE,G000464,代表,はちやこどもクリニック 長野市 公式サイト
343442009844,かつきアクティブメンズクリニック,0110711967,060-0807,北海道,札幌市北区北７条西２丁目２０番地ＮＣＯ札幌駅北口ビル３Ｆ,,かつきアクティブメンズクリニック,CODE,G000465,代表,かつきアクティブメンズクリニック 札幌市北区 公式サイト
343406756589,Ｋ＆Ｆ乳腺クリニック,0415313261,984-0073,宮城県,仙台市若林区荒町１０６－１ナナアーク荒町３階,,k&f乳腺クリニック,CODE,G000466,代表,K&F乳腺クリニック 仙台市若林区 公式サイト
343323314903,公園前クリニックまかび,4710119951,902-0068,沖縄県,那覇市真嘉比３－２－１８グランデュール古島駅前１０２号室,,公園前クリニックまかび,CODE,G000467,代表,公園前クリニックまかび 那覇市 公式サイト
343253908214,ＴＯＭＯぬくもりメンタルクリニック,1315624689,144-0052,東京都,大田区蒲田五丁目９番１０号　大月ビル４階,,tomoぬくもりメンタルクリニック,CODE,G000468,代表,TOMOぬくもりメンタルクリニック 大田区 公式サイト
343244911305,西船橋あおぞらクリニック　眼科・美容外科,1212819811,273-0025,千葉県,船橋市印内町５６８－２　１Ｆ,,西船橋あおぞらクリニック眼科美容外科,CODE,G000469,代表,西船橋あおぞらクリニック 眼科・美容外科 船橋市 公式サイト
343466071801,若林ふるじろ内科クリニック,0415313287,984-0825,宮城県,仙台市若林区古城３丁目６－１１,,若林ふるじろ内科クリニック,CODE,G000470,代表,若林ふるじろ内科クリニック 仙台市若林区 公式サイト
343466071800,医療法人　祐愛会　戸畑皮フ科クリニック,4016419550,804-0067,福岡県,北九州市戸畑区汐井町１－１,,祐愛会戸畑皮フ科クリニック,CODE,G000471,代表,医療法人 祐愛会 戸畑皮フ科クリニック 北九州市戸畑区 公式サイト
343406756588,医療法人社団惠洋会　ハートリー在宅クリニック武蔵浦和,1116522155,336-0022,埼玉県,さいたま市南区白幡４丁目２９番地３号第５隆伸ビル１階,,惠洋会ハトリ在宅クリニック武蔵浦和,CODE,G000472,代表,医療法人社団惠洋会 ハートリー在宅クリニック武蔵浦和 さいたま市南区 公式サイト
343323314902,特別養護老人ホーム三戸老人ホーム医務室,0212711303,039-0103,青森県,三戸郡南部町大字大向字仙ノ木平３１番地１,,特別養護老人ホム三戸老人ホム医務室,CODE,G000473,代表,特別養護老人ホーム三戸老人ホーム医務室 三戸郡南部町 公式サイト
343323314901,こども発達クリニック　アクシス,1212312569,270-0163,千葉県,流山市南流山２－２３－１６　平澤ビル２０２,,こども発達クリニックアクシス,CODE,G000474,代表,こども発達クリニック アクシス 流山市 公式サイト
343466071799,新松戸こじま胃と大腸肛門の内視鏡・血管外科クリニック,1212417665,270-0034,千葉県,松戸市新松戸４－５４　Ｍ－ｓｉｔｅ　３階－Ｂ,,新松戸こじま胃と大腸肛門の内視鏡血管外科クリニック,CODE,G000475,代表,新松戸こじま胃と大腸肛門の内視鏡・血管外科クリニック 松戸市 公式サイト
343465936629,尾澤内科・脳神経内科クリニック,2010417273,394-0082,長野県,岡谷市長地御所１丁目４番４７号,,尾澤内科脳神経内科クリニック,CODE,G000476,代表,尾澤内科・脳神経内科クリニック 岡谷市 公式サイト
343465936628,上村クリニック,0113615033,053-0045,北海道,苫小牧市双葉町１丁目４－２,,上村クリニック,CODE,G000477,代表,上村クリニック 苫小牧市 公式サイト
343449129672,はる内科・呼吸器内科　八丁堀院,1316220503,104-0042,東京都,中央区入船一丁目４番５号　プライムガーデン銀座八丁堀１階,,はる内科呼吸器内科八丁堀院,CODE,G000478,代表,はる内科・呼吸器内科 八丁堀院 中央区 公式サイト
343406756587,医療法人元気会　わかさクリニック浦和針ヶ谷,1116522007,330-0075,埼玉県,さいたま市浦和区針ヶ谷一丁目２番１１オウカス針ヶ谷１階,,元気会わかさクリニック浦和針ヶ谷,CODE,G000479,代表,医療法人元気会 わかさクリニック浦和針ヶ谷 さいたま市浦和区 公式サイト
343449129671,中島クリニック,1212713675,272-0135,千葉県,市川市日之出４－１８,,中島クリニック,CODE,G000480,代表,中島クリニック 市川市 公式サイト
343406756586,子どもと親　こころの百年灯クリニック,4011028158,810-0031,福岡県,福岡市中央区谷１丁目１５－８コア六本松１Ｆ,,子どもと親こころの百年灯クリニック,CODE,G000481,代表,子どもと親 こころの百年灯クリニック 福岡市中央区 公式サイト
343323314900,朝日ケ丘にこにこＫｉｄｓクリニック,1210126821,262-0019,千葉県,千葉市花見川区朝日ケ丘３－５－１１,,朝日ケ丘にこにこkidsクリニック,CODE,G000482,代表,朝日ケ丘にこにこKidsクリニック 千葉市花見川区 公式サイト
343466002165,あいあい診療所,0610116865,990-2463,山形県,山形市富の中一丁目１－６６,,あいあい診療所,CODE,G000483,代表,あいあい診療所 山形市 公式サイト
343442009843,つるがや１０００年クリニック,0415213727,983-0824,宮城県,仙台市宮城野区鶴ケ谷４丁目２－２,,つるがや1000年クリニック,CODE,G000484,代表,つるがや1000年クリニック 仙台市宮城野区 公式サイト
343406756585,ポレポレ　クリニック,4610128995,890-0038,鹿児島県,鹿児島市向陽２丁目１２－２９,,ポレポレクリニック,CODE,G000485,代表,ポレポレ クリニック 鹿児島市 公式サイト
343395880684,にしとこ泌尿器科,1112510535,359-1144,埼玉県,所沢市西所沢１－１９－２０ｐｒｏｃｅｅｄ　Ｎｉｓｈｉｔｏｋｏｒｏｚａｗａ　１００号室（１階）,,にしとこ泌尿器科,CODE,G000486,代表,にしとこ泌尿器科 所沢市 公式サイト
343253908213,まつくらレディースクリニック,0210118923,030-0947,青森県,青森市浜館５丁目１番１２,,まつくらレディスクリニック,CODE,G000487,代表,まつくらレディースクリニック 青森市 公式サイト
343466071795,中山在宅診療所,4610128961,891-0104,鹿児島県,鹿児島市山田町２３０番地３,,中山在宅診療所,CODE,G000488,代表,中山在宅診療所 鹿児島市 公式サイト
343466002163,おゆみ野南泌尿器科・婦人科クリニック,1210126896,266-0033,千葉県,千葉市緑区おゆみ野南５－６－５,,おゆみ野南泌尿器科婦人科クリニック,CODE,G000489,代表,おゆみ野南泌尿器科・婦人科クリニック 千葉市緑区 公式サイト
343449129670,つるがや診療所,0415213768,983-0824,宮城県,仙台市宮城野区鶴ケ谷八丁目１６番地の１４,,つるがや診療所,CODE,G000490,代表,つるがや診療所 仙台市宮城野区 公式サイト
343406756584,福岡天神　胃と大腸の消化器内科マイウェルクリニック,4011028208,810-0001,福岡県,福岡市中央区天神２－７－２１　天神プライム２階,,福岡天神胃と大腸の消化器内科マイウェルクリニック,CODE,G000491,代表,福岡天神 胃と大腸の消化器内科マイウェルクリニック 福岡市中央区 公式サイト
343466002159,ひろ訪問クリニック,4011028166,814-0121,福岡県,福岡市城南区神松寺１丁目２１番１３号プライムハイツ神松寺１階,,ひろ訪問クリニック,CODE,G000492,代表,ひろ訪問クリニック 福岡市城南区 公式サイト
343466002156,しろいしホームクリニック,0110517398,003-0803,北海道,札幌市白石区菊水３条１丁目２－１５　Ａ１０２号室,,しろいしホムクリニック,CODE,G000493,代表,しろいしホームクリニック 札幌市白石区 公式サイト
343449129669,いとうこどもアレルギークリニック,4410312898,871-0030,大分県,中津市中殿町４丁目１番地１,,いとうこどもアレルギクリニック,CODE,G000494,代表,いとうこどもアレルギークリニック 中津市 公式サイト
343449129668,すずかけ訪問診療クリニック,4011028018,819-0002,福岡県,福岡市西区姪の浜四丁目２２番３０号２階,,すずかけ訪問診療クリニック,CODE,G000495,代表,すずかけ訪問診療クリニック 福岡市西区 公式サイト
343442009837,よりそう訪問診療クリニックなぎの木,0110517380,004-0003,北海道,札幌市厚別区厚別東３条３丁目２－１,,よりそう訪問診療クリニックなぎの木,CODE,G000496,代表,よりそう訪問診療クリニックなぎの木 札幌市厚別区 公式サイト
343442009834,医療法人社団日誠会　実籾駅前こどもおとなクリニック,1210212555,275-0002,千葉県,習志野市実籾１－２－１６　ルネサンスビル２Ｆ,,日誠会実籾駅前こどもおとなクリニック,CODE,G000497,代表,医療法人社団日誠会 実籾駅前こどもおとなクリニック 習志野市 公式サイト
343406756582,ライカムひとみ眼科,4712212044,901-2306,沖縄県,中頭郡北中城村字ライカム１番地イオンモール沖縄ライカム２階１２２区画,,ライカムひとみ眼科,CODE,G000498,代表,ライカムひとみ眼科 中頭郡北中城村 公式サイト
343395880681,アフィニティクリニック,4710911498,905-0019,沖縄県,名護市大北１－５－１１,,アフィニティクリニック,CODE,G000499,代表,アフィニティクリニック 名護市 公式サイト
343323314898,西諫早のんのこ小児科クリニック,4210423416,854-0084,長崎県,諫早市真崎町１６１０番地７,,西諫早のんのこ小児科クリニック,CODE,G000500,代表,西諫早のんのこ小児科クリニック 諫早市 公式サイト
343323314894,こえる北広島付属診療所,0111310132,061-1153,北海道,北広島市富ケ岡５０９番地３１,,こえる北広島付属診療所,CODE,G000501,代表,こえる北広島付属診療所 北広島市 公式サイト
343244911304,あねたい外科・内科クリニック,0311511406,023-0833,岩手県,奥州市水沢上姉体六丁目１番地１０,,あねたい外科内科クリニック,CODE,G000502,代表,あねたい外科・内科クリニック 奥州市 公式サイト
343244911302,いとう眼科クリニック札幌,0110419934,063-0061,北海道,札幌市西区西町北１３丁目１番３０号,,いとう眼科クリニック札幌,CODE,G000503,代表,いとう眼科クリニック札幌 札幌市西区 公式サイト
343466071798,さいたまＵｎｉホームクリニック,1116522098,331-0805,埼玉県,さいたま市北区盆栽町３０５－６,,さいたまuniホムクリニック,CODE,G000504,代表,さいたまUniホームクリニック さいたま市北区 公式サイト
343466071794,発寒おおた耳鼻咽喉科,0110419967,063-0061,北海道,札幌市西区西町北７丁目２－１１西さっぽろメディカルビル２Ｆ,,発寒おおた耳鼻咽喉科,CODE,G000505,代表,発寒おおた耳鼻咽喉科 札幌市西区 公式サイト
343452835549,王子駅前さくら整形外科・手のクリニック,1311733328,114-0002,東京都,北区王子１－８－８　ステラテラス２階－１,,王子駅前さくら整形外科手のクリニック,CODE,G000506,代表,王子駅前さくら整形外科・手のクリニック 北区 公式サイト
343442009836,うつのみやＬＡ泌尿器科クリニック,0910118405,321-0968,栃木県,宇都宮市中今泉三丁目１３番２０号,,うつのみやla泌尿器科クリニック,CODE,G000507,代表,うつのみやLA泌尿器科クリニック 宇都宮市 公式サイト
343442009835,杉の家診療所,1315921465,168-0081,東京都,杉並区宮前４丁目９番２４－６号,,杉の家診療所,CODE,G000508,代表,杉の家診療所 杉並区 公式サイト
343395880680,まつもと眼科,4510411343,887-0031,宮崎県,日南市戸高１丁目４－７,,まつもと眼科,CODE,G000509,代表,まつもと眼科 日南市 公式サイト
343253908212,えがお在宅クリニック,4010216101,813-0013,福岡県,福岡市東区香椎駅前２丁目１５番１号　香椎永野ビル４階,,えがお在宅クリニック,CODE,G000510,代表,えがお在宅クリニック 福岡市東区 公式サイト
343466071792,いろどり在宅クリニック,3210115147,690-0876,島根県,松江市黒田町３５０－３６,,いろどり在宅クリニック,CODE,G000511,代表,いろどり在宅クリニック 松江市 公式サイト
343466071791,久留米大塩眼科,4012713030,830-0047,福岡県,久留米市津福本町４６５－１,,久留米大塩眼科,CODE,G000512,代表,久留米大塩眼科 久留米市 公式サイト
343466002164,仙台若林整形外科クリニック,0415313295,984-0826,宮城県,仙台市若林区若林二丁目７番３４号,,仙台若林整形外科クリニック,CODE,G000513,代表,仙台若林整形外科クリニック 仙台市若林区 公式サイト
343466002160,六本木駅前スクエア皮膚科・泌尿器科・内科クリニック,1315827217,106-0032,東京都,港区六本木６－１－２６　六本木天城ビル４階,,六本木駅前スクエア皮膚科泌尿器科内科クリニック,CODE,G000514,代表,六本木駅前スクエア皮膚科・泌尿器科・内科クリニック 港区 公式サイト
343466002158,くしろ脳神経クリニック,0114115041,085-0806,北海道,釧路市武佐３丁目４７番３号,,くしろ脳神経クリニック,CODE,G000515,代表,くしろ脳神経クリニック 釧路市 公式サイト
343466002155,大通りひつじのおうちクリニック,0110614567,060-0061,北海道,札幌市中央区南１条西１１丁目１番地コンチネンタルビル９階,,大通りひつじのおうちクリニック,CODE,G000516,代表,大通りひつじのおうちクリニック 札幌市中央区 公式サイト
343465936623,もとこクリニック,4510121074,880-0824,宮崎県,宮崎市大島町前田３４０番地１,,もとこクリニック,CODE,G000517,代表,もとこクリニック 宮崎市 公式サイト
343449129667,所沢桜クリニック,1112510543,359-0037,埼玉県,所沢市くすのき台１－１４－５グランエミオ所沢１階,,所沢桜クリニック,CODE,G000518,代表,所沢桜クリニック 所沢市 公式サイト
343449129665,深澤クリニック宇都宮院,0910118470,321-0971,栃木県,宇都宮市海道町１４３番地１,,深澤クリニック宇都宮院,CODE,G000519,代表,深澤クリニック宇都宮院 宇都宮市 公式サイト
343442009842,ＨＯＮＵ　ＫＩＤＳ　ＣＬＩＮＩＣ,0210511531,037-0062,青森県,五所川原市旭町１８番１,,honukidsclinic,CODE,G000520,代表,HONU KIDS CLINIC 五所川原市 公式サイト
343442009840,鶴田クリニック大野城,4011519537,816-0943,福岡県,大野城市白木原３丁目１０－４カノンエスト２階,,鶴田クリニック大野城,CODE,G000521,代表,鶴田クリニック大野城 大野城市 公式サイト
343442009839,浦安ごうだ消化器内視鏡・内科クリニック,1211912922,279-0002,千葉県,浦安市北栄１－１１－３２　メディカルコミュニティ浦安　３Ｆ,,浦安ごうだ消化器内視鏡内科クリニック,CODE,G000522,代表,浦安ごうだ消化器内視鏡・内科クリニック 浦安市 公式サイト
343406756583,札幌インターナショナルクリニック,0110614500,064-0915,北海道,札幌市中央区南１５条西１５丁目１番１５号　４０２号,,札幌インタナショナルクリニック,CODE,G000523,代表,札幌インターナショナルクリニック 札幌市中央区 公式サイト
343406756581,つつみクリニック六本松,4011028067,810-0045,福岡県,福岡市中央区草香江一丁目１－１７シャトー大濠５０１,,つつみクリニック六本松,CODE,G000524,代表,つつみクリニック六本松 福岡市中央区 公式サイト
343406756579,札幌形成外科・内視鏡内科クリニック,0110614542,060-0061,北海道,札幌市中央区南１条西６丁目１１番地札幌北辰ビル地下１階,,札幌形成外科内視鏡内科クリニック,CODE,G000525,代表,札幌形成外科・内視鏡内科クリニック 札幌市中央区 公式サイト
343406756577,おくむら　こころからだクリニック,4011028034,810-0062,福岡県,福岡市中央区荒戸３丁目１－４３メディカルガーデン大濠１０１,,おくむらこころからだクリニック,CODE,G000526,代表,おくむら こころからだクリニック 福岡市中央区 公式サイト
343406756576,ＵＮクリニック,1116522312,330-0063,埼玉県,さいたま市浦和区高砂一丁目１０番１号３１５区画,,unクリニック,CODE,G000527,代表,UNクリニック さいたま市浦和区 公式サイト
343395880683,ここまち内科,4610128912,890-0023,鹿児島県,鹿児島市永吉２丁目１１番１号,,ここまち内科,CODE,G000528,代表,ここまち内科 鹿児島市 公式サイト
343323314895,南城内科,4711210312,901-0605,沖縄県,南城市玉城字中山１１０番地３,,南城内科,CODE,G000529,代表,南城内科 南城市 公式サイト
343244911301,みほ早朝内科総合クリニック新宮中央駅前,4010429969,811-0120,福岡県,糟屋郡新宮町中央駅前１－１－１９,,みほ早朝内科総合クリニック新宮中央駅前,CODE,G000530,代表,みほ早朝内科総合クリニック新宮中央駅前 糟屋郡新宮町 公式サイト
343244911299,みせき内科消化器クリニック,0114615065,080-0018,北海道,帯広市西８条南２８丁目２７－１,,みせき内科消化器クリニック,CODE,G000531,代表,みせき内科消化器クリニック 帯広市 公式サイト
343466071797,しろもと整形外科スポーツ・リハビリクリニック,4014429544,836-0034,福岡県,大牟田市小浜町１－３－１１,,しろもと整形外科スポツリハビリクリニック,CODE,G000532,代表,しろもと整形外科スポーツ・リハビリクリニック 大牟田市 公式サイト
343466071793,八幡東たなか泌尿器科クリニック,4016711642,805-0050,福岡県,北九州市八幡東区春の町５丁目１３－１６,,八幡東たなか泌尿器科クリニック,CODE,G000533,代表,八幡東たなか泌尿器科クリニック 北九州市八幡東区 公式サイト
343466002162,ひがしうらわ駅前整形外科　イオンタウン東浦和院,1116521959,336-0926,埼玉県,さいたま市緑区東浦和一丁目１番地６イオンタウン東浦和４階Ｄ・Ｅ区画,,ひがしうらわ駅前整形外科イオンタウン東浦和院,CODE,G000534,代表,ひがしうらわ駅前整形外科 イオンタウン東浦和院 さいたま市緑区 公式サイト
343466002161,ほりかわ皮膚科・美容皮膚科クリニック　浦添てだこ浦西駅前,4710812381,901-2102,沖縄県,浦添市前田３丁目１３－２８メディカルスクエアてだこ浦西　３階,,ほりかわ皮膚科美容皮膚科クリニック浦添てだこ浦西駅前,CODE,G000535,代表,ほりかわ皮膚科・美容皮膚科クリニック 浦添てだこ浦西駅前 浦添市 公式サイト
343465936626,Ｇｌｏｗａ　Ｃｌｉｎｉｃ,0110614443,060-0003,北海道,札幌市中央区北３条西３丁目１－４４　ヒューリックスクエア札幌３階,,glowaclinic,CODE,G000536,代表,Glowa Clinic 札幌市中央区 公式サイト
343465936625,うぐいす内科クリニック,4011028042,814-0123,福岡県,福岡市城南区長尾２丁目４－１３,,うぐいす内科クリニック,CODE,G000537,代表,うぐいす内科クリニック 福岡市城南区 公式サイト
343465936624,原木中山腎泌尿器科クリニック,1212819621,273-0035,千葉県,船橋市本中山７－１０－７　Ｎ－Ｆｉｅｒｔé　３階,,原木中山腎泌尿器科クリニック,CODE,G000538,代表,原木中山腎泌尿器科クリニック 船橋市 公式サイト
343449129664,医療法人社団やよい会　草加・見沼代親水公園腎透析クリニック,1111803873,340-0032,埼玉県,草加市遊馬町中沼１１２番地１,,やよい会草加見沼代親水公園腎透析クリニック,CODE,G000539,代表,医療法人社団やよい会 草加・見沼代親水公園腎透析クリニック 草加市 公式サイト
343449129663,くらはちクリニック,4013519196,834-0122,福岡県,八女郡広川町大字一條１１６２－１ＬＯＦＴ　一條　Ｃ－４,,くらはちクリニック,CODE,G000540,代表,くらはちクリニック 八女郡広川町 公式サイト
343449129661,こやなぎ内科・ＩＢＤクリニック,0910118488,320-0034,栃木県,宇都宮市泉町６－２４飯田ビル２階南,,こやなぎ内科ibdクリニック,CODE,G000541,代表,こやなぎ内科・IBDクリニック 宇都宮市 公式サイト
343449129660,咲くらクリニック　札幌院,0110614435,060-0004,北海道,札幌市中央区北４条西２丁目１番地１８邦洋札幌Ｎ４・２ビル５階,,咲くらクリニック札幌院,CODE,G000542,代表,咲くらクリニック 札幌院 札幌市中央区 公式サイト
343442009841,板橋もりや眼科,1311935162,173-0004,東京都,板橋区板橋１丁目５４－４　３０１,,板橋もりや眼科,CODE,G000543,代表,板橋もりや眼科 板橋区 公式サイト
343442009832,あさひクリニックとす,4110312685,841-0061,佐賀県,鳥栖市轟木町１５０７－８　オフィスパレア鳥栖Ⅴ３号,,あさひクリニックとす,CODE,G000544,代表,あさひクリニックとす 鳥栖市 公式サイト
343406756580,さっぽろ東苗穂眼科,0110712023,007-0802,北海道,札幌市東区東苗穂２条３丁目１－１　イオンモール札幌苗穂２階,,さっぽろ東苗穂眼科,CODE,G000545,代表,さっぽろ東苗穂眼科 札幌市東区 公式サイト
343395880682,横山裕クリニック,4510213947,885-0026,宮崎県,都城市大王町２６－２,,横山裕クリニック,CODE,G000546,代表,横山裕クリニック 都城市 公式サイト
343395880679,さとうクリニック泌尿器・腎臓　内科,0210216024,036-8103,青森県,弘前市川先２丁目３－７,,さとうクリニック泌尿器腎臓内科,CODE,G000547,代表,さとうクリニック泌尿器・腎臓 内科 弘前市 公式サイト
343323314899,はせば在宅クリニック,4011028182,814-0013,福岡県,福岡市早良区藤崎２丁目２－３３－１０３,,はせば在宅クリニック,CODE,G000548,代表,はせば在宅クリニック 福岡市早良区 公式サイト
343323314897,あさひ診療所,2012717191,390-1104,長野県,東筑摩郡朝日村古見１３３７番地１,,あさひ診療所,CODE,G000549,代表,あさひ診療所 東筑摩郡朝日村 公式サイト
343323314896,大坪メンタルクリニック,4210168581,850-0852,長崎県,長崎市万屋町６番１５号　サン萬年喜ビル　２Ｆ,,大坪メンタルクリニック,CODE,G000550,代表,大坪メンタルクリニック 長崎市 公式サイト
343253908211,かえでレディースクリニック福岡博多,4010216010,812-0013,福岡県,福岡市博多区博多駅東１－１２－８トヨタレンタリース博多駅前ビル３階,,かえでレディスクリニック福岡博多,CODE,G000551,代表,かえでレディースクリニック福岡博多 福岡市博多区 公式サイト
343244911303,ローレア天神クリニック,4011028190,810-0001,福岡県,福岡市中央区天神２丁目８番３６号　ＮＫビル地下１階,,ロレア天神クリニック,CODE,G000552,代表,ローレア天神クリニック 福岡市中央区 公式サイト
343244911300,皮ふと爪の診療所,4011229772,811-1362,福岡県,福岡市南区長住５丁目４－２８長住メディカルヴィレッジ,,皮ふと爪の診療所,CODE,G000553,代表,皮ふと爪の診療所 福岡市南区 公式サイト
343466071796,おのざきクリニック,0910118439,321-0933,栃木県,宇都宮市簗瀬町１５０８－２（フレスポうつのみや市場Ａ棟２階）,,おのざきクリニック,CODE,G000554,代表,おのざきクリニック 宇都宮市 公式サイト
343466002157,川内内科クリニック,4611511538,895-0036,鹿児島県,薩摩川内市矢倉町４６６０番地２,,川内内科クリニック,CODE,G000555,代表,川内内科クリニック 薩摩川内市 公式サイト
343449129666,医療法人　四つ葉会　よつば会クリニック　北九州・小倉院,4017912595,802-0002,福岡県,北九州市小倉北区京町三丁目１番１号セントシティ北九州５階５０１区画,,四つ葉会よつば会クリニック北九州小倉院,CODE,G000556,代表,医療法人 四つ葉会 よつば会クリニック 北九州・小倉院 北九州市小倉北区 公式サイト
343449129662,ＴＡＩＳＨＩ整形外科スポーツ・リハビリクリニック,4710119878,902-0075,沖縄県,那覇市字国場１１７７番地３カテーラメディカルビル２階・３階,,taishi整形外科スポツリハビリクリニック,CODE,G000557,代表,TAISHI整形外科スポーツ・リハビリクリニック 那覇市 公式サイト
343442009838,神楽坂松田醫院,1315726435,162-0831,東京都,新宿区横寺町８,,神楽坂松田醫院,CODE,G000558,代表,神楽坂松田醫院 新宿区 公式サイト
343442009833,医療法人　健友会　新河岸けんゆうクリニック,1110414854,350-1137,埼玉県,川越市大字砂新田８０番２の１　１０１号室,,健友会新河岸けんゆうクリニック,CODE,G000559,代表,医療法人 健友会 新河岸けんゆうクリニック 川越市 公式サイト
343406756578,早稲田の杜スキンクリニック,1114301818,367-0030,埼玉県,本庄市早稲田の杜４－８－１０,,早稲田の杜スキンクリニック,CODE,G000560,代表,早稲田の杜スキンクリニック 本庄市 公式サイト
343205292790,しぶしあおぞら小児科,4614110437,899-7103,鹿児島県,志布志市志布志町志布志二丁目６番１８号,,しぶしあおぞら小児科,CODE,G000561,代表,しぶしあおぞら小児科 志布志市 公式サイト
343464018676,東浦和駅前メンタルクリニック　イオンタウン東浦和院,1116521967,336-0926,埼玉県,さいたま市緑区東浦和一丁目１番地６イオンタウン東浦和４階Ｃ区画,,東浦和駅前メンタルクリニックイオンタウン東浦和院,CODE,G000562,代表,東浦和駅前メンタルクリニック イオンタウン東浦和院 さいたま市緑区 公式サイト
343464018675,北仙台ゆう腎泌尿器クリニック,0415119932,981-0913,宮城県,仙台市青葉区昭和町５－４６大野ビル１Ｆ,,北仙台ゆう腎泌尿器クリニック,CODE,G000563,代表,北仙台ゆう腎泌尿器クリニック 仙台市青葉区 公式サイト
343279774407,ひろここどもクリニック,0610812851,998-0851,山形県,酒田市東大町３丁目３７－２,,ひろここどもクリニック,CODE,G000564,代表,ひろここどもクリニック 酒田市 公式サイト
343265436396,楠本消化器内科・皮膚科クリニック,4210168599,852-8061,長崎県,長崎市滑石４丁目３－４６,,楠本消化器内科皮膚科クリニック,CODE,G000565,代表,楠本消化器内科・皮膚科クリニック 長崎市 公式サイト
343465965273,うえの呼吸器内科・内科クリニック,1111701895,365-0028,埼玉県,鴻巣市鴻巣９４３－１,,うえの呼吸器内科内科クリニック,CODE,G000566,代表,うえの呼吸器内科・内科クリニック 鴻巣市 公式サイト
343464018674,さつま眼科,4610128979,891-0115,鹿児島県,鹿児島市東開町７番イオンモール鹿児島３Ｆ,,さつま眼科,CODE,G000567,代表,さつま眼科 鹿児島市 公式サイト
343288731382,浦和南元宿なかむら耳鼻咽喉科クリニック,1116522130,338-0831,埼玉県,さいたま市桜区南元宿２－８－１,,浦和南元宿なかむら耳鼻咽喉科クリニック,CODE,G000568,代表,浦和南元宿なかむら耳鼻咽喉科クリニック さいたま市桜区 公式サイト
343228602073,かわひら皮ふ科,4611911589,899-5121,鹿児島県,霧島市隼人町神宮６丁目８－８,,かわひら皮ふ科,CODE,G000569,代表,かわひら皮ふ科 霧島市 公式サイト
343205292789,グランプロ睡眠美容クリニック,1316220594,104-0061,東京都,中央区銀座二丁目８番１８号　グランベル銀座ビル５階,,グランプロ睡眠美容クリニック,CODE,G000570,代表,グランプロ睡眠美容クリニック 中央区 公式サイト
343465965272,医療法人社団桐友会　桐友クリニック北柏,1212117307,277-0831,千葉県,柏市根戸１８５４－７　北柏２４街区１,,桐友会桐友クリニック北柏,CODE,G000571,代表,医療法人社団桐友会 桐友クリニック北柏 柏市根戸1854-7 北柏24街区 公式サイト
343465965271,はやしま　こどもと家族の相談クリニック,4510213913,885-0055,宮崎県,都城市早鈴町１９９０番地　イオン都城１階,,はやしまこどもと家族の相談クリニック,CODE,G000572,代表,はやしま こどもと家族の相談クリニック 都城市 公式サイト
343464018673,にいやま内科循環器クリニック,0310710538,028-0041,岩手県,久慈市長内町第２５地割１０番１,,にいやま内科循環器クリニック,CODE,G000573,代表,にいやま内科循環器クリニック 久慈市 公式サイト
343198137081,やまぐちキッズクリニック,1116522106,338-0837,埼玉県,さいたま市桜区田島５丁目２３番８号西浦和クリニックプラザ３階,,やまぐちキッズクリニック,CODE,G000574,代表,やまぐちキッズクリニック さいたま市桜区 公式サイト
343370585842,みやまクリニック形成外科・美容皮膚科,4014219457,835-0024,福岡県,みやま市瀬高町下庄字北原２２１３番６,,みやまクリニック形成外科美容皮膚科,CODE,G000575,代表,みやまクリニック形成外科・美容皮膚科 みやま市 公式サイト
343279774406,医療法人仁学会　　里村糖尿病内科イオンタウン東浦和院,1116521975,336-0926,埼玉県,さいたま市緑区東浦和一丁目１番地６イオンタウン東浦和４Ｆ,,仁学会里村糖尿病内科イオンタウン東浦和院,CODE,G000576,代表,医療法人仁学会  里村糖尿病内科イオンタウン東浦和院 さいたま市緑区 公式サイト
343228602072,医療法人社団　北夕会　メンタルケア白石,0110517463,003-0021,北海道,札幌市白石区栄通４丁目２－１１ＪＡＺＺＧ　ＢＡＳＥ　３０１号,,北夕会メンタルケア白石,CODE,G000577,代表,医療法人社団 北夕会 メンタルケア白石 札幌市白石区 公式サイト
343198137080,みむろ　しらきクリニック,1116522056,336-0911,埼玉県,さいたま市緑区大字三室２６－１,,みむろしらきクリニック,CODE,G000578,代表,みむろ しらきクリニック さいたま市緑区 公式サイト
343465965270,たんぽぽこどもクリニック,1114301834,367-0042,埼玉県,本庄市けや木三丁目２７番１５号,,たんぽぽこどもクリニック,CODE,G000579,代表,たんぽぽこどもクリニック 本庄市 公式サイト
343272627935,牧瀬医院,4610128946,890-0042,鹿児島県,鹿児島市薬師１丁目１６番１２号,,牧瀬医院,CODE,G000580,代表,牧瀬医院 鹿児島市 公式サイト
343265436395,まきのあたまとリハビリクリニック,1210212571,275-0002,千葉県,習志野市実籾１－２－１６,,まきのあたまとリハビリクリニック,CODE,G000581,代表,まきのあたまとリハビリクリニック 習志野市 公式サイト
343201665741,医療法人社団志栄会　にしつが内科,1210126854,264-0026,千葉県,千葉市若葉区西都賀１－８－１,,志栄会にしつが内科,CODE,G000582,代表,医療法人社団志栄会 にしつが内科 千葉市若葉区 公式サイト
343465965269,ＢＥＬＬＥ　ＣＬＩＮＩＣ,4012713055,839-0852,福岡県,久留米市高良内町２８０７－５,,belleclinic,CODE,G000583,代表,BELLE CLINIC 久留米市 公式サイト
343279774405,ゆいまーるこどもクリニック,4710119894,900-0004,沖縄県,那覇市銘苅２１１－１７メディカルプラザめかる４Ｆ,,ゆいまるこどもクリニック,CODE,G000584,代表,ゆいまーるこどもクリニック 那覇市 公式サイト
343272627934,しずくのもりこども発達クリニック,0111014718,069-0824,北海道,江別市東野幌本町７番地５セリオ野幌１階,,しずくのもりこども発達クリニック,CODE,G000585,代表,しずくのもりこども発達クリニック 江別市 公式サイト
343205292788,にじのわクリニック福岡,4011028125,819-0002,福岡県,福岡市西区姪の浜二丁目１３番２号１階,,にじのわクリニック福岡,CODE,G000586,代表,にじのわクリニック福岡 福岡市西区 公式サイト
343464018672,さいたま在宅クリニックみどり,1116522239,336-0918,埼玉県,さいたま市緑区松木１丁目３１－９－１０２,,さいたま在宅クリニックみどり,CODE,G000587,代表,さいたま在宅クリニックみどり さいたま市緑区 公式サイト
343452670675,やまさき整形外科クリニック,4012019719,819-1311,福岡県,糸島市志摩津和崎６７志摩クリニックビル２階,,やまさき整形外科クリニック,CODE,G000588,代表,やまさき整形外科クリニック 糸島市 公式サイト
343272627933,やはたひがし眼科,4016711634,805-0071,福岡県,北九州市八幡東区東田３丁目２－１０２イオンモール八幡東２階,,やはたひがし眼科,CODE,G000589,代表,やはたひがし眼科 北九州市八幡東区 公式サイト
343198137078,荒木眼科　熊本下通り院,4317111252,860-0801,熊本県,熊本市中央区安政町１－２３金井ビル３階,,荒木眼科熊本下通り院,CODE,G000590,代表,荒木眼科 熊本下通り院 熊本市中央区 公式サイト
343465965268,にじいろこどもクリニック,0110614450,060-0004,北海道,札幌市中央区北４条西１８丁目８番１プレミアムガーデン北円山　２階,,にじいろこどもクリニック,CODE,G000591,代表,にじいろこどもクリニック 札幌市中央区 公式サイト
343288731381,沖縄皮膚科医院　豊見城クリニック,4711110835,901-0222,沖縄県,豊見城市字渡橋名２６９－１,,沖縄皮膚科医院豊見城クリニック,CODE,G000592,代表,沖縄皮膚科医院 豊見城クリニック 豊見城市 公式サイト
343272627932,江別のっぽろ駅前メンタルクリニック,0111014700,069-0813,北海道,江別市野幌町９４－１３鉄道高架下,,江別のっぽろ駅前メンタルクリニック,CODE,G000593,代表,江別のっぽろ駅前メンタルクリニック 江別市 公式サイト
343265436402,別府中央内科クリニック,1113104379,360-0856,埼玉県,熊谷市別府４丁目２４０番地１,,別府中央内科クリニック,CODE,G000594,代表,別府中央内科クリニック 熊谷市 公式サイト
343198137079,天神駅前心療内科・精神科クリニック,4011028117,810-0001,福岡県,福岡市中央区天神２－８－３６　天神ＮＫビル４階,,天神駅前心療内科精神科クリニック,CODE,G000595,代表,天神駅前心療内科・精神科クリニック 福岡市中央区 公式サイト
343288731380,みずたまこどもクリニック,1212312478,270-0163,千葉県,流山市南流山１－８－８　南流山共栄ビル２階,,みずたまこどもクリニック,CODE,G000596,代表,みずたまこどもクリニック 流山市 公式サイト
343288731379,札幌清田心臓リハクリニック,0110517372,004-0841,北海道,札幌市清田区清田１条４丁目１番４５号Ｒ４ＴＭビル　１００１号,,札幌清田心臓リハクリニック,CODE,G000597,代表,札幌清田心臓リハクリニック 札幌市清田区 公式サイト
343288731378,矢野医院,4010216127,812-0882,福岡県,福岡市博多区麦野４－３８－２０－１０３号,,矢野医院,CODE,G000598,代表,矢野医院 福岡市博多区 公式サイト
343228602071,すなおなクリニック,1110414888,350-0034,埼玉県,川越市仙波町１丁目１２－２０,,すなおなクリニック,CODE,G000599,代表,すなおなクリニック 川越市 公式サイト
343201665740,朝霞台画像診断クリニック,1112102408,351-0021,埼玉県,朝霞市西弁財一丁目１５番地１１,,朝霞台画像診断クリニック,CODE,G000600,代表,朝霞台画像診断クリニック 朝霞市 公式サイト
343465965267,所沢さとう耳鼻咽喉科,1112510527,359-0037,埼玉県,所沢市くすのき台一丁目１４番地５グランエミオ所沢１Ｆ,,所沢さとう耳鼻咽喉科,CODE,G000601,代表,所沢さとう耳鼻咽喉科 所沢市 公式サイト
343288731377,白ゆり内科外科クリニック,4017811615,802-0816,福岡県,北九州市小倉南区若園４丁目５－２１－２Ｆ,,白ゆり内科外科クリニック,CODE,G000602,代表,白ゆり内科外科クリニック 北九州市小倉南区 公式サイト
343272627931,小松内科循環器内科医院,0111513719,049-0111,北海道,北斗市七重浜５丁目１５番１５号,,小松内科循環器内科医院,CODE,G000603,代表,小松内科循環器内科医院 北斗市 公式サイト
343452670674,いいざか整形外科クリニック,0710118639,960-0201,福島県,福島市飯坂町字筑前２８番５,,いいざか整形外科クリニック,CODE,G000604,代表,いいざか整形外科クリニック 福島市 公式サイト
343279774404,谷山そらいろ糖尿病クリニック,4610129167,891-0116,鹿児島県,鹿児島市上福元町３８８３番地２,,谷山そらいろ糖尿病クリニック,CODE,G000605,代表,谷山そらいろ糖尿病クリニック 鹿児島市 公式サイト
343279774403,どまんなかファミリークリニック,0910410992,327-0317,栃木県,佐野市田沼町６５７－１,,どまんなかファミリクリニック,CODE,G000606,代表,どまんなかファミリークリニック 佐野市 公式サイト
343279774402,ブランクリニック福岡天神院,4011028141,810-0001,福岡県,福岡市中央区天神２丁目１３番１８号天神ホワイトビル６階及び９階,,ブランクリニック福岡天神院,CODE,G000607,代表,ブランクリニック福岡天神院 福岡市中央区 公式サイト
343205292787,友翔館クリニック,0110712064,002-8071,北海道,札幌市北区あいの里１条４丁目１６番１０－１０１号,,友翔館クリニック,CODE,G000608,代表,友翔館クリニック 札幌市北区 公式サイト
343465965264,ステーションクリニック川口,1110210989,332-0017,埼玉県,川口市栄町三丁目１番２４号川口駅東口１階,,ステションクリニック川口,CODE,G000609,代表,ステーションクリニック川口 川口市 公式サイト
343452670673,こうの内科クリニック,4017811623,800-0206,福岡県,北九州市小倉南区葛原東３丁目１４－７,,こうの内科クリニック,CODE,G000610,代表,こうの内科クリニック 北九州市小倉南区 公式サイト
343198137074,大宮新都心眼科,1116522148,338-0001,埼玉県,さいたま市中央区上落合８丁目３－３２島忠ホームズさいたま中央　２階,,大宮新都心眼科,CODE,G000611,代表,大宮新都心眼科 さいたま市中央区 公式サイト
343464018670,医療法人社団紡世会　かわぐちレディースステーションクリニック,1116522221,330-0063,埼玉県,さいたま市浦和区高砂一丁目１６番１２号アトレ浦和Ｗｅｓｔ　Ａｒｅａ　４階,,紡世会かわぐちレディスステションクリニック,CODE,G000612,代表,医療法人社団紡世会 かわぐちレディースステーションクリニック さいたま市浦和区 公式サイト
343272627929,ブランクリニックさいたま大宮院,1116522064,330-0845,埼玉県,さいたま市大宮区仲町１丁目３５番地、３６番地大塚ビル５階,,ブランクリニックさいたま大宮院,CODE,G000613,代表,ブランクリニックさいたま大宮院 さいたま市大宮区 公式サイト
343265436401,上村第二透析ステーション,4317210898,861-8039,熊本県,熊本市東区長嶺南１丁目２番１０号,,上村第二透析ステション,CODE,G000614,代表,上村第二透析ステーション 熊本市東区 公式サイト
343205292782,ともハートクリニック,1116522114,338-0004,埼玉県,さいたま市中央区本町西４丁目１６番地１０－１号,,ともハトクリニック,CODE,G000615,代表,ともハートクリニック さいたま市中央区 公式サイト
343198137076,在宅支援クリニックはるか,4317210914,862-0918,熊本県,熊本市東区花立五丁目６番９３号クオーレ進成Ａ棟,,在宅支援クリニックはるか,CODE,G000616,代表,在宅支援クリニックはるか 熊本市東区 公式サイト
343465965266,ルナレディースクリニック,4410123915,870-0124,大分県,大分市大字毛井２７９番地１,,ルナレディスクリニック,CODE,G000617,代表,ルナレディースクリニック 大分市 公式サイト
343265436398,こまくさクリニック,4015319512,822-1403,福岡県,田川郡香春町大字高野９０９番地３０,,こまくさクリニック,CODE,G000618,代表,こまくさクリニック 田川郡香春町 公式サイト
343265436394,すのはら医院こころの診療室,2010219166,390-0851,長野県,松本市島内３５０３番地１オフィスやまもと２階３号室,,すのはら医院こころの診療室,CODE,G000619,代表,すのはら医院こころの診療室 松本市 公式サイト
343198137077,箱館本町ストレスケアクリニック,0111419305,040-0011,北海道,函館市本町７番２４号Ｍ・Ｄ五稜郭ビル２階,,箱館本町ストレスケアクリニック,CODE,G000620,代表,箱館本町ストレスケアクリニック 函館市 公式サイト
343465965263,なのはなクリニック,1111102995,343-0103,埼玉県,北葛飾郡松伏町大字金杉１９２７番地,,なのはなクリニック,CODE,G000621,代表,なのはなクリニック 北葛飾郡松伏町 公式サイト
343452670672,たなかクリニック,0610812877,998-0022,山形県,酒田市駅東二丁目６番地の１１,,たなかクリニック,CODE,G000622,代表,たなかクリニック 酒田市 公式サイト
343452670670,くしろ形成外科スキンケアクリニック,0114115033,085-0805,北海道,釧路市桜ケ岡１丁目１０番２２号,,くしろ形成外科スキンケアクリニック,CODE,G000623,代表,くしろ形成外科スキンケアクリニック 釧路市 公式サイト
343370585840,誠和会クリニック,4011027937,814-0021,福岡県,福岡市早良区荒江３丁目２０番２号,,誠和会クリニック,CODE,G000624,代表,誠和会クリニック 福岡市早良区 公式サイト
343272627930,ブランクリニック札幌院,0110614484,060-0003,北海道,札幌市中央区北３条西３丁目１番地５６マルゲンビル２階,,ブランクリニック札幌院,CODE,G000625,代表,ブランクリニック札幌院 札幌市中央区 公式サイト
343228602070,駅前クリニック,0710213422,965-0024,福島県,会津若松市白虎町２０７番地１,,駅前クリニック,CODE,G000626,代表,駅前クリニック 会津若松市 公式サイト
343205292783,松江しげ整形外科,3210115139,699-0101,島根県,松江市東出雲町揖屋７９９番地１,,松江しげ整形外科,CODE,G000627,代表,松江しげ整形外科 松江市 公式サイト
343198137072,はた腎泌尿器クリニック,1111603430,362-0036,埼玉県,上尾市宮本町９－１,,はた腎泌尿器クリニック,CODE,G000628,代表,はた腎泌尿器クリニック 上尾市 公式サイト
343464018671,絆愛とみしろクリニック,4711110827,901-0213,沖縄県,豊見城市字高嶺８３－５　２階,,絆愛とみしろクリニック,CODE,G000629,代表,絆愛とみしろクリニック 豊見城市 公式サイト
343464018669,ふるかわクリニック,4110118363,840-2106,佐賀県,佐賀市諸富町山領４５９－８,,ふるかわクリニック,CODE,G000630,代表,ふるかわクリニック 佐賀市 公式サイト
343464018668,小郡睡眠時無呼吸クリニック,4012619500,838-0144,福岡県,小郡市祇園１丁目６－２,,小郡睡眠時無呼吸クリニック,CODE,G000631,代表,小郡睡眠時無呼吸クリニック 小郡市 公式サイト
343452670671,なかやまこどもクリニック,4010429951,811-2123,福岡県,糟屋郡宇美町光正寺１丁目１－１８,,なかやまこどもクリニック,CODE,G000632,代表,なかやまこどもクリニック 糟屋郡宇美町 公式サイト
343452670669,鼻と副鼻腔のクリニック　札幌,0110712031,060-0906,北海道,札幌市東区北６条東３丁目１番地１　ダ・ヴィンチモール３階,,鼻と副鼻腔のクリニック札幌,CODE,G000633,代表,鼻と副鼻腔のクリニック 札幌 札幌市東区 公式サイト
343408585444,なかむら耳鼻咽喉科,4710311459,904-2235,沖縄県,うるま市字前原３０８番地１,,なかむら耳鼻咽喉科,CODE,G000634,代表,なかむら耳鼻咽喉科 うるま市 公式サイト
343370585841,我孫子駅前泌尿器科クリニック,1212511731,270-1151,千葉県,我孫子市本町２－１－７　我孫子駅前サイコビル５階,,我孫子駅前泌尿器科クリニック,CODE,G000635,代表,我孫子駅前泌尿器科クリニック 我孫子市 公式サイト
343288731376,つる眼科うきは診療所,4013319431,839-1404,福岡県,うきは市浮羽町西隈上６３８－５,,つる眼科うきは診療所,CODE,G000636,代表,つる眼科うきは診療所 うきは市 公式サイト
343288731375,ＰＲＥＮＡＴＡＬ　ＣＬＩＮＩＣ　ＦＵＫＵＯＫＡ,4011028240,810-0021,福岡県,福岡市中央区今泉１丁目４－１,,prenatalclinicfukuoka,CODE,G000637,代表,PRENATAL CLINIC FUKUOKA 福岡市中央区 公式サイト
343288731374,ふじみ野泌尿器科,1113002078,356-0051,埼玉県,ふじみ野市亀久保３－１０－１０,,ふじみ野泌尿器科,CODE,G000638,代表,ふじみ野泌尿器科 ふじみ野市 公式サイト
343279774401,医療法人社団祐優会　ＯｋｕｎｏＣｌｉｎｉｃ．札幌,0110614609,060-0063,北海道,札幌市中央区南３条西１丁目８番１０ＣＯＮＮＥＣＴ　ＳＡＰＰＯＲＯ１階,,祐優会okunoclinic札幌,CODE,G000639,代表,医療法人社団祐優会 OkunoClinic.札幌 札幌市中央区 公式サイト
343279774400,むさしメディカルクリニック,1115102157,352-0025,埼玉県,新座市片山３丁目１１－２,,むさしメディカルクリニック,CODE,G000640,代表,むさしメディカルクリニック 新座市 公式サイト
343279774399,れいしんかいクリニック,4612911935,899-7306,鹿児島県,曽於郡大崎町永吉８２９９－１,,れいしんかいクリニック,CODE,G000641,代表,れいしんかいクリニック 曽於郡大崎町 公式サイト
343279774398,くまのみクリニック博多院,4010216044,812-0054,福岡県,福岡市東区馬出６丁目１３－５－１０２,,くまのみクリニック博多院,CODE,G000642,代表,くまのみクリニック博多院 福岡市東区 公式サイト
343279774397,なぎの消化器・内視鏡内科クリニック,0611611252,994-0083,山形県,天童市芳賀タウン南一丁目３－１７,,なぎの消化器内視鏡内科クリニック,CODE,G000643,代表,なぎの消化器・内視鏡内科クリニック 天童市 公式サイト
343272627928,からだとこころクリニック福岡天神,4011027978,810-0041,福岡県,福岡市中央区大名２－６－３９　７Ｆ,,からだとこころクリニック福岡天神,CODE,G000644,代表,からだとこころクリニック福岡天神 福岡市中央区 公式サイト
343272627927,医療法人社団ナイズ　キャップスクリニック市川妙典,1212718120,272-0111,千葉県,市川市妙典５－３－１　イオン市川妙典店１階,,ナイズキャップスクリニック市川妙典,CODE,G000645,代表,医療法人社団ナイズ キャップスクリニック市川妙典 市川市 公式サイト
343265436403,久冨内科医院,4011519552,816-0952,福岡県,大野城市下大利１丁目１６ー４セリユ下大利ビル２階,,久冨内科医院,CODE,G000646,代表,久冨内科医院 大野城市 公式サイト
343265436400,かすがこどもアレルギークリニック,4011619659,816-0844,福岡県,春日市上白水７丁目１５番地,,かすがこどもアレルギクリニック,CODE,G000647,代表,かすがこどもアレルギークリニック 春日市 公式サイト
343265436399,西嶋内科・消化器内視鏡クリニック,4011028216,814-0175,福岡県,福岡市早良区田村二丁目８番４１号,,西嶋内科消化器内視鏡クリニック,CODE,G000648,代表,西嶋内科・消化器内視鏡クリニック 福岡市早良区 公式サイト
343265436397,みさとレディースクリニック,2014017707,399-8101,長野県,安曇野市三郷明盛１１７０番地２,,みさとレディスクリニック,CODE,G000649,代表,みさとレディースクリニック 安曇野市 公式サイト
343228602069,医療法人聖仁会　西部さくらクリニック,1116522080,338-0824,埼玉県,さいたま市桜区上大久保８９０－１,,聖仁会西部さくらクリニック,CODE,G000650,代表,医療法人聖仁会 西部さくらクリニック さいたま市桜区 公式サイト
343228602068,オキュロフェイシャルクリニック福岡,4010216093,812-0029,福岡県,福岡市博多区古門戸町１番４号　ＭｉｐＬａ古門戸３階,,オキュロフェイシャルクリニック福岡,CODE,G000651,代表,オキュロフェイシャルクリニック福岡 福岡市博多区 公式サイト
343205292786,あんしんクリニック,0910118454,321-0954,栃木県,宇都宮市元今泉３丁目３１－２,,あんしんクリニック,CODE,G000652,代表,あんしんクリニック 宇都宮市 公式サイト
343205292785,あくつ眼科矢板院,0911110252,329-2162,栃木県,矢板市末広町２５－１,,あくつ眼科矢板院,CODE,G000653,代表,あくつ眼科矢板院 矢板市 公式サイト
343205292784,西原ぱっちり眼科,4712212036,903-0102,沖縄県,中頭郡西原町嘉手苅１３０サンエー西原シティ１階,,西原ぱっちり眼科,CODE,G000654,代表,西原ぱっちり眼科 中頭郡西原町 公式サイト
343205292781,川口元郷ファミリー耳鼻咽喉科,1110210997,332-0017,埼玉県,川口市栄町１丁目１２番２１号シティデュオタワー川口２０６号室,,川口元郷ファミリ耳鼻咽喉科,CODE,G000655,代表,川口元郷ファミリー耳鼻咽喉科 川口市 公式サイト
343201665739,こいけ呼吸器内科クリニック,0912610631,329-1232,栃木県,塩谷郡高根沢町光陽台六丁目５－９,,こいけ呼吸器内科クリニック,CODE,G000656,代表,こいけ呼吸器内科クリニック 塩谷郡高根沢町 公式サイト
343201665738,社会医療法人　敬愛会　中頭総合ちばなクリニック,4710412190,904-2143,沖縄県,沖縄市知花６－２５－１５,,敬愛会中頭総合ちばなクリニック,CODE,G000657,代表,社会医療法人 敬愛会 中頭総合ちばなクリニック 沖縄市 公式サイト
343201665737,本庄北クリニック,1114301826,367-0042,埼玉県,本庄市けや木３丁目２５番１４号,,本庄北クリニック,CODE,G000658,代表,本庄北クリニック 本庄市 公式サイト
343201665736,さくら内科リウマチ膠原病クリニック,2015110394,388-8008,長野県,長野市合戦場２－４７－１,,さくら内科リウマチ膠原病クリニック,CODE,G000659,代表,さくら内科リウマチ膠原病クリニック 長野市 公式サイト
343198137075,新鳥栖もりたクリニック,4110312735,841-0071,佐賀県,鳥栖市原古賀町７２２－４,,新鳥栖もりたクリニック,CODE,G000660,代表,新鳥栖もりたクリニック 鳥栖市 公式サイト
343198137073,わだ小児科クリニック,0311610273,020-0655,岩手県,滝沢市鵜飼御庭田６５番地２,,わだ小児科クリニック,CODE,G000661,代表,わだ小児科クリニック 滝沢市 公式サイト
343452767949,ヨルノクリニック,0910510809,322-0046,栃木県,鹿沼市樅山町３７１,,ヨルノクリニック,CODE,G000662,代表,ヨルノクリニック 鹿沼市 公式サイト
343452739273,アカシヤレディースクリニック,1116522015,330-0063,埼玉県,さいたま市浦和区高砂２丁目８－１６浦和ガーデンビル２階（２０４区画）,,アカシヤレディスクリニック,CODE,G000663,代表,アカシヤレディースクリニック さいたま市浦和区 公式サイト
343399014133,Ｄｒ．ｃｏｍｉｎｇ　那覇クリニック,4710119928,902-0075,沖縄県,那覇市国場３７２番地１階,,drcoming那覇クリニック,CODE,G000664,代表,Dr.coming 那覇クリニック 那覇市 公式サイト
343399014132,すなお手のひら診療所,4710311442,904-2221,沖縄県,うるま市平良川１２３　２Ｆ－１,,すなお手のひら診療所,CODE,G000665,代表,すなお手のひら診療所 うるま市 公式サイト
343316492011,桜上水駅前アイクリニックさくら眼科,1315533690,156-0045,東京都,世田谷区桜上水五丁目２４番９号　桜上水ビル２階,,桜上水駅前アイクリニックさくら眼科,CODE,G000666,代表,桜上水駅前アイクリニックさくら眼科 世田谷区 公式サイト
343466040036,水道橋やまがたこころクリニック,1310138222,101-0061,東京都,千代田区神田三崎町２丁目１７－８　ドメス水道橋ビルディング３０２,,水道橋やまがたこころクリニック,CODE,G000667,代表,水道橋やまがたこころクリニック 千代田区 公式サイト
343452650175,田中整形外科まりこ眼科,4111211076,849-0102,佐賀県,三養基郡みやき町簑原９１７,,田中整形外科まりこ眼科,CODE,G000668,代表,田中整形外科まりこ眼科 三養基郡みやき町 公式サイト
343408585443,六本松こころのクリニック,4011027952,810-0045,福岡県,福岡市中央区草香江２丁目１－５　ＡＧ六本松４階Ａ区画,,六本松こころのクリニック,CODE,G000669,代表,六本松こころのクリニック 福岡市中央区 公式サイト
343392398061,あまくさ生活習慣病クリニック,4312011085,863-0043,熊本県,天草市亀場町亀川１２３番地９,,あまくさ生活習慣病クリニック,CODE,G000670,代表,あまくさ生活習慣病クリニック 天草市 公式サイト
343316492010,紫波循環器内科クリニック,0312211295,028-3305,岩手県,紫波郡紫波町日詰東裏２０番地１,,紫波循環器内科クリニック,CODE,G000671,代表,紫波循環器内科クリニック 紫波郡紫波町 公式サイト
343452797667,キュアステーションそよら市川南クリニック,1212718062,272-0033,千葉県,市川市市川南２－８－１　そよらリーフシティ市川２階,,キュアステションそよら市川南クリニック,CODE,G000672,代表,キュアステーションそよら市川南クリニック 市川市 公式サイト
343452739272,はやぶさ耳鼻咽喉科,4610128938,891-0114,鹿児島県,鹿児島市小松原１丁目８－８,,はやぶさ耳鼻咽喉科,CODE,G000673,代表,はやぶさ耳鼻咽喉科 鹿児島市 公式サイト
343408585442,形成外科はやしクリニック,0111014726,069-0847,北海道,江別市大麻ひかり町３２－１大麻メディカルモール,,形成外科はやしクリニック,CODE,G000674,代表,形成外科はやしクリニック 江別市 公式サイト
343392398062,にしむら泌尿器科・内科クリニック札幌大通,0110614534,060-0042,北海道,札幌市中央区大通西２丁目５番地１　都心ビル８階,,にしむら泌尿器科内科クリニック札幌大通,CODE,G000675,代表,にしむら泌尿器科・内科クリニック札幌大通 札幌市中央区 公式サイト
343390618318,ふじの花おなかと内科クリニック,0910118421,321-0973,栃木県,宇都宮市岩曽町３２－２１,,ふじの花おなかと内科クリニック,CODE,G000676,代表,ふじの花おなかと内科クリニック 宇都宮市 公式サイト
343466040035,ほまれレディースクリニック,1110612804,344-0062,埼玉県,春日部市粕壁東一丁目２０番３０号コープかすかべ東店２階,,ほまれレディスクリニック,CODE,G000677,代表,ほまれレディースクリニック 春日部市 公式サイト
343452699362,ふるかわ腎・泌尿器科クリニック,0411511520,989-6115,宮城県,大崎市古川駅東１丁目１番２０－１,,ふるかわ腎泌尿器科クリニック,CODE,G000678,代表,ふるかわ腎・泌尿器科クリニック 大崎市 公式サイト
343399014130,西野バードリーフ診療所,0110419942,063-0035,北海道,札幌市西区西野５条６丁目９－１３,,西野バドリフ診療所,CODE,G000679,代表,西野バードリーフ診療所 札幌市西区 公式サイト
343452797660,てれじあ診療所,4610128953,892-0871,鹿児島県,鹿児島市吉野町２７１３番地２,,てれじあ診療所,CODE,G000680,代表,てれじあ診療所 鹿児島市 公式サイト
343452767940,眼科　城下医院,1113801230,347-0102,埼玉県,加須市日出安９５４－１,,眼科城下医院,CODE,G000681,代表,眼科 城下医院 加須市 公式サイト
343399014122,おおみや整形外科・手の外科クリニック,1116522254,331-0053,埼玉県,さいたま市西区植田谷本７７－１,,おおみや整形外科手の外科クリニック,CODE,G000682,代表,おおみや整形外科・手の外科クリニック さいたま市西区 公式サイト
343466040022,銀座心療内科・精神科エキマエメンタルクリニック,1316220206,104-0061,東京都,中央区銀座五丁目８番３号　四谷学院ビル３階,,銀座心療内科精神科エキマエメンタルクリニック,CODE,G000683,代表,銀座心療内科・精神科エキマエメンタルクリニック 中央区 公式サイト
343452767948,釧路メディスンクリニック,0114115058,085-0815,北海道,釧路市材木町５－２３,,釧路メディスンクリニック,CODE,G000684,代表,釧路メディスンクリニック 釧路市 公式サイト
343466040034,大野城　ふくだ内科・内視鏡クリニック,4011519511,816-0971,福岡県,大野城市牛頸３丁目２番５号,,大野城ふくだ内科内視鏡クリニック,CODE,G000685,代表,大野城 ふくだ内科・内視鏡クリニック 大野城市 公式サイト
343466040033,お茶の水乳腺クリニック,1310138271,101-0062,東京都,千代田区神田駿河台二丁目５番地７　村田ビルディング６階,,お茶の水乳腺クリニック,CODE,G000686,代表,お茶の水乳腺クリニック 千代田区 公式サイト
343466040032,いわもと脳神経外科,4610312235,893-0014,鹿児島県,鹿屋市寿三丁目２番１３号,,いわもと脳神経外科,CODE,G000687,代表,いわもと脳神経外科 鹿屋市 公式サイト
343466040031,せきもと内科クリニック,1210126847,260-0808,千葉県,千葉市中央区星久喜町２２７－１,,せきもと内科クリニック,CODE,G000688,代表,せきもと内科クリニック 千葉市中央区 公式サイト
343466040030,沖野フローレンスクリニック,0415313253,984-0831,宮城県,仙台市若林区沖野二丁目１６番２０号,,沖野フロレンスクリニック,CODE,G000689,代表,沖野フローレンスクリニック 仙台市若林区 公式サイト
343466040026,仙台駅前ほし呼吸器クリニック,0415213735,983-0852,宮城県,仙台市宮城野区榴岡１丁目２－１３ヨドバシ仙台第２ビル４階,,仙台駅前ほし呼吸器クリニック,CODE,G000690,代表,仙台駅前ほし呼吸器クリニック 仙台市宮城野区 公式サイト
343466040025,いちのせ耳鼻咽喉科,2010517866,395-0003,長野県,飯田市上郷別府３５－１,,いちのせ耳鼻咽喉科,CODE,G000691,代表,いちのせ耳鼻咽喉科 飯田市 公式サイト
343452797665,中島内科クリニック,1212718112,272-0026,千葉県,市川市東大和田２－１－１６　ＫＵＺＥ市川５１２,,中島内科クリニック,CODE,G000692,代表,中島内科クリニック 市川市 公式サイト
343452797662,あんじゅ在宅クリニック,0912610623,329-1232,栃木県,塩谷郡高根沢町光陽台２－１－１エクセレント宝１－２,,あんじゅ在宅クリニック,CODE,G000693,代表,あんじゅ在宅クリニック 塩谷郡高根沢町 公式サイト
343452767946,おおのたウィメンズクリニック　大宮大門町,1116522023,330-0846,埼玉県,さいたま市大宮区大門町二丁目２６番地１鍵利ＣＬＴ　ＢＬＤＧ．３・４・５階,,おおのたウィメンズクリニック大宮大門町,CODE,G000694,代表,おおのたウィメンズクリニック 大宮大門町 さいたま市大宮区 公式サイト
343452767945,たなか甲状腺クリニック,4510121090,880-0824,宮崎県,宮崎市大島町西田２１３６番４,,たなか甲状腺クリニック,CODE,G000695,代表,たなか甲状腺クリニック 宮崎市 公式サイト
343452767944,いたばし整形外科関節クリニック,1311935055,173-0004,東京都,板橋区板橋１－５４－４　メディカルステーション板橋１０２,,いたばし整形外科関節クリニック,CODE,G000696,代表,いたばし整形外科関節クリニック 板橋区 公式サイト
343452767937,アクティブシニアクリニックＬＵＮＡ沖縄,4710119852,900-0013,沖縄県,那覇市牧志一丁目４番４３号　新川ビル２階２－Ａ,,アクティブシニアクリニックluna沖縄,CODE,G000697,代表,アクティブシニアクリニックLUNA沖縄 那覇市 公式サイト
343452739270,鈴木レディースクリニック新宿,1315726625,160-0023,東京都,新宿区西新宿１－５－１１　新宿三葉ビル６階,,鈴木レディスクリニック新宿,CODE,G000698,代表,鈴木レディースクリニック新宿 新宿区 公式サイト
343452650173,ブランクリニック仙台院,0415119890,980-0021,宮城県,仙台市青葉区中央３丁目１番２１ＵＳビル１９・ナインティーン７階,,ブランクリニック仙台院,CODE,G000699,代表,ブランクリニック仙台院 仙台市青葉区 公式サイト
343408585440,こあら内科クリニック,1210126805,262-0032,千葉県,千葉市花見川区幕張町６－９８－１　コープ幕張駅北口店３階,,こあら内科クリニック,CODE,G000700,代表,こあら内科クリニック 千葉市花見川区 公式サイト
343399014125,まつおか前原内科,4012019701,819-1117,福岡県,糸島市前原西四丁目５番２８号,,まつおか前原内科,CODE,G000701,代表,まつおか前原内科 糸島市 公式サイト
343399014123,薬院きえレディースクリニック,4011028174,810-0012,福岡県,福岡市中央区白金１丁目３－１－２０１,,薬院きえレディスクリニック,CODE,G000702,代表,薬院きえレディースクリニック 福岡市中央区 公式サイト
343392398058,医療法人社団　ＷＨＭ　クリニックプラス自由が丘,1315533914,158-0083,東京都,世田谷区奥沢五丁目２６番１２号　ＭＥＲＩＸビル　４階,,whmクリニックプラス自由が丘,CODE,G000703,代表,医療法人社団 WHM クリニックプラス自由が丘 世田谷区 公式サイト
343390618316,やぎ子どもクリニック,0911310365,325-0037,栃木県,那須塩原市美原町４番８５号,,やぎ子どもクリニック,CODE,G000704,代表,やぎ子どもクリニック 那須塩原市 公式サイト
343390618314,医療法人社団彩り会　彩り在宅クリニック加納,4510121124,889-1605,宮崎県,宮崎市清武町加納甲２７２２番地１,,彩り会彩り在宅クリニック加納,CODE,G000705,代表,医療法人社団彩り会 彩り在宅クリニック加納 宮崎市 公式サイト
343316492004,みかづき在宅クリニック,1115301239,364-0013,埼玉県,北本市中丸４丁目１２３－５,,みかづき在宅クリニック,CODE,G000706,代表,みかづき在宅クリニック 北本市 公式サイト
343316492003,川越山田耳鼻科,1110414847,350-0822,埼玉県,川越市山田２０１５－１３,,川越山田耳鼻科,CODE,G000707,代表,川越山田耳鼻科 川越市 公式サイト
343466040029,東根さとう消化器内科・内視鏡クリニック,0611710849,999-3763,山形県,東根市神町中央一丁目９番３号,,東根さとう消化器内科内視鏡クリニック,CODE,G000708,代表,東根さとう消化器内科・内視鏡クリニック 東根市 公式サイト
343466040027,森レディースクリニック,4610129126,890-0042,鹿児島県,鹿児島市薬師２丁目７番３８号　１階,,森レディスクリニック,CODE,G000709,代表,森レディースクリニック 鹿児島市 公式サイト
343466040021,千歳船橋駅前こもり腎泌尿器クリニック,1315533971,156-0055,東京都,世田谷区船橋１－９－２１　マルエツ千歳船橋店３階,,千歳船橋駅前こもり腎泌尿器クリニック,CODE,G000710,代表,千歳船橋駅前こもり腎泌尿器クリニック 世田谷区 公式サイト
343452797666,ブランクリニック　新宿院,1315726583,160-0022,東京都,新宿区新宿三丁目１７番４号　新宿レミナビル８階,,ブランクリニック新宿院,CODE,G000711,代表,ブランクリニック 新宿院 新宿区 公式サイト
343452767941,つちもち整形外科クリニック,4614210807,894-0032,鹿児島県,奄美市名瀬柳町４番４３号２Ｆ,,つちもち整形外科クリニック,CODE,G000712,代表,つちもち整形外科クリニック 奄美市 公式サイト
343452767938,稲王クリニック,1116522049,339-0068,埼玉県,さいたま市岩槻区並木１丁目１０－５,,稲王クリニック,CODE,G000713,代表,稲王クリニック さいたま市岩槻区 公式サイト
343452739271,医療法人社団鳳應会ＦＲＡＩＳＥ　ＣＬＩＮＩＣ,0110614575,064-0825,北海道,札幌市中央区北５条西２６丁目１番ＶＥＮ　Ｈｏｌｄｉｎｇｓ　ｂｌｄｇ２０２,,鳳應会fraiseclinic,CODE,G000714,代表,医療法人社団鳳應会FRAISE CLINIC 札幌市中央区 公式サイト
343452739268,医療法人社団　Ｍ－ＦＯＲＥＳＴ　ＴＡＫＡＮＡＷＡ　ＧＡＴＥＷＡＹ　Ｃｌｉｎｉｃｓ　睡眠・呼吸器,1315827191,108-0074,東京都,港区高輪二丁目２２番１号　ＴＨＥ　ＬＩＮＫＰＩＬＬＡＲ２　５階,,mforesttakanawagatewayclinics睡眠呼吸器,CODE,G000715,代表,医療法人社団 M-FOREST TAKANAWA GATEWAY Clinics 睡眠・呼吸器 港区 公式サイト
343452699361,どい整形外科・内科クリニック,4210228229,857-0024,長崎県,佐世保市花園町１０１－１０,,どい整形外科内科クリニック,CODE,G000716,代表,どい整形外科・内科クリニック 佐世保市 公式サイト
343452699360,ｍｉｎａこころのクリニック,1116522031,330-0063,埼玉県,さいたま市浦和区高砂２－１－８浦和駅前メディカル２階,,minaこころのクリニック,CODE,G000717,代表,minaこころのクリニック さいたま市浦和区 公式サイト
343408585436,スリープリカバリークリニック番町,1310138412,102-0075,東京都,千代田区三番町１８－１８　ＣＳ１８１８　１階,,スリプリカバリクリニック番町,CODE,G000718,代表,スリープリカバリークリニック番町 千代田区 公式サイト
343399014126,医療法人社団新穂会　　せんげん台駅前皮ふ科,1110810507,343-0042,埼玉県,越谷市千間台東１丁目９番地１２池澤第２ビル３階３０１号室,,新穂会せんげん台駅前皮ふ科,CODE,G000719,代表,医療法人社団新穂会  せんげん台駅前皮ふ科 越谷市 公式サイト
343392398059,マイホームクリニックちとせ,0111112298,066-0074,北海道,千歳市緑町５－２－１６雅１０１,,マイホムクリニックちとせ,CODE,G000720,代表,マイホームクリニックちとせ 千歳市 公式サイト
343392398056,やまぐち皮ふ科,1116522247,337-0006,埼玉県,さいたま市見沼区島町４１６－１,,やまぐち皮ふ科,CODE,G000721,代表,やまぐち皮ふ科 さいたま市見沼区 公式サイト
343390618317,ジ・アルテクリニック,1315726385,160-0023,東京都,新宿区西新宿５丁目５番１号　ザ・パークハウス西新宿タワー６０－２０４号室,,ジアルテクリニック,CODE,G000722,代表,ジ・アルテクリニック 新宿区 公式サイト
343316492008,新宿中井駅前みやもと内科・内視鏡クリニック,1315726567,161-0032,東京都,新宿区中落合１－１８－５　ウェルスクエアプラザ中井３、４階,,新宿中井駅前みやもと内科内視鏡クリニック,CODE,G000723,代表,新宿中井駅前みやもと内科・内視鏡クリニック 新宿区 公式サイト
343466040028,恵み野おおほり内科クリニック,0410213045,986-0868,宮城県,石巻市恵み野１丁目１０番５号,,恵み野おおほり内科クリニック,CODE,G000724,代表,恵み野おおほり内科クリニック 石巻市 公式サイト
343466040024,平岸ふたば内科クリニック,0110517349,062-0932,北海道,札幌市豊平区平岸２条１４丁目１－１８Ｉ＆Ｈ　ブルージェットビル３階,,平岸ふたば内科クリニック,CODE,G000725,代表,平岸ふたば内科クリニック 札幌市豊平区 公式サイト
343466040023,陽向クリニック,4614210815,894-0027,鹿児島県,奄美市名瀬末広町２－２７　２Ｆ,,陽向クリニック,CODE,G000726,代表,陽向クリニック 奄美市 公式サイト
343452797664,錦糸町おしりとおなかのクリニック,1310730036,130-0022,東京都,墨田区江東橋４丁目８－１２　プライムメゾン錦糸町１０１号,,錦糸町おしりとおなかのクリニック,CODE,G000727,代表,錦糸町おしりとおなかのクリニック 墨田区 公式サイト
343452797663,医療法人社団　鎮誠会　印西花の丘整形外科,1214611109,270-1340,千葉県,印西市中央南１－４－３,,鎮誠会印西花の丘整形外科,CODE,G000728,代表,医療法人社団 鎮誠会 印西花の丘整形外科 印西市 公式サイト
343452797661,さっぽろ西線クリニック,0110614526,064-0810,北海道,札幌市中央区南１０条西１５丁目２－１,,さっぽろ西線クリニック,CODE,G000729,代表,さっぽろ西線クリニック 札幌市中央区 公式サイト
343452767947,なないろの里皮膚科,0415313246,984-0017,宮城県,仙台市若林区なないろの里一丁目１９番地４メデルなないろの里２階,,なないろの里皮膚科,CODE,G000730,代表,なないろの里皮膚科 仙台市若林区 公式サイト
343452767943,みどりの丘ホームケアクリニック,1111102987,343-0111,埼玉県,北葛飾郡松伏町松伏３８５,,みどりの丘ホムケアクリニック,CODE,G000731,代表,みどりの丘ホームケアクリニック 北葛飾郡松伏町 公式サイト
343452767942,ふなばし内科メディカルクリニック,1212819712,273-0047,千葉県,船橋市藤原２－１６－１６　Ｙ’ｓ　Ｍｅｄｉｃａｌ　Ｈｕｂ　２０１,,ふなばし内科メディカルクリニック,CODE,G000732,代表,ふなばし内科メディカルクリニック 船橋市 公式サイト
343452767939,和マタニティホームクリニック,1212718153,272-0035,千葉県,市川市新田１－２０－７,,和マタニティホムクリニック,CODE,G000733,代表,和マタニティホームクリニック 市川市 公式サイト
343452767936,ことに白坂メンタルクリニック,0110419926,063-0811,北海道,札幌市西区琴似１条１丁目７番２５号ファインクラス札幌琴似２階,,ことに白坂メンタルクリニック,CODE,G000734,代表,ことに白坂メンタルクリニック 札幌市西区 公式サイト
343452739269,ともしびクリニック熊本院,4317111260,860-0808,熊本県,熊本市中央区手取本町４－１７ＴＥＴＯＲＩＨＯＮＣＨＯ　ＳＡＭＵＲＡＩ　ＢＬＤ．６Ｆ－Ａ,,ともしびクリニック熊本院,CODE,G000735,代表,ともしびクリニック熊本院 熊本市中央区 公式サイト
343452739267,山本功皮膚科,0210118931,030-8533,青森県,青森市緑三丁目９－２サンロード青森４Ｆ,,山本功皮膚科,CODE,G000736,代表,山本功皮膚科 青森市 公式サイト
343452739266,ほまれメンタルクリニック,1110612812,344-0062,埼玉県,春日部市粕壁東一丁目２０番３０号コープかすかべ東店２階,,ほまれメンタルクリニック,CODE,G000737,代表,ほまれメンタルクリニック 春日部市 公式サイト
343452650174,豊春メディカルクリニック,1110612838,344-0046,埼玉県,春日部市上蛭田６４９,,豊春メディカルクリニック,CODE,G000738,代表,豊春メディカルクリニック 春日部市 公式サイト
343452650172,なかぞのクリニック,4016119689,811-4303,福岡県,遠賀郡遠賀町今古賀５０７番１,,なかぞのクリニック,CODE,G000739,代表,なかぞのクリニック 遠賀郡遠賀町 公式サイト
343408585441,ＳＡＰＰＯＲＯ　ＢＡＳＥ　ＣＬＩＮＩＣ,0110419975,063-0811,北海道,札幌市西区琴似１条５丁目３番２０号,,sapporobaseclinic,CODE,G000740,代表,SAPPORO BASE CLINIC 札幌市西区 公式サイト
343408585439,あきば脳神経クリニック,4510121066,880-0951,宮崎県,宮崎市大塚町迫田２７０番地１,,あきば脳神経クリニック,CODE,G000741,代表,あきば脳神経クリニック 宮崎市 公式サイト
343408585438,やまだ内科・内視鏡クリニック,4410123956,870-0918,大分県,大分市日吉町１７番３７号,,やまだ内科内視鏡クリニック,CODE,G000742,代表,やまだ内科・内視鏡クリニック 大分市 公式サイト
343408585437,ほとりメンタルクリニック　川口元郷,1110210971,332-0017,埼玉県,川口市栄町１－１２－２１シティデュオタワー川口２０１,,ほとりメンタルクリニック川口元郷,CODE,G000743,代表,ほとりメンタルクリニック 川口元郷 川口市 公式サイト
343399014129,みなもファミリークリニック,1315827423,108-0014,東京都,港区芝４－３－２　三田富洋ハイツ３０３,,みなもファミリクリニック,CODE,G000744,代表,みなもファミリークリニック 港区 公式サイト
343399014128,桜坂くすだこどもクリニック,4011028059,810-0024,福岡県,福岡市中央区桜坂１－２－８　桜坂メディカルビル２Ｆ,,桜坂くすだこどもクリニック,CODE,G000745,代表,桜坂くすだこどもクリニック 福岡市中央区 公式サイト
343399014127,朝霞メンタルクリニック,1112102390,351-0023,埼玉県,朝霞市溝沼６－４－６９第一わたや荘２０３,,朝霞メンタルクリニック,CODE,G000746,代表,朝霞メンタルクリニック 朝霞市 公式サイト
343399014124,七里いまむらクリニック,1116522072,337-0012,埼玉県,さいたま市見沼区東宮下１－１５２－１,,七里いまむらクリニック,CODE,G000747,代表,七里いまむらクリニック さいたま市見沼区 公式サイト
343399014121,渋谷スクランブル皮膚科ＡＮＮＥＸ,1316022206,150-0041,東京都,渋谷区神南一丁目２２番１号　ＫＣＡ　ＳＨＩＢＵＹＡ　ｂｌｄｇ．９階,,渋谷スクランブル皮膚科annex,CODE,G000748,代表,渋谷スクランブル皮膚科ANNEX 渋谷区 公式サイト
343392398060,はるのね内科ハートクリニック,4010429928,811-2316,福岡県,糟屋郡粕屋町長者原西３丁目７番１８号,,はるのね内科ハトクリニック,CODE,G000749,代表,はるのね内科ハートクリニック 糟屋郡粕屋町 公式サイト
343392398057,なないろこどもクリニック,0110712049,060-0906,北海道,札幌市東区北６条東３丁目１－１ダヴィンチモール３階,,なないろこどもクリニック,CODE,G000750,代表,なないろこどもクリニック 札幌市東区 公式サイト
343392398055,おくだ内科・循環器内科,4011028331,814-0112,福岡県,福岡市城南区友丘２丁目３番６号,,おくだ内科循環器内科,CODE,G000751,代表,おくだ内科・循環器内科 福岡市城南区 公式サイト
343390618315,アトールクリニック博多院,4010216168,812-0013,福岡県,福岡市博多区博多駅東１－１２－８トヨタレンタリース博多駅前ビル５Ｆ,,アトルクリニック博多院,CODE,G000752,代表,アトールクリニック博多院 福岡市博多区 公式サイト
343390618313,門司港皮ふ科クリニック,4017619984,801-0833,福岡県,北九州市門司区清滝４丁目２－７,,門司港皮ふ科クリニック,CODE,G000753,代表,門司港皮ふ科クリニック 北九州市門司区 公式サイト
343390618312,医療法人和心会 小口メンタルクリニック,2011417603,391-0013,長野県,茅野市宮川４４４１－３,,和心会小口メンタルクリニック,CODE,G000754,代表,医療法人和心会 小口メンタルクリニック 茅野市 公式サイト
343390618311,東川口駅前泌尿器科クリニック,1110211029,333-0801,埼玉県,川口市東川口２－１－１ノースフロント３階,,東川口駅前泌尿器科クリニック,CODE,G000755,代表,東川口駅前泌尿器科クリニック 川口市 公式サイト
343316492007,大曲ひまり眼科,0510811714,014-0033,秋田県,大仙市和合字坪立１７７イオンモール大曲１階,,大曲ひまり眼科,CODE,G000756,代表,大曲ひまり眼科 大仙市 公式サイト
343316492006,ホームケアクリニック　ネクサス,0111513735,049-0111,北海道,北斗市七重浜８丁目４－１,,ホムケアクリニックネクサス,CODE,G000757,代表,ホームケアクリニック ネクサス 北斗市 公式サイト
343316492005,宇都宮糖尿病内分泌内科クリニック,0910118462,321-0952,栃木県,宇都宮市泉が丘６丁目１番４３号,,宇都宮糖尿病内分泌内科クリニック,CODE,G000758,代表,宇都宮糖尿病内分泌内科クリニック 宇都宮市 公式サイト
343316492002,クリニックフォア天神,4011027986,810-0001,福岡県,福岡市中央区天神三丁目１６番１７号天神鍛冶町ビル３階,,クリニックフォア天神,CODE,G000759,代表,クリニックフォア天神 福岡市中央区 公式サイト
343316492001,いけむら外科・小児科,4710610694,906-0012,沖縄県,宮古島市平良西里９７８－２,,いけむら外科小児科,CODE,G000760,代表,いけむら外科・小児科 宮古島市 公式サイト
342381530821,女医によるファミリークリニック,,,広島県,広島県広島市南区松原町5-1 ビッグフロントひろしま4F,,女医によるファミリクリニック,PREF+NAME,G000761,代表,女医によるファミリークリニック 広島県広島市南区 公式サイト
341111930560,嶋田クリニック（仮）,,,,,,嶋田クリニック仮,PREF+NAME,G000762,代表,嶋田クリニック(仮)  公式サイト
337878433502,株式会社テスト齊藤,,,,,,株式会社テスト齊藤,PREF+NAME,G000763,代表,株式会社テスト齊藤  公式サイト
334034178792,しんぷく歯科,,899-4343,鹿児島県,霧島市国分野口西２０−１７,,しんぷく歯科,ZIP+NAME,G000764,代表,しんぷく歯科 霧島市 公式サイト
330503172846,ノースポイント甲状腺クリニック,,5620034,大阪府,箕面市西宿１－１３－１０みのおキューズモールＥＡＳＴ２－３Ｆ,,ノスポイント甲状腺クリニック,ZIP+NAME,G000765,代表,ノースポイント甲状腺クリニック 箕面市 公式サイト
313700784884,医療法人社団城南会　富山城南病院,1610120055,939-8272,富山県,富山市太郎丸本町一丁目８番１,,城南会富山城南病院,CODE,G000766,代表,医療法人社団城南会 富山城南病院 富山市 公式サイト
313700748011,江尻電停前眼科,,933-0062,富山県,高岡市江尻３６３番地の１,,江尻電停前眼科,ZIP+NAME,G000767,代表,江尻電停前眼科 高岡市 公式サイト
313707810536,黒田内科医院,1611610732,930-3265,富山県,中新川郡立山町米沢７－１,,黒田内科医院,CODE,G000768,代表,黒田内科医院 中新川郡立山町 公式サイト
313663163124,大橋耳鼻科・眼科クリニック,1610710475,938-0037,富山県,黒部市新牧野１７６,,大橋耳鼻科眼科クリニック,CODE,G000769,代表,大橋耳鼻科・眼科クリニック 黒部市 公式サイト
313587877614,たかはし内科医院,1611910835,939-0341,富山県,射水市三ケ１０２８,,たかはし内科医院,CODE,G000770,代表,たかはし内科医院 射水市 公式サイト
313504636661,岩井整形外科医院,1610710509,938-0023,富山県,黒部市堀高３５番地,,岩井整形外科医院,CODE,G000771,代表,岩井整形外科医院 黒部市 公式サイト
313707877051,医療法人社団　伊井外科医院,1610610584,936-0068,富山県,滑川市加島町２０３,,伊井外科医院,CODE,G000772,代表,医療法人社団 伊井外科医院 滑川市 公式サイト
313707847358,西野医院,1610510750,935-0024,富山県,氷見市窪１０７６番地１,,西野医院,CODE,G000773,代表,西野医院 氷見市 公式サイト
313663163123,あおき整形外科クリニック,1610119560,930-0953,富山県,富山市秋吉１１２－４,,あおき整形外科クリニック,CODE,G000774,代表,あおき整形外科クリニック 富山市 公式サイト
313553858287,さかい内科クリニック,1610213496,933-0878,富山県,高岡市東上関３０５－１,,さかい内科クリニック,CODE,G000775,代表,さかい内科クリニック 高岡市 公式サイト
313544881855,くまのクリニック,1610118760,939-8182,富山県,富山市悪王寺４１番地１,,くまのクリニック,CODE,G000776,代表,くまのクリニック 富山市 公式サイト
313707927236,林耳鼻咽喉科医院,2218400253,431-0442,静岡県,湖西市古見６７１－１,,林耳鼻咽喉科医院,CODE,G000777,代表,林耳鼻咽喉科医院 湖西市 公式サイト
313700666077,富山西総合病院,1610119255,939-2716,富山県,富山市婦中町下轡田１０１９,,富山西総合病院,CODE,G000778,代表,富山西総合病院 富山市 公式サイト
313587877613,うえだ眼科,2217310206,437-1101,静岡県,袋井市浅羽１６００番地の１,,うえだ眼科,CODE,G000779,代表,うえだ眼科 袋井市 公式サイト
313707927235,河上内科医院,1610116103,930-0095,富山県,富山市舟橋南町６番１５号,,河上内科医院,CODE,G000780,代表,河上内科医院 富山市 公式サイト
313656145657,うおざきファミリー病院,1610118513,930-0066,富山県,富山市千石町六丁目３番７号,,うおざきファミリ病院,CODE,G000781,代表,うおざきファミリー病院 富山市 公式サイト
313561079495,はやほし内科胃腸科クリニック,1610117697,939-2706,富山県,富山市婦中町速星３７５－１,,はやほし内科胃腸科クリニック,CODE,G000782,代表,はやほし内科胃腸科クリニック 富山市 公式サイト
313707810535,疋田クリニック,2218400378,431-0302,静岡県,湖西市新居町新居１３２３－５,,疋田クリニック,CODE,G000783,代表,疋田クリニック 湖西市 公式サイト
313700666076,ながおか内科,2217410030,436-0043,静岡県,掛川市大池１４３５,,ながおか内科,CODE,G000784,代表,ながおか内科 掛川市 公式サイト
313553858286,もがみ内科クリニック,2217211479,434-0015,静岡県,浜松市浜名区於呂２８４０番地の８,,もがみ内科クリニック,CODE,G000785,代表,もがみ内科クリニック 浜松市浜名区 公式サイト
313544881854,いま泉病院,1610114314,939-8075,富山県,富山市今泉２２０,,いま泉病院,CODE,G000786,代表,いま泉病院 富山市 公式サイト
313700819685,大樹レディースクリニック,2217212063,433-8108,静岡県,浜松市中央区根洗町５４７番地の２,,大樹レディスクリニック,CODE,G000787,代表,大樹レディースクリニック 浜松市中央区 公式サイト
313700748010,かたやま眼科,2217211248,433-8119,静岡県,浜松市中央区高丘北１－９－１０,,かたやま眼科,CODE,G000788,代表,かたやま眼科 浜松市中央区 公式サイト
313700712172,袋井市休日急患診療室,2217310107,437-0061,静岡県,袋井市久能２５１５－１,,袋井市休日急患診療室,CODE,G000789,代表,袋井市休日急患診療室 袋井市 公式サイト
313587877612,山中皮ふ科,2217210901,432-8061,静岡県,浜松市中央区入野町９８６３－７,,山中皮ふ科,CODE,G000790,代表,山中皮ふ科 浜松市中央区 公式サイト
313571678909,山下循環器クリニック,2217201082,433-8122,静岡県,浜松市中央区上島５－１２－２８,,山下循環器クリニック,CODE,G000791,代表,山下循環器クリニック 浜松市中央区 公式サイト
313561079494,もくれんクリニック,2217202056,433-8108,静岡県,浜松市中央区根洗町１１６７－６,,もくれんクリニック,CODE,G000792,代表,もくれんクリニック 浜松市中央区 公式サイト
313544881853,和クリニック,2217210463,432-8062,静岡県,浜松市中央区増楽町１５１６－１,,和クリニック,CODE,G000793,代表,和クリニック 浜松市中央区 公式サイト
313707927234,牛田外科内科医院,2217111190,432-8061,静岡県,浜松市中央区入野町６２９９－２,,牛田外科内科医院,CODE,G000794,代表,牛田外科内科医院 浜松市中央区 公式サイト
313707877050,三和診療所,2217201066,435-0038,静岡県,浜松市中央区三和町３３７,,三和診療所,CODE,G000795,代表,三和診療所 浜松市中央区 公式サイト
313707810534,社会福祉法人聖隷福祉事業団　聖隷予防検診センター,2217111604,433-8105,静岡県,浜松市中央区三方原町３４５３ー１,,聖隷福祉事業団聖隷予防検診センタ,CODE,G000796,代表,社会福祉法人聖隷福祉事業団 聖隷予防検診センター 浜松市中央区 公式サイト
313700784883,こばやしペインクリニック,2210602013,411-0036,静岡県,三島市一番町１５－２６ミシマスルガビル　６Ｆ,,こばやしペインクリニック,CODE,G000797,代表,こばやしペインクリニック 三島市 公式サイト
313700748009,夏目整形外科,2216601563,438-0804,静岡県,磐田市加茂９１３－２,,夏目整形外科,CODE,G000798,代表,夏目整形外科 磐田市 公式サイト
313504636660,いちえもん内科消化器科クリニック,2217106968,432-8044,静岡県,浜松市中央区南浅田１ー１５ー１３,,いちえもん内科消化器科クリニック,CODE,G000799,代表,いちえもん内科消化器科クリニック 浜松市中央区 公式サイト
313707810533,山﨑クリニック,2215301405,426-0071,静岡県,藤枝市志太２－１１－１２,,山﨑クリニック,CODE,G000800,代表,山﨑クリニック 藤枝市 公式サイト
313700666075,医療法人康成会　ほりいクリニック希央台,2411305374,518-0775,三重県,名張市希央台５番町３５番地,,康成会ほりいクリニック希央台,CODE,G000801,代表,医療法人康成会 ほりいクリニック希央台 名張市 公式サイト
313663163122,南一色セントラル内科,2211310368,411-0932,静岡県,駿東郡長泉町南一色２８３－１,,南一色セントラル内科,CODE,G000802,代表,南一色セントラル内科 駿東郡長泉町 公式サイト
313656145656,ヤマハ健康管理センター,,430-8650,静岡県,浜松市中央区中沢町１０－１,,ヤマハ健康管理センタ,ZIP+NAME,G000803,代表,ヤマハ健康管理センター 浜松市中央区 公式サイト
313587877611,静岡清水桜が丘　おなかと胃・大腸カメラのうおたに内科クリニック,2214212090,424-0836,静岡県,静岡市清水区桜が丘町５－２５,,静岡清水桜が丘おなかと胃大腸カメラのうおたに内科クリニック,CODE,G000804,代表,静岡清水桜が丘 おなかと胃・大腸カメラのうおたに内科クリニック 静岡市清水区 公式サイト
313571678908,伊藤医院,2213210657,424-0872,静岡県,静岡市清水区平川地１７－３８,,伊藤医院,CODE,G000805,代表,伊藤医院 静岡市清水区 公式サイト
313553858285,おおた内科循環器科,2412205532,510-1322,三重県,三重郡菰野町田口新田２９０９ー５,,おおた内科循環器科,CODE,G000806,代表,おおた内科循環器科 三重郡菰野町 公式サイト
313707847357,町田皮膚科医院,2217105200,435-0046,静岡県,浜松市中央区丸塚町５３１－１１,,町田皮膚科医院,CODE,G000807,代表,町田皮膚科医院 浜松市中央区 公式サイト
313707847356,御成橋栄クリニック,2211111048,410-0881,静岡県,沼津市八幡町２９番地１　栄ビル２Ｆ,,御成橋栄クリニック,CODE,G000808,代表,御成橋栄クリニック 沼津市 公式サイト
313707810532,徳山整形外科,2215510351,421-0303,静岡県,榛原郡吉田町片岡１９５４－１１,,徳山整形外科,CODE,G000809,代表,徳山整形外科 榛原郡吉田町 公式サイト
313707810531,すずき眼科,2216910261,438-0802,静岡県,磐田市東原２２２番地１,,すずき眼科,CODE,G000810,代表,すずき眼科 磐田市 公式サイト
313707810530,きのうち整形外科クリニック,2212110668,418-0032,静岡県,富士宮市浅間町３番１５号,,きのうち整形外科クリニック,CODE,G000811,代表,きのうち整形外科クリニック 富士宮市 公式サイト
313700819684,わたなべハートクリニック,2216900437,438-0086,静岡県,磐田市見付東坂１２７７－１,,わたなべハトクリニック,CODE,G000812,代表,わたなべハートクリニック 磐田市 公式サイト
313700784882,山﨑医院,2216610325,438-0236,静岡県,磐田市十郎島６ー１ー２,,山﨑医院,CODE,G000813,代表,山﨑医院 磐田市 公式サイト
313700748008,あきやま眼科,2215400892,427-0111,静岡県,島田市阪本１６０１ー１１,,あきやま眼科,CODE,G000814,代表,あきやま眼科 島田市 公式サイト
313663163121,堀井内科,2411305101,518-0625,三重県,名張市桔梗が丘５番町４街区１番地,,堀井内科,CODE,G000815,代表,堀井内科 名張市桔梗が丘5番町4街区 公式サイト
313656145655,森福整形外科,2214210425,421-0103,静岡県,静岡市駿河区丸子１－４－３７,,森福整形外科,CODE,G000816,代表,森福整形外科 静岡市駿河区 公式サイト
313587877610,谷口外科,2210501348,413-0016,静岡県,熱海市水口町１０－８,,谷口外科,CODE,G000817,代表,谷口外科 熱海市 公式サイト
313587877609,富士宮市救急医療センター,2212110262,418-0005,静岡県,富士宮市宮原１２ー１,,富士宮市救急医療センタ,CODE,G000818,代表,富士宮市救急医療センター 富士宮市 公式サイト
313544881852,とういん内科・ハートクリニック,2412105260,511-0255,三重県,員弁郡東員町長深８８５番地１,,とういん内科ハトクリニック,CODE,G000819,代表,とういん内科・ハートクリニック 員弁郡東員町 公式サイト
313504636659,ふくせい在宅クリニック,2211210535,412-0033,静岡県,御殿場市神山１９１２－２,,ふくせい在宅クリニック,CODE,G000820,代表,ふくせい在宅クリニック 御殿場市 公式サイト
313504636658,くわな共立クリニック,2412205243,510-8101,三重県,三重郡朝日町縄生３５３番１,,くわな共立クリニック,CODE,G000821,代表,くわな共立クリニック 三重郡朝日町 公式サイト
313707927233,横山内科循環器科医院,2214111292,420-0067,静岡県,静岡市葵区幸町２５番地の３,,横山内科循環器科医院,CODE,G000822,代表,横山内科循環器科医院 静岡市葵区 公式サイト
313663163120,やまぎし腎クリニック,2212110676,418-0071,静岡県,富士宮市東阿幸地１３５番地の１,,やまぎし腎クリニック,CODE,G000823,代表,やまぎし腎クリニック 富士宮市 公式サイト
313587877608,呉服町土屋内科,2214200251,420-0031,静岡県,静岡市葵区呉服町１－１－１４圭田ビル６階,,呉服町土屋内科,CODE,G000824,代表,呉服町土屋内科 静岡市葵区 公式サイト
313571678907,リバティこどもクリニック,2215710142,427-0037,静岡県,島田市河原１－４－３４,,リバティこどもクリニック,CODE,G000825,代表,リバティこどもクリニック 島田市 公式サイト
313561079493,川崎内科医院,2210610255,411-0854,静岡県,三島市北田町４番１４号,,川崎内科医院,CODE,G000826,代表,川崎内科医院 三島市 公式サイト
313561079492,依藤産婦人科医院,2214211761,420-0841,静岡県,静岡市葵区上足洗２－１－９,,依藤産婦人科医院,CODE,G000827,代表,依藤産婦人科医院 静岡市葵区 公式サイト
313553858284,静岡共立クリニック,2214111862,422-8006,静岡県,静岡市駿河区曲金４－１－２５,,静岡共立クリニック,CODE,G000828,代表,静岡共立クリニック 静岡市駿河区 公式サイト
313544881851,藤枝診療所,2215310190,426-0046,静岡県,藤枝市高洲７８１,,藤枝診療所,CODE,G000829,代表,藤枝診療所 藤枝市 公式サイト
313544881850,紀平クリニック,2210710071,410-2407,静岡県,伊豆市柏久保５０８番地の６,,紀平クリニック,CODE,G000830,代表,紀平クリニック 伊豆市 公式サイト
313707927232,小林内科クリニック,2410905216,517-0023,三重県,鳥羽市大明西町１－１イオン鳥羽店２階,,小林内科クリニック,CODE,G000831,代表,小林内科クリニック 鳥羽市 公式サイト
313707876089,はなみずきクリニック,2214210284,420-0866,静岡県,静岡市葵区西草深町１６－１０,,はなみずきクリニック,CODE,G000832,代表,はなみずきクリニック 静岡市葵区 公式サイト
313707876088,医療法人　石田クリニック,2410705863,515-0001,三重県,松阪市大口町１５４番地１,,石田クリニック,CODE,G000833,代表,医療法人 石田クリニック 松阪市 公式サイト
313707847355,清水内科,2410802140,516-0016,三重県,伊勢市神田久志本町１６４８番地,,清水内科,CODE,G000834,代表,清水内科 伊勢市 公式サイト
313700784881,ときわまちかどクリニック,2410805754,516-0041,三重県,伊勢市常磐２丁目９－２１,,ときわまちかどクリニック,CODE,G000835,代表,ときわまちかどクリニック 伊勢市 公式サイト
313700748007,医療法人荒木内科循環器科,2410805622,515-0505,三重県,伊勢市西豊浜町５４４４,,荒木内科循環器科,CODE,G000836,代表,医療法人荒木内科循環器科 伊勢市 公式サイト
313700748006,医療法人斎田耳鼻咽喉科,2410805325,516-0043,三重県,伊勢市藤里町６７１ー５,,斎田耳鼻咽喉科,CODE,G000837,代表,医療法人斎田耳鼻咽喉科 伊勢市 公式サイト
313700712171,ひまわりこどもクリニック,2214204022,422-8004,静岡県,静市駿河区国吉田５丁目１３－１岡,,ひまわりこどもクリニック,CODE,G000838,代表,ひまわりこどもクリニック 静市駿河区 公式サイト
313700666074,医療法人社団賢仁会　沼津はまゆう病院,2211110164,410-0807,静岡県,沼津市錦町３－５,,賢仁会沼津はまゆう病院,CODE,G000839,代表,医療法人社団賢仁会 沼津はまゆう病院 沼津市 公式サイト
313700666073,大住眼科医院,2215110657,425-0072,静岡県,焼津市大住１０６５番地,,大住眼科医院,CODE,G000840,代表,大住眼科医院 焼津市 公式サイト
313587877607,山崎外科内科,2410805630,516-0014,三重県,伊勢市楠部町乙７７,,山崎外科内科,CODE,G000841,代表,山崎外科内科 伊勢市 公式サイト
313553858283,医療法人喜多医院,2411305168,518-0621,三重県,名張市桔梗が丘１番町３街区３９番地,,喜多医院,CODE,G000842,代表,医療法人喜多医院 名張市桔梗が丘1番町3街区 公式サイト
313656145654,南寿堂医院,2211301151,410-1304,静岡県,駿東郡小山町藤曲５４の１１５,,南寿堂医院,CODE,G000843,代表,南寿堂医院 駿東郡小山町 公式サイト
313656145653,とがわ整形外科,2213210764,424-0858,静岡県,静岡市清水区大沢町５ー９,,とがわ整形外科,CODE,G000844,代表,とがわ整形外科 静岡市清水区 公式サイト
313571678906,医療法人河口外科,2410805408,516-0016,三重県,伊勢市神田久志本町１５３９－６,,河口外科,CODE,G000845,代表,医療法人河口外科 伊勢市 公式サイト
313553858282,はぁとふる内科・泌尿器科　川奈,2210410110,414-0044,静岡県,伊東市川奈１２２５ー２３１,,はぁとふる内科泌尿器科川奈,CODE,G000846,代表,はぁとふる内科・泌尿器科 川奈 伊東市 公式サイト
313700748004,医療法人井口小児科,2410705848,515-2321,三重県,松阪市嬉野町１４５５番地３,,井口小児科,CODE,G000847,代表,医療法人井口小児科 松阪市 公式サイト
313587877606,耳鼻咽喉科ののやまクリニック,2410702019,515-0043,三重県,松阪市下村町１００１－１,,耳鼻咽喉科ののやまクリニック,CODE,G000848,代表,耳鼻咽喉科ののやまクリニック 松阪市 公式サイト
313504636657,医療法人社団浜田内科胃腸科,2410705509,515-0044,三重県,松阪市久保町西沖４８７番地の１,,浜田内科胃腸科,CODE,G000849,代表,医療法人社団浜田内科胃腸科 松阪市 公式サイト
313707927231,医療法人凰林会榊原白鳳病院,2410505974,514-1251,三重県,津市榊原町５６３０番地,,凰林会榊原白鳳病院,CODE,G000850,代表,医療法人凰林会榊原白鳳病院 津市 公式サイト
313700712170,フェニックス健診クリニック,2410505636,514-0016,三重県,津市乙部５番３号,,フェニックス健診クリニック,CODE,G000851,代表,フェニックス健診クリニック 津市 公式サイト
313707927230,増井内科,2410504589,514-0064,三重県,津市長岡町８００番地の５０１,,増井内科,CODE,G000852,代表,増井内科 津市 公式サイト
313571677945,みえ医療福祉生活協同組合　白塚診療所,2410505321,514-0101,三重県,津市白塚町口起３５６８－４,,みえ医療福祉生活協同組合白塚診療所,CODE,G000853,代表,みえ医療福祉生活協同組合 白塚診療所 津市 公式サイト
313700666072,つじい整形外科・手の外科クリニック,2410504860,514-0114,三重県,津市一身田町４８５－１,,つじい整形外科手の外科クリニック,CODE,G000854,代表,つじい整形外科・手の外科クリニック 津市 公式サイト
313700666071,みやた眼科,2410504944,510-0303,三重県,津市河芸町東千里２６０－３,,みやた眼科,CODE,G000855,代表,みやた眼科 津市 公式サイト
313707810529,医療法人博仁会村瀬病院,2410305060,513-0801,三重県,鈴鹿市神戸３－１２－１０,,博仁会村瀬病院,CODE,G000856,代表,医療法人博仁会村瀬病院 鈴鹿市 公式サイト
313700784879,坂倉眼科クリニック,2410504233,514-0806,三重県,津市上弁財町１１番２８号,,坂倉眼科クリニック,CODE,G000857,代表,坂倉眼科クリニック 津市 公式サイト
313656145652,天野医院,2410503441,514-1131,三重県,津市久居西鷹跡町４７５ー３,,天野医院,CODE,G000858,代表,天野医院 津市 公式サイト
313553858279,竹内眼科,,514-0304,三重県,津市雲出本郷町１９０５,,竹内眼科,ZIP+NAME,G000859,代表,竹内眼科 津市 公式サイト
313663163119,サンクリニック太陽の街,2410302562,510-0259,三重県,鈴鹿市中瀬古町２０３－７,,サンクリニック太陽の街,CODE,G000860,代表,サンクリニック太陽の街 鈴鹿市 公式サイト
313707847354,よっかいち心身クリニック,2410225003,512-0911,三重県,四日市市生桑町８９－１,,よっかいち心身クリニック,CODE,G000861,代表,よっかいち心身クリニック 四日市 公式サイト
313707846393,さくらクリニック,2410205872,512-1211,三重県,四日市市桜町１２７８番地の２,,さくらクリニック,CODE,G000862,代表,さくらクリニック 四日市 公式サイト
313700819683,センター眼科,2410203513,510-0074,三重県,四日市市鵜の森１丁目１ー８,,センタ眼科,CODE,G000863,代表,センター眼科 四日市 公式サイト
313700666070,なべしま消化器内科クリニック,2410204420,510-0076,三重県,四日市市堀木二丁目７－１８,,なべしま消化器内科クリニック,CODE,G000864,代表,なべしま消化器内科クリニック 四日市 公式サイト
313561079490,こまち内科クリニック,2410105882,511-0946,三重県,桑名市五反田２００８－１２０,,こまち内科クリニック,CODE,G000865,代表,こまち内科クリニック 桑名市 公式サイト
313553858281,田渕眼科,2410105411,511-0811,三重県,桑名市大字東方１５７番地３,,田渕眼科,CODE,G000866,代表,田渕眼科 桑名市 公式サイト
313656145651,すがいクリニック,,511-0068,三重県,桑名市中央町一丁目１７,,すがいクリニック,ZIP+NAME,G000867,代表,すがいクリニック 桑名市 公式サイト
313707927229,田中医院,1711411429,920-0272,石川県,河北郡内灘町字向陽台１丁目１６３番地,,田中医院,CODE,G000868,代表,田中医院 河北郡内灘町 公式サイト
313707876087,桑名市応急診療所,2410105114,511-0047,三重県,桑名市鍛冶町９番地,,桑名市応急診療所,CODE,G000869,代表,桑名市応急診療所 桑名市 公式サイト
313707846392,芝クリニック太陽丘,1710120385,920-1154,石川県,金沢市太陽ヶ丘３丁目１－１５,,芝クリニック太陽丘,CODE,G000870,代表,芝クリニック太陽丘 金沢市 公式サイト
313571677944,金沢ハートクリニック・きたがわ内科,1710122175,921-8063,石川県,金沢市八日市出町５７８番地,,金沢ハトクリニックきたがわ内科,CODE,G000871,代表,金沢ハートクリニック・きたがわ内科 金沢市 公式サイト
313561079489,西田小児科医院,1710122886,921-8171,石川県,金沢市富樫１丁目２－２０,,西田小児科医院,CODE,G000872,代表,西田小児科医院 金沢市 公式サイト
313707810528,あだち腎透析・高血圧クリニック,1710122522,920-0068,石川県,金沢市戸板５丁目１４７番地,,あだち腎透析高血圧クリニック,CODE,G000873,代表,あだち腎透析・高血圧クリニック 金沢市 公式サイト
313700784878,いこまともみレディースクリニック産科分院,1712211026,924-0039,石川県,白山市北安田西２丁目１６４番地,,いこまともみレディスクリニック産科分院,CODE,G000874,代表,いこまともみレディースクリニック産科分院 白山市 公式サイト
313700712169,スコール金沢　健診ステーション,1710122571,920-0031,石川県,金沢市広岡３丁目３番７０号,,スコル金沢健診ステション,CODE,G000875,代表,スコール金沢 健診ステーション 金沢市 公式サイト
313587877605,ばんどう内科・呼吸器クリニック,1712210689,924-0808,石川県,白山市布市１丁目１１３番地,,ばんどう内科呼吸器クリニック,CODE,G000876,代表,ばんどう内科・呼吸器クリニック 白山市 公式サイト
313544880889,岡田内科クリニック,1710116862,920-0815,石川県,金沢市鳴和台１１３番地,,岡田内科クリニック,CODE,G000877,代表,岡田内科クリニック 金沢市 公式サイト
313700784877,わかば内科クリニック,1710120252,921-8155,石川県,金沢市高尾台２丁目１４７番地,,わかば内科クリニック,CODE,G000878,代表,わかば内科クリニック 金沢市 公式サイト
313656145650,さがら整形外科医院,1710116508,920-0342,石川県,金沢市畝田西３丁目２０３,,さがら整形外科医院,CODE,G000879,代表,さがら整形外科医院 金沢市 公式サイト
313707810527,金沢先進医学センター,1710120518,920-0934,石川県,金沢市宝町１３番１号,,金沢先進医学センタ,CODE,G000880,代表,金沢先進医学センター 金沢市 公式サイト
313504636656,国民健康保険飛騨市杉原診療所,2113300178,509-4542,岐阜県,飛騨市宮川町杉原５３３－１,,国民健康保険飛騨市杉原診療所,CODE,G000881,代表,国民健康保険飛騨市杉原診療所 飛騨市 公式サイト
313707876086,さくら歯科医院,2113101311,509-0236,岐阜県,可児市皐ケ丘９丁目１８番地,,さくら歯科医院,CODE,G000882,代表,さくら歯科医院 可児市 公式サイト
313544880888,国民健康保険飛騨市河合診療所,2113300194,509-4301,岐阜県,飛騨市河合町角川５６５,,国民健康保険飛騨市河合診療所,CODE,G000883,代表,国民健康保険飛騨市河合診療所 飛騨市 公式サイト
313700819682,大高医院,2113300061,509-4215,岐阜県,飛騨市古川町杉崎２２１－１,,大高医院,CODE,G000884,代表,大高医院 飛騨市 公式サイト
313707927228,岐阜県厚生農業協同組合連合会　岐阜・西濃医療センター　西美濃厚生病院,2112300112,503-1316,岐阜県,養老郡養老町押越９８６,,岐阜県厚生農業協同組合連合会岐阜西濃医療センタ西美濃厚生病院,CODE,G000885,代表,岐阜県厚生農業協同組合連合会 岐阜・西濃医療センター 西美濃厚生病院 養老郡養老町 公式サイト
313707876085,セオ医院,2111600553,509-6121,岐阜県,瑞浪市寺河戸町１２１２－６,,セオ医院,CODE,G000886,代表,セオ医院 瑞浪市 公式サイト
313707846391,水口医院,2112701400,506-0025,岐阜県,高山市天満町２－１１７,,水口医院,CODE,G000887,代表,水口医院 高山市 公式サイト
313587877604,おがわクリニック,2112701418,506-0053,岐阜県,高山市昭和町２－１２０－１,,おがわクリニック,CODE,G000888,代表,おがわクリニック 高山市 公式サイト
313663163118,いび漢方クリニック,2112601352,501-0619,岐阜県,揖斐郡揖斐川町三輪字上不動川４５１番地,,いび漢方クリニック,CODE,G000889,代表,いび漢方クリニック 揖斐郡揖斐川町 公式サイト
313553858280,安八診療所,2112500661,503-0115,岐阜県,安八郡安八町南今ケ渕２７０－２,,安八診療所,CODE,G000890,代表,安八診療所 安八郡安八町 公式サイト
313707927227,のぎの森クリニック,2112103003,503-0852,岐阜県,大垣市禾森町５－５０アーバンコア禾森１階,,のぎの森クリニック,CODE,G000891,代表,のぎの森クリニック 大垣市 公式サイト
313700748003,名和診療所,,503-0962,岐阜県,大垣市入方３－５９－１,,名和診療所,ZIP+NAME,G000892,代表,名和診療所 大垣市 公式サイト
313656145649,金森医院,2112103987,503-0034,岐阜県,大垣市荒尾町５８番地,,金森医院,CODE,G000893,代表,金森医院 大垣市 公式サイト
313656145648,ＭＩＳＴクリニック,2111501207,508-0037,岐阜県,中津川市えびす町７－３０ＩＳＨＩＸ駅前ビル５Ｆ,,mistクリニック,CODE,G000894,代表,MISTクリニック 中津川市 公式サイト
313587877603,河合クリニック,2111800898,509-5142,岐阜県,土岐市泉町久尻１１－６,,河合クリニック,CODE,G000895,代表,河合クリニック 土岐市 公式サイト
313587877602,山田診療所,2111700890,509-7705,岐阜県,恵那市明智町新町８４９－２,,山田診療所,CODE,G000896,代表,山田診療所 恵那市 公式サイト
313707927226,ハナノキ内科クリニック,2111501108,508-0204,岐阜県,中津川市高山木積沢１９１６－２,,ハナノキ内科クリニック,CODE,G000897,代表,ハナノキ内科クリニック 中津川市 公式サイト
313663163117,ささきクリニック,2111500928,508-0001,岐阜県,中津川市中津川１２００－２,,ささきクリニック,CODE,G000898,代表,ささきクリニック 中津川市 公式サイト
313700748002,上田医院,2111500969,508-0101,岐阜県,中津川市苗木７４２４,,上田医院,CODE,G000899,代表,上田医院 中津川市 公式サイト
313571677943,中津川共立クリニック,2111500746,508-0011,岐阜県,中津川市駒場１６６６－１１２２,,中津川共立クリニック,CODE,G000900,代表,中津川共立クリニック 中津川市 公式サイト
313707846390,医療法人なぎクリニック,2110502727,504-0845,岐阜県,各務原市蘇原申子町二丁目１１番地１,,なぎクリニック,CODE,G000901,代表,医療法人なぎクリニック 各務原市 公式サイト
313700784876,佐藤クリニック,2111300774,505-0301,岐阜県,加茂郡八百津町八百津４２２８－４,,佐藤クリニック,CODE,G000902,代表,佐藤クリニック 加茂郡八百津町 公式サイト
313700712168,のむら・笠原クリニック,2111101974,507-0901,岐阜県,多治見市笠原町字権現２２００番地１６２,,のむら笠原クリニック,CODE,G000903,代表,のむら・笠原クリニック 多治見市 公式サイト
313700666069,西尾クリニック,2111100778,507-0016,岐阜県,多治見市金岡町１－７０,,西尾クリニック,CODE,G000904,代表,西尾クリニック 多治見市 公式サイト
313571677942,美濃市立美濃病院,2110300320,501-3746,岐阜県,美濃市中央４－３,,美濃市立美濃病院,CODE,G000905,代表,美濃市立美濃病院 美濃市 公式サイト
313571677941,ひろせ内科,2110112576,501-1172,岐阜県,岐阜市下鵜飼１６６４番地２,,ひろせ内科,CODE,G000906,代表,ひろせ内科 岐阜市 公式サイト
313544880887,たじみすいみんクリニック,2111101966,507-0042,岐阜県,多治見市前畑町１丁目８,,たじみすいみんクリニック,CODE,G000907,代表,たじみすいみんクリニック 多治見市 公式サイト
313656145647,うすい整形外科,2111101461,507-0813,岐阜県,多治見市滝呂町１２－２１４－１,,うすい整形外科,CODE,G000908,代表,うすい整形外科 多治見市 公式サイト
313561079488,たじみ内科,2111101594,507-0833,岐阜県,多治見市広小路２－１２,,たじみ内科,CODE,G000909,代表,たじみ内科 多治見市 公式サイト
313553858278,大岡脳神経外科・リハビリクリニック,2110501943,509-0141,岐阜県,各務原市鵜沼各務原町２－４６,,大岡脳神経外科リハビリクリニック,CODE,G000910,代表,大岡脳神経外科・リハビリクリニック 各務原市 公式サイト
313707926265,松岡整形外科・内科リハビリテーション,2110110133,500-8167,岐阜県,岐阜市東金宝町２－１２－６,,松岡整形外科内科リハビリテション,CODE,G000911,代表,松岡整形外科・内科リハビリテーション 岐阜市 公式サイト
313663163116,関市国民健康保険津保川診療所,2110201387,501-3501,岐阜県,関市富之保１９５６－１,,関市国民健康保険津保川診療所,CODE,G000912,代表,関市国民健康保険津保川診療所 関市 公式サイト
313571677940,秋田耳鼻咽喉科医院,2110109374,500-8237,岐阜県,岐阜市切通５－６－３,,秋田耳鼻咽喉科医院,CODE,G000913,代表,秋田耳鼻咽喉科医院 岐阜市 公式サイト
313553858277,みよし市民病院,2316100086,470-0224,愛知県,みよし市三好町八和田山１５,,みよし市民病院,CODE,G000914,代表,みよし市民病院 みよし市 公式サイト
313700748001,青木耳鼻科,2110111263,502-0812,岐阜県,岐阜市八代３－２４－７,,青木耳鼻科,CODE,G000915,代表,青木耳鼻科 岐阜市 公式サイト
313504636655,田中医院,2110104235,500-8113,岐阜県,岐阜市金園町９－８,,田中医院,CODE,G000916,代表,田中医院 岐阜市 公式サイト
313587877600,きとう医院,2317300206,452-0908,愛知県,清須市寺野美鈴７５,,きとう医院,CODE,G000917,代表,きとう医院 清須市 公式サイト
313700819681,Ｎ．キッズファミリークリニック,2315200945,480-0202,愛知県,西春日井郡豊山町豊場高前８０,,nキッズファミリクリニック,CODE,G000918,代表,N.キッズファミリークリニック 西春日井郡豊山町 公式サイト
313700784875,山田ファミリークリニック,2317200448,496-0906,愛知県,愛西市日置町山の池７９,,山田ファミリクリニック,CODE,G000919,代表,山田ファミリークリニック 愛西市 公式サイト
313587877601,よしの耳鼻咽喉科,2317400477,481-0012,愛知県,北名古屋市久地野北浦１００－１,,よしの耳鼻咽喉科,CODE,G000920,代表,よしの耳鼻咽喉科 北名古屋市 公式サイト
313707846389,医療法人名翔会　和合セントラルクリニック,2315001723,470-0162,愛知県,愛知郡東郷町春木白土１－１８８４,,名翔会和合セントラルクリニック,CODE,G000921,代表,医療法人名翔会 和合セントラルクリニック 愛知郡東郷町 公式サイト
313700819680,医療法人　こうのう内科,2315601662,490-1131,愛知県,海部郡大治町長牧中道１６５,,こうのう内科,CODE,G000922,代表,医療法人 こうのう内科 海部郡大治町 公式サイト
313700712167,日進南病院,2314901352,470-0128,愛知県,日進市浅田平子３－３２０,,日進南病院,CODE,G000923,代表,日進南病院 日進市 公式サイト
313553858276,豊明ぜんご眼科,2314800885,470-1132,愛知県,豊明市間米町島川２１５５－２,,豊明ぜんご眼科,CODE,G000924,代表,豊明ぜんご眼科 豊明市 公式サイト
313707810526,医療法人広寿会中山内科,,470-1151,愛知県,豊明市前後町大代１６０５－６８,,広寿会中山内科,ZIP+NAME,G000925,代表,医療法人広寿会中山内科 豊明市 公式サイト
313700748000,村川医院,2313500528,479-0001,愛知県,常滑市矢田戸井田２２－１,,村川医院,CODE,G000926,代表,村川医院 常滑市 公式サイト
313700666068,みさき耳鼻咽喉科,2314800695,470-1125,愛知県,豊明市三崎町中ノ坪４－７,,みさき耳鼻咽喉科,CODE,G000927,代表,みさき耳鼻咽喉科 豊明市 公式サイト
313656145646,花園内科,2313004521,473-0924,愛知県,豊田市花園町屋敷１５－１,,花園内科,CODE,G000928,代表,花園内科 豊田市 公式サイト
313707876084,ともまつ眼科クリニック,2314700655,482-0031,愛知県,岩倉市八剱町大門出先３３－１,,ともまつ眼科クリニック,CODE,G000929,代表,ともまつ眼科クリニック 岩倉市 公式サイト
313700819679,こじま内科,2314100765,476-0002,愛知県,東海市名和町蓮池１５,,こじま内科,CODE,G000930,代表,こじま内科 東海市 公式サイト
313553858275,よこね町内科呼吸器科クリニック,2314201225,474-0011,愛知県,大府市横根町平子３９－１,,よこね町内科呼吸器科クリニック,CODE,G000931,代表,よこね町内科呼吸器科クリニック 大府市 公式サイト
313663163115,医療法人柳雪会江崎外科内科,2313800571,485-0047,愛知県,小牧市曙町７０,,柳雪会江崎外科内科,CODE,G000932,代表,医療法人柳雪会江崎外科内科 小牧市 公式サイト
313656145645,ほてい整形外科クリニック,2313600922,483-8125,愛知県,江南市小折東町旭７６,,ほてい整形外科クリニック,CODE,G000933,代表,ほてい整形外科クリニック 江南市 公式サイト
313544880886,杉原内科外科医院,2313901403,492-8184,愛知県,稲沢市日下部松野町１ー２２１,,杉原内科外科医院,CODE,G000934,代表,杉原内科外科医院 稲沢市 公式サイト
313700784874,とこなめ整形外科,2313500676,479-0041,愛知県,常滑市千代６０－１,,とこなめ整形外科,CODE,G000935,代表,とこなめ整形外科 常滑市 公式サイト
313707926264,医療法人広瀬クリニック,2312900919,448-0858,愛知県,刈谷市若松町６－３７,,広瀬クリニック,CODE,G000936,代表,医療法人広瀬クリニック 刈谷市 公式サイト
313587877599,上田整形外科・内科,2313101517,446-0072,愛知県,安城市住吉町５－２０－８,,上田整形外科内科,CODE,G000937,代表,上田整形外科・内科 安城市 公式サイト
313561079487,内科・消化器科たかしクリニック,2313301463,443-0055,愛知県,蒲郡市八百富町２－２５０,,内科消化器科たかしクリニック,CODE,G000938,代表,内科・消化器科たかしクリニック 蒲郡市 公式サイト
313561079486,小田醫院,2313301869,443-0044,愛知県,蒲郡市宝町１２－１５,,小田醫院,CODE,G000939,代表,小田醫院 蒲郡市 公式サイト
313707926263,原田医院,2312800655,447-0082,愛知県,碧南市湖西町１－５０,,原田医院,CODE,G000940,代表,原田医院 碧南市 公式サイト
313707876083,医療法人加藤医院,2313002285,471-0014,愛知県,豊田市東山町２－１５１１－１,,加藤医院,CODE,G000941,代表,医療法人加藤医院 豊田市 公式サイト
313700712166,石川内科,2312900729,448-0813,愛知県,刈谷市小垣江町上広１１－１,,石川内科,CODE,G000942,代表,石川内科 刈谷市 公式サイト
313504636654,医療法人財団　健康睡眠会　豊田睡眠呼吸障害治療クリニック,2313003796,471-0828,愛知県,豊田市前山町３－１－１　萬秀ビル２階,,健康睡眠会豊田睡眠呼吸障害治療クリニック,CODE,G000943,代表,医療法人財団 健康睡眠会 豊田睡眠呼吸障害治療クリニック 豊田市 公式サイト
313707810525,かちがわスキンクリニック　皮ふ科・美容皮ふ科,2312504968,486-0926,愛知県,春日井市小野町５－８９－７,,かちがわスキンクリニック皮ふ科美容皮ふ科,CODE,G000944,代表,かちがわスキンクリニック 皮ふ科・美容皮ふ科 春日井市 公式サイト
313656145644,津島地区休日急病診療所,2312700632,496-0801,愛知県,津島市藤浪町４－１４,,津島地区休日急病診療所,CODE,G000945,代表,津島地区休日急病診療所 津島市 公式サイト
313544880885,春日井こころのクリニック,2312504935,486-0912,愛知県,春日井市高山町１－１８－５,,春日井こころのクリニック,CODE,G000946,代表,春日井こころのクリニック 春日井市 公式サイト
313700747999,東海中央クリニック,2312502657,486-0943,愛知県,春日井市角崎町１０２－１,,東海中央クリニック,CODE,G000947,代表,東海中央クリニック 春日井市 公式サイト
313707846388,かすがいマタニティクリニック,2312504489,486-0903,愛知県,春日井市前並町東屋敷１０３,,かすがいマタニティクリニック,CODE,G000948,代表,かすがいマタニティクリニック 春日井市 公式サイト
313587877598,医療法人雄志会川瀬医院,2312501964,486-0914,愛知県,春日井市若草通２－３２,,雄志会川瀬医院,CODE,G000949,代表,医療法人雄志会川瀬医院 春日井市 公式サイト
313700784873,こころ音メンタルクリニック,2312401835,475-0859,愛知県,半田市天王町１－５－１ジロービル２階,,こころ音メンタルクリニック,CODE,G000950,代表,こころ音メンタルクリニック 半田市 公式サイト
313504636653,武内眼科,2312401496,475-0087,愛知県,半田市大池町２－１４３,,武内眼科,CODE,G000951,代表,武内眼科 半田市 公式サイト
313707876082,一宮むすび心療内科,2312204924,491-0043,愛知県,一宮市真清田２－３－２０,,一宮むすび心療内科,CODE,G000952,代表,一宮むすび心療内科 一宮市 公式サイト
313656145643,斎藤眼科,2312401397,475-0841,愛知県,半田市大和町１－３９－３,,斎藤眼科,CODE,G000953,代表,斎藤眼科 半田市 公式サイト
313553858274,こだま耳鼻科クリニック,2312301282,489-0913,愛知県,瀬戸市水南町１５５－１,,こだま耳鼻科クリニック,CODE,G000954,代表,こだま耳鼻科クリニック 瀬戸市 公式サイト
313707810524,医療法人　かすがい内科,2312202407,491-0925,愛知県,一宮市大和町南高井宮腰１,,かすがい内科,CODE,G000955,代表,医療法人 かすがい内科 一宮市 公式サイト
313707810523,きしもと整形外科・リウマチクリニック,2312103241,444-2137,愛知県,岡崎市薮田１－１９－１６,,きしもと整形外科リウマチクリニック,CODE,G000956,代表,きしもと整形外科・リウマチクリニック 岡崎市 公式サイト
313561079485,医療法人青和会中央病院,2312300656,489-0805,愛知県,瀬戸市陶原町３－１２,,青和会中央病院,CODE,G000957,代表,医療法人青和会中央病院 瀬戸市 公式サイト
313553858273,医療法人さかたこどもクリニック,2312204031,493-0005,愛知県,一宮市木曽川町里小牧寺東１７７－２,,さかたこどもクリニック,CODE,G000958,代表,医療法人さかたこどもクリニック 一宮市 公式サイト
313571677939,開明クリニック,2312203926,494-0001,愛知県,一宮市開明郷東３９,,開明クリニック,CODE,G000959,代表,開明クリニック 一宮市 公式サイト
313707810522,ありま脳神経外科クリニック,2312105600,444-0829,愛知県,岡崎市針崎西２－９－８,,ありま脳神経外科クリニック,CODE,G000960,代表,ありま脳神経外科クリニック 岡崎市 公式サイト
313587877597,三嶋内科在宅クリニック,2312105733,444-0072,愛知県,岡崎市六供町３－４７,,三嶋内科在宅クリニック,CODE,G000961,代表,三嶋内科在宅クリニック 岡崎市 公式サイト
313700784872,うちだクリニック,2312105303,444-0802,愛知県,岡崎市美合町本郷２９１－１,,うちだクリニック,CODE,G000962,代表,うちだクリニック 岡崎市 公式サイト
313700666067,大舘内科胃腸科,2312003037,441-8013,愛知県,豊橋市花田一番町１０２,,大舘内科胃腸科,CODE,G000963,代表,大舘内科胃腸科 豊橋市 公式サイト
313663163114,医療法人野村小児科,2312003250,441-8083,愛知県,豊橋市東脇３－２－１５,,野村小児科,CODE,G000964,代表,医療法人野村小児科 豊橋市 公式サイト
313656145642,ぬまた皮フ科クリニック,2312105436,444-0813,愛知県,岡崎市羽根町若宮２４－４,,ぬまた皮フ科クリニック,CODE,G000965,代表,ぬまた皮フ科クリニック 岡崎市 公式サイト
313656145641,医療法人川島小児科水野医院,2312102870,444-0869,愛知県,岡崎市明大寺町出口１０,,川島小児科水野医院,CODE,G000966,代表,医療法人川島小児科水野医院 岡崎市 公式サイト
313571677938,総合大雄会病院,2312200013,491-0036,愛知県,一宮市桜１－９－９,,総合大雄会病院,CODE,G000967,代表,総合大雄会病院 一宮市 公式サイト
313571677937,大石三丁目クリニック,2312006030,440-0853,愛知県,豊橋市佐藤３－１８－４,,大石三丁目クリニック,CODE,G000968,代表,大石三丁目クリニック 豊橋市 公式サイト
313504636652,サイトウ正クリニツク,2312104744,444-0851,愛知県,岡崎市久後崎町郷東３２－１,,サイトウ正クリニツク,CODE,G000969,代表,サイトウ正クリニツク 岡崎市 公式サイト
313700747998,井嶋産婦人科医院,2312005990,440-0038,愛知県,豊橋市平川本町１－５－２６,,井嶋産婦人科医院,CODE,G000970,代表,井嶋産婦人科医院 豊橋市 公式サイト
313663163113,鈴木内科医院,2312004183,440-0858,愛知県,豊橋市つつじが丘３－７－２５,,鈴木内科医院,CODE,G000971,代表,鈴木内科医院 豊橋市 公式サイト
313561079484,アオキ医院,2312004480,440-0067,愛知県,豊橋市上地町５９ー１,,アオキ医院,CODE,G000972,代表,アオキ医院 豊橋市 公式サイト
313707876081,若松医院,2311502609,465-0091,愛知県,名古屋市名東区よもぎ台３－１３１５,,若松医院,CODE,G000973,代表,若松医院 名古屋市名東区 公式サイト
313700819678,あだちクリニック,2311602698,468-0077,愛知県,名古屋市天白区八事山２２０,,あだちクリニック,CODE,G000974,代表,あだちクリニック 名古屋市天白区 公式サイト
313700666066,古島クリニック,2312002955,440-0858,愛知県,豊橋市つつじが丘１－１２－１,,古島クリニック,CODE,G000975,代表,古島クリニック 豊橋市 公式サイト
313587877596,植田こころのクリニック,2311602425,468-0051,愛知県,名古屋市天白区植田３－１７０４,,植田こころのクリニック,CODE,G000976,代表,植田こころのクリニック 名古屋市天白区 公式サイト
313544880884,さのすこやかクリニック,2311602722,468-0009,愛知県,名古屋市天白区元植田２－１６０１,,さのすこやかクリニック,CODE,G000977,代表,さのすこやかクリニック 名古屋市天白区 公式サイト
313544880883,武井医院,2311500413,465-0013,愛知県,名古屋市名東区社口２－１００１,,武井医院,CODE,G000978,代表,武井医院 名古屋市名東区 公式サイト
313707926262,医療法人玉田皮膚科,2311501288,465-0097,愛知県,名古屋市名東区平和が丘１－８,,玉田皮膚科,CODE,G000979,代表,医療法人玉田皮膚科 名古屋市名東区 公式サイト
313707846387,広田ペインクリニック,2311201806,457-0058,愛知県,名古屋市南区前浜通４－１４－２,,広田ペインクリニック,CODE,G000980,代表,広田ペインクリニック 名古屋市南区 公式サイト
313700747997,大同みどりクリニック,2311403105,458-0801,愛知県,名古屋市緑区鳴海町矢切３７,,大同みどりクリニック,CODE,G000981,代表,大同みどりクリニック 名古屋市緑区 公式サイト
313587877595,鬼頭医院,2311403642,458-0925,愛知県,名古屋市緑区桶狭間２０１５,,鬼頭医院,CODE,G000982,代表,鬼頭医院 名古屋市緑区 公式サイト
313707846386,医療法人井土医院,2310901059,456-0066,愛知県,名古屋市熱田区野立町３－５９，６０,,井土医院,CODE,G000983,代表,医療法人井土医院 名古屋市熱田区 公式サイト
313700712165,あさい整形外科ファミリークリニック,2311302216,463-0048,愛知県,名古屋市守山区小幡南１－１４－１,,あさい整形外科ファミリクリニック,CODE,G000984,代表,あさい整形外科ファミリークリニック 名古屋市守山区 公式サイト
313656145640,髙橋内科,2311301895,463-0053,愛知県,名古屋市守山区小幡千代田１４－９,,髙橋内科,CODE,G000985,代表,髙橋内科 名古屋市守山区 公式サイト
313707926261,山田内科・胃腸科,2311001420,454-0961,愛知県,名古屋市中川区戸田明正２－２７０８,,山田内科胃腸科,CODE,G000986,代表,山田内科・胃腸科 名古屋市中川区 公式サイト
313707810521,眼科まつもとクリニック,2311402016,458-0041,愛知県,名古屋市緑区鳴子町４－８ヒルトップ鳴子１階,,眼科まつもとクリニック,CODE,G000987,代表,眼科まつもとクリニック 名古屋市緑区 公式サイト
313561079483,あおい内科,2311002642,454-0877,愛知県,名古屋市中川区八田町１１０６,,あおい内科,CODE,G000988,代表,あおい内科 名古屋市中川区 公式サイト
313504636651,大野皮膚科医院,2311001719,454-0922,愛知県,名古屋市中川区荒中町２２０,,大野皮膚科医院,CODE,G000989,代表,大野皮膚科医院 名古屋市中川区 公式サイト
313707810520,今泉クリニック,2310901646,456-0011,愛知県,名古屋市熱田区花町２－５,,今泉クリニック,CODE,G000990,代表,今泉クリニック 名古屋市熱田区 公式サイト
313700712164,みなと医療生活協同組合クリニック　レインボー,2310901265,456-0058,愛知県,名古屋市熱田区六番２－１６－１９,,みなと医療生活協同組合クリニックレインボ,CODE,G000991,代表,みなと医療生活協同組合クリニック レインボー 名古屋市熱田区 公式サイト
313707876080,ひばりがおか　こどもとアレルギーのクリニック,2310802679,467-0032,愛知県,名古屋市瑞穂区弥富町紅葉園６－１,,ひばりがおかこどもとアレルギのクリニック,CODE,G000992,代表,ひばりがおか こどもとアレルギーのクリニック 名古屋市瑞穂区 公式サイト
313544880882,水谷クリニック,2310801986,467-0806,愛知県,名古屋市瑞穂区瑞穂通１－２０ライオンズマンション瑞穂通２０５,,水谷クリニック,CODE,G000993,代表,水谷クリニック 名古屋市瑞穂区 公式サイト
313707926260,青雲堂医院,2310703802,466-0834,愛知県,名古屋市昭和区広路町梅園２５－１,,青雲堂医院,CODE,G000994,代表,青雲堂医院 名古屋市昭和区 公式サイト
313700819677,医療法人順秀会　八事小林泌尿器科,2310703695,466-0815,愛知県,名古屋市昭和区山手通３－９－１　日興山手通ビル１階,,順秀会八事小林泌尿器科,CODE,G000995,代表,医療法人順秀会 八事小林泌尿器科 名古屋市昭和区 公式サイト
313553858272,矢場町眼科,2310607813,460-0008,愛知県,名古屋市中区栄３－２９－１　名古屋パルコ西館６階,,矢場町眼科,CODE,G000996,代表,矢場町眼科 名古屋市中区 公式サイト
313707876079,名古屋膠原病リウマチ痛風クリニック,2310505355,450-0002,愛知県,名古屋市中村区名駅４－２６－２５メイフィス名駅ビル３階,,名古屋膠原病リウマチ痛風クリニック,CODE,G000997,代表,名古屋膠原病リウマチ痛風クリニック 名古屋市中村区 公式サイト
313656145639,星ノ華スキンクリニック　星ヶ丘,2310105842,464-0808,愛知県,名古屋市千種区星が丘山手９１１　サンホシガオカ４階,,星ノ華スキンクリニック星ヶ丘,CODE,G000998,代表,星ノ華スキンクリニック 星ヶ丘 名古屋市千種区 公式サイト
313553858271,熊谷耳鼻咽喉科医院,0711310573,960-0612,福島県,伊達市保原町宮下７５の２,,熊谷耳鼻咽喉科医院,CODE,G000999,代表,熊谷耳鼻咽喉科医院 伊達市 公式サイト
313700712163,尾股整形外科医院,0710511643,961-0972,福島県,白河市立石１２４,,尾股整形外科医院,CODE,G001000,代表,尾股整形外科医院 白河市 公式サイト
313656145638,パークイーストクリニック名古屋,2310105073,464-0858,愛知県,名古屋市千種区千種１－２５－１１,,パクイストクリニック名古屋,CODE,G001001,代表,パークイーストクリニック名古屋 名古屋市千種区 公式サイト
313587877594,眼科　宇野クリニック,2310104688,464-0834,愛知県,名古屋市千種区日岡町３－２４－１,,眼科宇野クリニック,CODE,G001002,代表,眼科 宇野クリニック 名古屋市千種区 公式サイト
313571677936,めいほう睡眠めまいクリニック,2310506023,450-0002,愛知県,名古屋市中村区名駅４－６－２３　第三堀内ビルディング１１階,,めいほう睡眠めまいクリニック,CODE,G001003,代表,めいほう睡眠めまいクリニック 名古屋市中村区 公式サイト
313707810519,ＳＬ外科・乳腺クリニック,2310606997,460-0004,愛知県,名古屋市中区新栄町１－３日丸名古屋ビル４階,,sl外科乳腺クリニック,CODE,G001004,代表,SL外科・乳腺クリニック 名古屋市中区 公式サイト
313700747996,医療法人長喜会服部外科整形外科,2310303199,462-0036,愛知県,名古屋市北区長喜町１－１０,,長喜会服部外科整形外科,CODE,G001005,代表,医療法人長喜会服部外科整形外科 名古屋市北区 公式サイト
313707926259,二本松ウイメンズクリニック,0711011031,964-0911,福島県,二本松市亀谷一丁目２７５番地４,,二本松ウイメンズクリニック,CODE,G001006,代表,二本松ウイメンズクリニック 二本松市 公式サイト
313707846385,もとやま耳鼻咽喉科クリニック,2310105180,464-0807,愛知県,名古屋市千種区東山通２－３－１本山ＤＥＮＴＯビル３階,,もとやま耳鼻咽喉科クリニック,CODE,G001007,代表,もとやま耳鼻咽喉科クリニック 名古屋市千種区 公式サイト
313707810518,はらまち心療内科クリニック,0711210278,975-0004,福島県,南相馬市原町区旭町４丁目１７－１,,はらまち心療内科クリニック,CODE,G001008,代表,はらまち心療内科クリニック 南相馬市原町区 公式サイト
313707810517,やまだクリニック,2310604851,460-0008,愛知県,名古屋市中区栄４－１－１　中日ビル４階,,やまだクリニック,CODE,G001009,代表,やまだクリニック 名古屋市中区 公式サイト
313700819676,三河台内科中野出張診療所,0710118092,960-0261,福島県,福島市飯坂町中野字栃窪４４,,三河台内科中野出張診療所,CODE,G001010,代表,三河台内科中野出張診療所 福島市 公式サイト
313700819675,つがねクリニック,2310303470,462-0023,愛知県,名古屋市北区安井４－１４－６３,,つがねクリニック,CODE,G001011,代表,つがねクリニック 名古屋市北区 公式サイト
313700784871,大曽根駅前こころのクリニック,2310303934,462-0825,愛知県,名古屋市北区大曽根３－１０－４　赤羽ビル２階,,大曽根駅前こころのクリニック,CODE,G001012,代表,大曽根駅前こころのクリニック 名古屋市北区 公式サイト
313700784870,八木眼科医院,0710316159,963-8878,福島県,郡山市堤下町９－７,,八木眼科医院,CODE,G001013,代表,八木眼科医院 郡山市 公式サイト
313700666065,絆診療所,0711210898,979-2333,福島県,南相馬市鹿島区寺内字塚合１２３－１,,絆診療所,CODE,G001014,代表,絆診療所 南相馬市鹿島区 公式サイト
313663163112,ばば　みみ・はな・のど　クリニック,2310105362,464-0039,愛知県,名古屋市千種区日和町１－１－４,,ばばみみはなのどクリニック,CODE,G001015,代表,ばば みみ・はな・のど クリニック 名古屋市千種区 公式サイト
313656145637,石橋医院,0710313644,963-8002,福島県,郡山市駅前１－１４－１６,,石橋医院,CODE,G001016,代表,石橋医院 郡山市 公式サイト
313587877593,医療法人倉橋クリニック,2310604109,460-0003,愛知県,名古屋市中区錦２－５－３１長者町相互ビル３階,,倉橋クリニック,CODE,G001017,代表,医療法人倉橋クリニック 名古屋市中区 公式サイト
313587877592,ゆり形成栄久屋大通クリニック,2310202979,461-0001,愛知県,名古屋市東区泉１－２３－３７３階,,ゆり形成栄久屋大通クリニック,CODE,G001018,代表,ゆり形成栄久屋大通クリニック 名古屋市東区 公式サイト
313571677935,すずき呼吸器クリニック,2310606898,460-0004,愛知県,名古屋市中区新栄町１－３日丸名古屋ビル７階,,すずき呼吸器クリニック,CODE,G001019,代表,すずき呼吸器クリニック 名古屋市中区 公式サイト
313553858270,名古屋市立大学医学部附属西部医療センター,2310303876,462-8508,愛知県,名古屋市北区平手町１－１－１,,名古屋市立大学医学部附属西部医療センタ,CODE,G001020,代表,名古屋市立大学医学部附属西部医療センター 名古屋市北区 公式サイト
313707876078,医療法人髙橋整形外科,0710711144,962-0859,福島県,須賀川市塚田１４２,,髙橋整形外科,CODE,G001021,代表,医療法人髙橋整形外科 須賀川市 公式サイト
313707876077,医療法人　壬辰会　渋谷クリニック,0710315045,963-0112,福島県,郡山市安積町成田字西畑１３ー１,,壬辰会渋谷クリニック,CODE,G001022,代表,医療法人 壬辰会 渋谷クリニック 郡山市 公式サイト
313707846384,舞子浜病院,0710410796,970-0103,福島県,いわき市平藤間字川前６３－１,,舞子浜病院,CODE,G001023,代表,舞子浜病院 いわき市 公式サイト
313707810516,しらかべ耳鼻科・小児科,2310203209,461-0027,愛知県,名古屋市東区芳野１－２－１,,しらかべ耳鼻科小児科,CODE,G001024,代表,しらかべ耳鼻科・小児科 名古屋市東区 公式サイト
313656145636,一般財団法人太田綜合病院附属太田熱海病院,0710310947,963-1383,福島県,郡山市熱海町熱海５－２４０,,太田綜合病院附属太田熱海病院,CODE,G001025,代表,一般財団法人太田綜合病院附属太田熱海病院 郡山市 公式サイト
313707846383,木洩れ日こころのクリニック,2310505264,450-0002,愛知県,名古屋市中村区名駅３－２２－８大東海ビル３階,,木洩れ日こころのクリニック,CODE,G001026,代表,木洩れ日こころのクリニック 名古屋市中村区 公式サイト
313700819674,医療法人　清水産科婦人科クリニック,0710710930,962-0034,福島県,須賀川市一里坦１４－４,,清水産科婦人科クリニック,CODE,G001027,代表,医療法人 清水産科婦人科クリニック 須賀川市 公式サイト
313700747995,たなか在宅クリニック,2310403403,451-0016,愛知県,名古屋市西区庄内通３－２７－１　ダイワシティー庄内通１階００１,,たなか在宅クリニック,CODE,G001028,代表,たなか在宅クリニック 名古屋市西区 公式サイト
313700712162,愛宕町いろは内科クリニック,0710418591,971-8165,福島県,いわき市小名浜愛宕町１５番地３,,愛宕町いろは内科クリニック,CODE,G001029,代表,愛宕町いろは内科クリニック いわき市 公式サイト
313700712161,アートクリニック産婦人科,0710116955,960-8031,福島県,福島市栄町６－１エスタビル１２階,,アトクリニック産婦人科,CODE,G001030,代表,アートクリニック産婦人科 福島市 公式サイト
313700666064,福島病理研究所,0710117607,960-8164,福島県,福島市八木田字榎内１３－１２,,福島病理研究所,CODE,G001031,代表,福島病理研究所 福島市 公式サイト
313587877591,石川医院,0713111052,963-7766,福島県,田村郡三春町字中町１－１,,石川医院,CODE,G001032,代表,石川医院 田村 公式サイト
313587877590,石沢内科胃腸科医院,0610811986,998-0842,山形県,酒田市亀ケ崎２－２－５７,,石沢内科胃腸科医院,CODE,G001033,代表,石沢内科胃腸科医院 酒田市 公式サイト
313561079482,一般財団法人脳神経疾患研究所附属　南東北福島病院,0710116278,960-2102,福島県,福島市荒井北３－１－１３,,脳神経疾患研究所附属南東北福島病院,CODE,G001034,代表,一般財団法人脳神経疾患研究所附属 南東北福島病院 福島市 公式サイト
313553858269,医療法人弘永会　斎藤内科医院,0610711905,997-0034,山形県,鶴岡市本町２－６－３０,,弘永会斎藤内科医院,CODE,G001035,代表,医療法人弘永会 斎藤内科医院 鶴岡市 公式サイト
313700819673,やご内科リウマチクリニック,0710117334,960-8003,福島県,福島市森合字屋敷下３６－２,,やご内科リウマチクリニック,CODE,G001036,代表,やご内科リウマチクリニック 福島市 公式サイト
313700784869,医療法人　松崎内科,0710415027,974-8261,福島県,いわき市植田町本町２－４－７,,松崎内科,CODE,G001037,代表,医療法人 松崎内科 いわき市 公式サイト
313663163111,医療法人むつき会　むつき医科歯科在宅クリニック,0710317751,963-8034,福島県,郡山市島二丁目７番８号,,むつき会むつき医科歯科在宅クリニック,CODE,G001038,代表,医療法人むつき会 むつき医科歯科在宅クリニック 郡山市 公式サイト
313656145635,三浦医院,0710312166,963-8002,福島県,郡山市駅前二丁目７－４,,三浦医院,CODE,G001039,代表,三浦医院 郡山市 公式サイト
313571677934,医療法人社団愛陽会三川病院,0613010743,997-1301,山形県,東田川郡三川町大字横山字堤３９番,,愛陽会三川病院,CODE,G001040,代表,医療法人社団愛陽会三川病院 東田川郡三川町 公式サイト
313561078521,医療法人三原皮膚科,0610711707,997-0031,山形県,鶴岡市錦町１７－３,,三原皮膚科,CODE,G001041,代表,医療法人三原皮膚科 鶴岡市 公式サイト
313504636650,大槻スリープクリニック,0710117581,960-8044,福島県,福島市早稲町４番１号Ｓｌｅｅｐ　ｏｎｅビル２階,,大槻スリプクリニック,CODE,G001042,代表,大槻スリープクリニック 福島市 公式サイト
313707926258,中村内科胃腸科医院,0610712846,997-0044,山形県,鶴岡市新海町１４－２０,,中村内科胃腸科医院,CODE,G001043,代表,中村内科胃腸科医院 鶴岡市 公式サイト
313707810515,三浦医院,0611210527,991-0063,山形県,寒河江市大字柴橋７１８－１,,三浦医院,CODE,G001044,代表,三浦医院 寒河江市 公式サイト
313700747994,西條耳鼻咽喉科医院,0710116443,960-0241,福島県,福島市笹谷字中田５－２,,西條耳鼻咽喉科医院,CODE,G001045,代表,西條耳鼻咽喉科医院 福島市 公式サイト
313544880881,一般財団法人大原記念財団大原医療センター,0710114687,960-0102,福島県,福島市鎌田字中江３３,,大原記念財団大原医療センタ,CODE,G001046,代表,一般財団法人大原記念財団大原医療センター 福島市 公式サイト
313700819672,医療法人石橋医院,0610411522,992-0046,山形県,米沢市信夫町５－１９,,石橋医院,CODE,G001047,代表,医療法人石橋医院 米沢市 公式サイト
313587877589,松田外科医院,0610411613,992-0054,山形県,米沢市城西４－４－２５,,松田外科医院,CODE,G001048,代表,松田外科医院 米沢市 公式サイト
313571677933,みみはなのど　さいとうクリニック,0610411787,992-0026,山形県,米沢市東三丁目４番３６号,,みみはなのどさいとうクリニック,CODE,G001049,代表,みみはなのど さいとうクリニック 米沢市 公式サイト
313700747993,おかべ内科胃腸科医院,0610711657,997-1156,山形県,鶴岡市平成町１１－１８,,おかべ内科胃腸科医院,CODE,G001050,代表,おかべ内科胃腸科医院 鶴岡市 公式サイト
313663163110,いしだ耳鼻咽喉科クリニック,0610116543,990-0834,山形県,山形市清住町二丁目２番１２号,,いしだ耳鼻咽喉科クリニック,CODE,G001051,代表,いしだ耳鼻咽喉科クリニック 山形市 公式サイト
313707846382,かつうら小児科,0610115784,990-0024,山形県,山形市あさひ町１５番１５号,,かつうら小児科,CODE,G001052,代表,かつうら小児科 山形市 公式サイト
313700666063,神馬医院,0512810409,012-1131,秋田県,雄勝郡羽後町西馬音内字中野１３１,,神馬医院,CODE,G001053,代表,神馬医院 雄勝郡羽後町 公式サイト
313663163109,松本内科クリニック,0610115354,990-0828,山形県,山形市双葉町２－１－２２,,松本内科クリニック,CODE,G001054,代表,松本内科クリニック 山形市 公式サイト
313561078520,南秋田眼科医院,0511010043,018-1401,秋田県,潟上市昭和大久保字街道下１０６番地５,,南秋田眼科医院,CODE,G001055,代表,南秋田眼科医院 潟上市 公式サイト
313544880880,ハートインクリニック,0511010068,018-1401,秋田県,潟上市昭和大久保字町後１７３番４２,,ハトインクリニック,CODE,G001056,代表,ハートインクリニック 潟上市 公式サイト
313544880879,ごじょうめ眼科クリニック,0512310624,018-1724,秋田県,南秋田郡五城目町東磯ノ目二丁目１番地１０,,ごじょうめ眼科クリニック,CODE,G001057,代表,ごじょうめ眼科クリニック 南秋田郡五城目町 公式サイト
313504636649,児玉内科医院,0512310566,018-1614,秋田県,南秋田郡八郎潟町中田６７番１４号,,児玉内科医院,CODE,G001058,代表,児玉内科医院 南秋田郡八郎潟町 公式サイト
313504636648,やまもと眼科クリニック,0610115057,990-2447,山形県,山形市元木３丁目３番７号,,やまもと眼科クリニック,CODE,G001059,代表,やまもと眼科クリニック 山形市 公式サイト
313707810514,医療法人髙橋外科内科医院,0610113052,990-2231,山形県,山形市大字大森１０７５－２,,髙橋外科内科医院,CODE,G001060,代表,医療法人髙橋外科内科医院 山形市 公式サイト
313656145634,医療法人あけぼの会　花園病院,0510810575,014-0055,秋田県,大仙市大曲あけぼの町９番２６号,,あけぼの会花園病院,CODE,G001061,代表,医療法人あけぼの会 花園病院 大仙市 公式サイト
313700819671,条里コスモス眼科,0510311442,013-0060,秋田県,横手市条里１丁目１０－１７,,条里コスモス眼科,CODE,G001062,代表,条里コスモス眼科 横手市 公式サイト
313571677932,伊藤医院,0510510944,018-0901,秋田県,由利本荘市中田代字板井沢１１４番地７,,伊藤医院,CODE,G001063,代表,伊藤医院 由利本荘市 公式サイト
313707926257,医療法人敬仁会　福嶋内科医院,0510310949,013-0027,秋田県,横手市平城町３－３４,,敬仁会福嶋内科医院,CODE,G001064,代表,医療法人敬仁会 福嶋内科医院 横手市 公式サイト
313707926256,しみず内科　糖尿病・甲状腺クリニック,0510117468,010-0802,秋田県,秋田市外旭川字松崎１０９番地１,,しみず内科糖尿病甲状腺クリニック,CODE,G001065,代表,しみず内科 糖尿病・甲状腺クリニック 秋田市 公式サイト
313707876076,きくち医院,0510510803,018-0604,秋田県,由利本荘市西目町沼田字新道下２の７１,,きくち医院,CODE,G001066,代表,きくち医院 由利本荘市 公式サイト
313707810513,あきた内科・呼吸器内科クリニック,0510116387,010-0003,秋田県,秋田市東通一丁目５－１７,,あきた内科呼吸器内科クリニック,CODE,G001067,代表,あきた内科・呼吸器内科クリニック 秋田市 公式サイト
313587877588,おのば高橋小児科クリニック,0510116999,010-1423,秋田県,秋田市仁井田字中新田７８番地,,おのば高橋小児科クリニック,CODE,G001068,代表,おのば高橋小児科クリニック 秋田市 公式サイト
313571677931,銭谷内科胃腸科クリニック,0510115546,010-0947,秋田県,秋田市川尻上野町１番６４号,,銭谷内科胃腸科クリニック,CODE,G001069,代表,銭谷内科胃腸科クリニック 秋田市 公式サイト
313707876075,湊小児科医院,0510114184,010-0001,秋田県,秋田市中通五丁目７番３４号,,湊小児科医院,CODE,G001070,代表,湊小児科医院 秋田市 公式サイト
313707846381,佐々木内科・循環器科医院,0510114234,011-0942,秋田県,秋田市土崎港東４丁目５－３８,,佐々木内科循環器科医院,CODE,G001071,代表,佐々木内科・循環器科医院 秋田市 公式サイト
313700784868,飯島ファミリークリニック,0510114978,011-0947,秋田県,秋田市飯島新町二丁目１２番１号,,飯島ファミリクリニック,CODE,G001072,代表,飯島ファミリークリニック 秋田市 公式サイト
313707926255,しらい健康クリニック泉中央,0415513571,981-3133,宮城県,仙台市泉区泉中央四丁目８番地の２,,しらい健康クリニック泉中央,CODE,G001073,代表,しらい健康クリニック泉中央 仙台市泉区 公式サイト
313700747992,南吉成耳鼻咽喉科,0415117738,989-3204,宮城県,仙台市青葉区南吉成３－１－２３－３Ｃ棟－２Ｄ室,,南吉成耳鼻咽喉科,CODE,G001074,代表,南吉成耳鼻咽喉科 仙台市青葉区 公式サイト
313544880878,桂島いずみクリニック,0415512185,981-3134,宮城県,仙台市泉区桂１－１７－７,,桂島いずみクリニック,CODE,G001075,代表,桂島いずみクリニック 仙台市泉区 公式サイト
313700712160,八乙女レディースクリニック,0415512813,981-3121,宮城県,仙台市泉区上谷刈１丁目７番３３号,,八乙女レディスクリニック,CODE,G001076,代表,八乙女レディースクリニック 仙台市泉区 公式サイト
313700712159,仙台みやぎ整形外科クリニック,0415119726,989-3121,宮城県,仙台市青葉区郷六字舘６７番地の１,,仙台みやぎ整形外科クリニック,CODE,G001077,代表,仙台みやぎ整形外科クリニック 仙台市青葉区 公式サイト
313700666062,杜のホスピタル・あおば,0415116060,980-0871,宮城県,仙台市青葉区八幡　６－９－３,,杜のホスピタルあおば,CODE,G001078,代表,杜のホスピタル・あおば 仙台市青葉区 公式サイト
313663163108,長町駅前あい皮ふ科,0415413970,982-0007,宮城県,仙台市太白区あすと長町１丁目５－５ｔｅｋｕｔｅながまち２　２Ｆ　２－２,,長町駅前あい皮ふ科,CODE,G001079,代表,長町駅前あい皮ふ科 仙台市太白区 公式サイト
313656145633,徳永クリニック,0415213321,983-0039,宮城県,仙台市宮城野区新田東２丁目１４－３,,徳永クリニック,CODE,G001080,代表,徳永クリニック 仙台市宮城野区 公式サイト
313656145632,だいのはら殿塚クリニック,0415118686,981-0911,宮城県,仙台市青葉区台原２丁目１０－２アークヒルズ台原２０１,,だいのはら殿塚クリニック,CODE,G001081,代表,だいのはら殿塚クリニック 仙台市青葉区 公式サイト
313587877587,医療法人社団平郁会　みんなの在宅クリニック仙台,0415414283,982-0011,宮城県,仙台市太白区長町七丁目２４番５３号ファインビル２階,,平郁会みんなの在宅クリニック仙台,CODE,G001082,代表,医療法人社団平郁会 みんなの在宅クリニック仙台 仙台市太白区 公式サイト
313561078519,やおとめ整形外科,0415513100,981-3112,宮城県,仙台市泉区八乙女４－４－１,,やおとめ整形外科,CODE,G001083,代表,やおとめ整形外科 仙台市泉区 公式サイト
313561078518,仙台花京院クリニック,0415118983,980-0013,宮城県,仙台市青葉区花京院２丁目２－１１区画Ｂ,,仙台花京院クリニック,CODE,G001084,代表,仙台花京院クリニック 仙台市青葉区 公式サイト
313553858268,芳縁在宅診療所八幡,0415119445,980-0871,宮城県,仙台市青葉区八幡二丁目１－２５,,芳縁在宅診療所八幡,CODE,G001085,代表,芳縁在宅診療所八幡 仙台市青葉区 公式サイト
313700819670,さはた内科クリニック,0415117415,980-0811,宮城県,仙台市青葉区一番町三丁目６－１一番町平和ビル５階５０４号室,,さはた内科クリニック,CODE,G001086,代表,さはた内科クリニック 仙台市青葉区 公式サイト
313553858267,佐藤医院,0415111632,981-0952,宮城県,仙台市青葉区中山　４ー１０ー３３,,佐藤医院,CODE,G001087,代表,佐藤医院 仙台市青葉区 公式サイト
313504636647,医療法人よしむら皮フ科クリニック,0415114875,989-3201,宮城県,仙台市青葉区国見ケ丘　１－３－７,,よしむら皮フ科クリニック,CODE,G001088,代表,医療法人よしむら皮フ科クリニック 仙台市青葉区 公式サイト
313544880877,医療法人社団上桜木しんがい脳神経外科,0411610173,981-3328,宮城県,宮城県富谷市上桜木２－３－１４,,上桜木しんがい脳神経外科,CODE,G001089,代表,医療法人社団上桜木しんがい脳神経外科 宮城県富谷市 公式サイト
313707846380,野崎病院,0413110842,987-0002,宮城県,遠田郡美里町藤ケ崎町　１７１,,野崎病院,CODE,G001090,代表,野崎病院 遠田郡美里町 公式サイト
313700747991,さの整形外科クリニック,0411511173,989-6115,宮城県,大崎市古川駅東３丁目４－２４,,さの整形外科クリニック,CODE,G001091,代表,さの整形外科クリニック 大崎市 公式サイト
313587877586,船岡中央クリニック,0412211427,989-1607,宮城県,柴田郡柴田町船岡新栄３丁目４３－９,,船岡中央クリニック,CODE,G001092,代表,船岡中央クリニック 柴田郡柴田町 公式サイト
313700666061,寛内科胃腸科クリニック,0411511405,989-6162,宮城県,大崎市古川駅前大通一丁目１－１０,,寛内科胃腸科クリニック,CODE,G001093,代表,寛内科胃腸科クリニック 大崎市 公式サイト
313707876074,古川中央眼科,0411510423,989-6163,宮城県,大崎市古川台町　４－３６,,古川中央眼科,CODE,G001094,代表,古川中央眼科 大崎市 公式サイト
313707846379,みうら眼科医院,0411210289,987-0601,宮城県,登米市中田町石森字加賀野　２－５－２５,,みうら眼科医院,CODE,G001095,代表,みうら眼科医院 登米市 公式サイト
313707926254,あいのの皮フ科クリニック,0312211196,028-3605,岩手県,紫波郡矢巾町大字間野々第９地割２０２番地,,あいのの皮フ科クリニック,CODE,G001096,代表,あいのの皮フ科クリニック 紫波郡矢巾町 公式サイト
313707876073,北上こども医院,0310611967,024-0004,岩手県,北上市村崎野１５地割３５４番地２,,北上こども医院,CODE,G001097,代表,北上こども医院 北上市 公式サイト
313707846378,ささもり耳鼻咽喉科医院,0310611041,024-0083,岩手県,北上市柳原町三丁目１１番１６号,,ささもり耳鼻咽喉科医院,CODE,G001098,代表,ささもり耳鼻咽喉科医院 北上市 公式サイト
313700712158,ふじたファミリークリニック,0310210877,027-0082,岩手県,宮古市向町２番３０号,,ふじたファミリクリニック,CODE,G001099,代表,ふじたファミリークリニック 宮古市 公式サイト
313587877585,さいき整形外科医院,0310510912,025-0065,岩手県,花巻市星が丘二丁目１６番８号,,さいき整形外科医院,CODE,G001100,代表,さいき整形外科医院 花巻市 公式サイト
313561078517,大津小児科ファミリークリニック,0310310867,022-0003,岩手県,大船渡市盛町字東町１１番１１号,,大津小児科ファミリクリニック,CODE,G001101,代表,大津小児科ファミリークリニック 大船渡市 公式サイト
313707926253,むらなか小児科内科,0210214722,036-8087,青森県,弘前市大字早稲田二丁目７番地２,,むらなか小児科内科,CODE,G001102,代表,むらなか小児科内科 弘前市 公式サイト
313707926252,国民健康保険　大間病院,0212610919,039-4601,青森県,下北郡大間町大字大間字大間平２０番地７８,,国民健康保険大間病院,CODE,G001103,代表,国民健康保険 大間病院 下北郡大間町 公式サイト
313700819669,国立療養所　松丘保養園,0218015006,038-0003,青森県,青森市大字石江字平山１９,,国立療養所松丘保養園,CODE,G001104,代表,国立療養所 松丘保養園 青森市 公式サイト
313700666060,佐藤内科クリニック,0210611356,034-0037,青森県,十和田市穂並町１０－６,,佐藤内科クリニック,CODE,G001105,代表,佐藤内科クリニック 十和田市 公式サイト
313553858266,医療法人黒川産婦人科医院,0310117221,020-0013,岩手県,盛岡市愛宕町２番５１号,,黒川産婦人科医院,CODE,G001106,代表,医療法人黒川産婦人科医院 盛岡市 公式サイト
313553858265,村中内科・心療内科医院,0210810602,035-0051,青森県,むつ市新町１０－４６,,村中内科心療内科医院,CODE,G001107,代表,村中内科・心療内科医院 むつ市 公式サイト
313707846377,たむかい皮ふ科,0210316972,031-0011,青森県,八戸市田向４丁目１７番２８号,,たむかい皮ふ科,CODE,G001108,代表,たむかい皮ふ科 八戸市 公式サイト
313707846376,山下内科・呼吸器内科,3611913181,771-2501,徳島県,三好郡東みよし町昼間１４９４－１,,山下内科呼吸器内科,CODE,G001109,代表,山下内科・呼吸器内科 三好郡東みよし町 公式サイト
313707810512,海陽町宍喰診療所,3611410535,775-0501,徳島県,海部郡海陽町宍喰浦字松原１４２番地１,,海陽町宍喰診療所,CODE,G001110,代表,海陽町宍喰診療所 海部郡海陽町 公式サイト
313707810511,ナルミ医院,0210215315,036-8195,青森県,弘前市南川端町１３,,ナルミ医院,CODE,G001111,代表,ナルミ医院 弘前市 公式サイト
313707810510,福原循環器内科クリニック,0210214953,036-8354,青森県,弘前市上鞘師町１７－３,,福原循環器内科クリニック,CODE,G001112,代表,福原循環器内科クリニック 弘前市 公式サイト
313700819668,安斎レディスクリニック,0210511010,037-0016,青森県,五所川原市字一ツ谷５３６－１８,,安斎レディスクリニック,CODE,G001113,代表,安斎レディスクリニック 五所川原市 公式サイト
313700819667,医療法人かにたクリニック,0212010862,030-1303,青森県,東津軽郡外ヶ浜町字蟹田５－２,,かにたクリニック,CODE,G001114,代表,医療法人かにたクリニック 東津軽郡外ヶ浜町 公式サイト
313700819666,十和田市立十和田湖診療所,0210611273,018-5501,青森県,十和田市大字奥瀬字十和田湖畔休屋１６－１９５,,十和田市立十和田湖診療所,CODE,G001115,代表,十和田市立十和田湖診療所 十和田市 公式サイト
313700747990,蓬田診療所,0212010870,030-1203,青森県,東津軽郡蓬田村大字郷沢字浜田１４０－５,,蓬田診療所,CODE,G001116,代表,蓬田診療所 東津軽郡蓬田村 公式サイト
313700747989,片桐内科医院,0210117800,030-0961,青森県,青森市浪打一丁目１２－１８,,片桐内科医院,CODE,G001117,代表,片桐内科医院 青森市 公式サイト
313663163107,赤岩医院,3610310678,773-0017,徳島県,小松島市立江町字宮前２２番地の１,,赤岩医院,CODE,G001118,代表,赤岩医院 小松島市 公式サイト
313663163106,槇皮膚科医院,0210810487,035-0031,青森県,むつ市柳町一丁目８－１,,槇皮膚科医院,CODE,G001119,代表,槇皮膚科医院 むつ市 公式サイト
313656145631,圭仁会病院,0210312096,039-2241,青森県,八戸市大字市川町字桔梗野上２－３６,,圭仁会病院,CODE,G001120,代表,圭仁会病院 八戸市 公式サイト
313656145630,白取医院,0210117677,030-0151,青森県,青森市高田字川瀬２９４－９,,白取医院,CODE,G001121,代表,白取医院 青森市 公式サイト
313587877584,ＡＢＥビルクリニック,0210315172,031-0052,青森県,八戸市大字本徒士町１０－２,,abeビルクリニック,CODE,G001122,代表,ABEビルクリニック 八戸市 公式サイト
313587877583,布施病院,0210510848,037-0085,青森県,五所川原市字芭蕉１８－４,,布施病院,CODE,G001123,代表,布施病院 五所川原市 公式サイト
313571677930,十和田北クリニック,0210611349,034-0003,青森県,十和田市元町東五丁目８番５４号,,十和田北クリニック,CODE,G001124,代表,十和田北クリニック 十和田市 公式サイト
313571677929,医療法人佑心会角田整形外科医院,0210810644,035-0051,青森県,むつ市新町１３－５２,,佑心会角田整形外科医院,CODE,G001125,代表,医療法人佑心会角田整形外科医院 むつ市 公式サイト
313571677928,髙木整形外科医院,3610311270,773-0003,徳島県,小松島市松島町８－２３,,髙木整形外科医院,CODE,G001126,代表,髙木整形外科医院 小松島市 公式サイト
313561078516,牟岐診療所,3611410378,775-0006,徳島県,海部郡牟岐町大字中村字山田２５－１,,牟岐診療所,CODE,G001127,代表,牟岐診療所 海部郡牟岐町 公式サイト
313561078515,折野病院,3610510012,771-2103,徳島県,美馬市美馬町字ナロヲ２５番地,,折野病院,CODE,G001128,代表,折野病院 美馬市 公式サイト
313561078514,富田橋クリニック,3610126660,770-0937,徳島県,徳島市富田橋５丁目２２,,富田橋クリニック,CODE,G001129,代表,富田橋クリニック 徳島市 公式サイト
313553858264,いちろうクリニック,0210215620,036-8087,青森県,弘前市大字早稲田四丁目１番地５,,いちろうクリニック,CODE,G001130,代表,いちろうクリニック 弘前市 公式サイト
313544880876,クリニック釈羅,3611510367,771-0220,徳島県,板野郡松茂町広島字鍬の先２２番地,,クリニック釈羅,CODE,G001131,代表,クリニック釈羅 板野郡松茂町 公式サイト
313544880875,杉みね整形クリニック,3611513437,771-1220,徳島県,板野郡藍住町東中富字直道傍示６８番１０,,杉みね整形クリニック,CODE,G001132,代表,杉みね整形クリニック 板野郡藍住町 公式サイト
313707926251,徳島県精神保健福祉センター,3610123097,770-0855,徳島県,徳島市新蔵町３丁目８０番地,,徳島県精神保健福祉センタ,CODE,G001133,代表,徳島県精神保健福祉センター 徳島市 公式サイト
313707810509,じぞうばし内科外科,3610123279,770-8024,徳島県,徳島市西須賀町下中須１３番地の２,,じぞうばし内科外科,CODE,G001134,代表,じぞうばし内科外科 徳島市 公式サイト
313700784867,こおりクリニック,3610117263,770-8007,徳島県,徳島市新浜本町１丁目７－６６,,こおりクリニック,CODE,G001135,代表,こおりクリニック 徳島市 公式サイト
313587877582,藤田眼科,3610126223,770-0026,徳島県,徳島市佐古六番町６番２７号,,藤田眼科,CODE,G001136,代表,藤田眼科 徳島市 公式サイト
313553858263,橋本内科,3610124616,770-8003,徳島県,徳島市津田本町４丁目３番７４－１号,,橋本内科,CODE,G001137,代表,橋本内科 徳島市 公式サイト
313544880874,黒潮町国保伊与喜出張診療所,3912610791,789-1713,高知県,幡多郡黒潮町伊与喜２５番地１,,黒潮町国保伊与喜出張診療所,CODE,G001138,代表,黒潮町国保伊与喜出張診療所 幡多郡黒潮町 公式サイト
313656145629,なないろのとびら診療所,0310117536,020-0861,岩手県,盛岡市仙北二丁目１番２０号,,なないろのとびら診療所,CODE,G001139,代表,なないろのとびら診療所 盛岡市 公式サイト
313700712157,信貴耳鼻咽喉科,3910411069,783-0004,高知県,南国市大埇甲１７７０－６,,信貴耳鼻咽喉科,CODE,G001140,代表,信貴耳鼻咽喉科 南国市 公式サイト
313504636646,大方クリニック,3912610718,789-1931,高知県,幡多郡黒潮町入野２０１６－１,,大方クリニック,CODE,G001141,代表,大方クリニック 幡多郡黒潮町 公式サイト
313707876072,かえるくりにっく,3910411168,783-0047,高知県,南国市岡豊町常通寺島３３５番地３,,かえるくりにっく,CODE,G001142,代表,かえるくりにっく 南国市 公式サイト
313700666059,竹本病院附属大川筋診療所,3910711187,787-1220,高知県,四万十市川登１１０６－４,,竹本病院附属大川筋診療所,CODE,G001143,代表,竹本病院附属大川筋診療所 四万十市 公式サイト
313587877581,菊地産婦人科医院,3910711096,787-0002,高知県,四万十市中村桜町１９,,菊地産婦人科医院,CODE,G001144,代表,菊地産婦人科医院 四万十市 公式サイト
313707846375,高知なないろ在宅クリニック,3910120074,780-0066,高知県,高知市比島町２丁目１３番６号,,高知なないろ在宅クリニック,CODE,G001145,代表,高知なないろ在宅クリニック 高知市 公式サイト
313656145628,こうち静脈ケアクリニック,3910118847,781-8104,高知県,高知市高須２丁目６－６４アーバンヒル青山１０１,,こうち静脈ケアクリニック,CODE,G001146,代表,こうち静脈ケアクリニック 高知市 公式サイト
313571677927,しぶや内科クリニック,3910117781,780-0937,高知県,高知市中須賀町１０７,,しぶや内科クリニック,CODE,G001147,代表,しぶや内科クリニック 高知市 公式サイト
313700819665,おおやま耳鼻咽喉科,3710212345,763-0082,香川県,丸亀市土器町東九丁目１５６番地,,おおやま耳鼻咽喉科,CODE,G001148,代表,おおやま耳鼻咽喉科 丸亀市 公式サイト
313700666058,おおくぼ小児科,3710120779,761-0312,香川県,高松市東山崎町４６６番地３,,おおくぼ小児科,CODE,G001149,代表,おおくぼ小児科 高松市 公式サイト
313663163105,もりした耳鼻咽喉科,3710212576,763-0052,香川県,丸亀市津森町１１０７番地１,,もりした耳鼻咽喉科,CODE,G001150,代表,もりした耳鼻咽喉科 丸亀市 公式サイト
313707926250,医療法人社団　岩野循環器内科医院,3710410972,765-0021,香川県,善通寺市下吉田町２２９番地１,,岩野循環器内科医院,CODE,G001151,代表,医療法人社団 岩野循環器内科医院 善通寺市 公式サイト
313707926249,医療法人社団慈和会　高松ささき内科ハートクリニック,3710117791,760-0013,香川県,高松市扇町１丁目２４番５号,,慈和会高松ささき内科ハトクリニック,CODE,G001152,代表,医療法人社団慈和会 高松ささき内科ハートクリニック 高松市 公式サイト
313707876071,医療法人社団　綾羽会　よしだ内科消化器科医院,3711511224,761-2307,香川県,綾歌郡綾川町小野甲１１４７番地７,,綾羽会よしだ内科消化器科医院,CODE,G001153,代表,医療法人社団 綾羽会 よしだ内科消化器科医院 綾歌郡綾川町 公式サイト
313707876070,大洲市出海診療所,3810710438,799-3455,愛媛県,大洲市長浜町出海甲１２８２番地,,大洲市出海診療所,CODE,G001154,代表,大洲市出海診療所 大洲市 公式サイト
313707876069,吉村医院,,791-1801,愛媛県,上浮穴郡久万高原町柳井川８４９番地２,,吉村医院,ZIP+NAME,G001155,代表,吉村医院 上浮穴郡久万高原町 公式サイト
313707846374,いのうえレディースクリニック,3810910145,799-0405,愛媛県,四国中央市三島中央四丁目４番４号,,いのうえレディスクリニック,CODE,G001156,代表,いのうえレディースクリニック 四国中央市 公式サイト
313707846373,くろみつクリニック,3810211015,794-0826,愛媛県,今治市郷新屋敷町三丁目４番１１号,,くろみつクリニック,CODE,G001157,代表,くろみつクリニック 今治市 公式サイト
313707810508,和田産婦人科医院,3710118484,760-0080,香川県,高松市木太町４０２０番地１,,和田産婦人科医院,CODE,G001158,代表,和田産婦人科医院 高松市 公式サイト
313707810507,浅野皮膚科医院,3710117254,761-0113,香川県,高松市屋島西町２４９０番地１９　グラン新蔵１Ｆ,,浅野皮膚科医院,CODE,G001159,代表,浅野皮膚科医院 高松市 公式サイト
313707810506,田渕医院,3710115555,760-0013,香川県,高松市扇町一丁目２５番２５号,,田渕医院,CODE,G001160,代表,田渕医院 高松市 公式サイト
313700819664,加藤整形外科,3810310585,798-0015,愛媛県,宇和島市和霊元町４丁目２番８号,,加藤整形外科,CODE,G001161,代表,加藤整形外科 宇和島市 公式サイト
313700819663,ささき皮フ科クリニック,3811410350,797-0015,愛媛県,西予市宇和町卯之町二丁目２９６番地,,ささき皮フ科クリニック,CODE,G001162,代表,ささき皮フ科クリニック 西予市 公式サイト
313700747988,医療法人　岡村会　岡村病院,3910110380,780-0041,高知県,高知市入明町１番５号,,岡村会岡村病院,CODE,G001163,代表,医療法人 岡村会 岡村病院 高知市 公式サイト
313700747987,内海平井クリニック,3711210702,761-4432,香川県,小豆郡小豆島町草壁本町６０２－１８,,内海平井クリニック,CODE,G001164,代表,内海平井クリニック 小豆郡小豆島町 公式サイト
313700747986,佐々木整形外科クリニック,,795-0301,愛媛県,喜多郡内子町五十崎甲１４０８番地１,,佐々木整形外科クリニック,ZIP+NAME,G001165,代表,佐々木整形外科クリニック 喜多郡内子町 公式サイト
313700712156,医療法人社団　白川眼科医院,3710211586,763-0051,香川県,丸亀市今津町２４４番地,,白川眼科医院,CODE,G001166,代表,医療法人社団 白川眼科医院 丸亀市 公式サイト
313700712155,栗林メンタルクリニック,3710122015,760-0073,香川県,高松市栗林町一丁目１３番２１号,,栗林メンタルクリニック,CODE,G001167,代表,栗林メンタルクリニック 高松市 公式サイト
313663163104,医療法人社団啓友会　久米川病院,3710116322,761-0102,香川県,高松市新田町字谷北甲４７４番地３,,啓友会久米川病院,CODE,G001168,代表,医療法人社団啓友会 久米川病院 高松市 公式サイト
313656145627,医療法人社団　海部医院,3710115373,761-0104,香川県,高松市高松町２３６５番地,,海部医院,CODE,G001169,代表,医療法人社団 海部医院 高松市 公式サイト
313656145626,丹こどもクリニック,3810210967,794-0038,愛媛県,今治市末広町三丁目４番地１２,,丹こどもクリニック,CODE,G001170,代表,丹こどもクリニック 今治市 公式サイト
313587877580,医療法人社団　以和貴会　いわき病院,3710118815,761-1402,香川県,高松市香南町由佐１１３番地１,,以和貴会いわき病院,CODE,G001171,代表,医療法人社団 以和貴会 いわき病院 高松市 公式サイト
313571677926,小川医院,3813610031,791-3301,愛媛県,喜多郡内子町内子２２１２番地,,小川医院,CODE,G001172,代表,小川医院 喜多郡内子町 公式サイト
313561078513,医療法人宮下整形外科・内科,3810510382,792-0881,愛媛県,新居浜市松神子三丁目１番２６号,,宮下整形外科内科,CODE,G001173,代表,医療法人宮下整形外科・内科 新居浜市 公式サイト
313561078512,大三島中央病院,3813210162,794-1304,愛媛県,今治市大三島町宮浦５３１８－１,,大三島中央病院,CODE,G001174,代表,大三島中央病院 今治市 公式サイト
313561078511,丸亀町アイクリニック,3710120969,760-0029,香川県,高松市丸亀町１２番地８ラクダヤビル２階,,丸亀町アイクリニック,CODE,G001175,代表,丸亀町アイクリニック 高松市 公式サイト
313553858262,独立行政法人国立病院機構　愛媛医療センター,3818010021,791-0281,愛媛県,東温市横河原３６６,,国立病院機構愛媛医療センタ,CODE,G001176,代表,独立行政法人国立病院機構 愛媛医療センター 東温市 公式サイト
313553858261,松房医院,3710510987,768-0022,香川県,観音寺市本大町８１９番地２,,松房医院,CODE,G001177,代表,松房医院 観音寺市 公式サイト
313553858260,木口ペインクリニック内科,3813528076,791-3132,愛媛県,伊予郡松前町大字西高柳１１０番地の１,,木口ペインクリニック内科,CODE,G001178,代表,木口ペインクリニック内科 伊予郡松前町 公式サイト
313504636645,たけだ内科クリニック,3813510520,791-3120,愛媛県,伊予郡松前町大字筒井９４７番地７,,たけだ内科クリニック,CODE,G001179,代表,たけだ内科クリニック 伊予郡松前町 公式サイト
313707810505,しいのき心療内科,3810116214,790-0023,愛媛県,松山市末広町１１番地６ベルメゾンスエヒロ１階,,しいのき心療内科,CODE,G001180,代表,しいのき心療内科 松山市 公式サイト
313700666057,大下出張診療所,3810210736,794-1103,愛媛県,今治市関前大下甲６５番地３,,大下出張診療所,CODE,G001181,代表,大下出張診療所 今治市 公式サイト
313656145625,かいはらクリニック,3810211106,794-0811,愛媛県,今治市南高下町三丁目２番８号,,かいはらクリニック,CODE,G001182,代表,かいはらクリニック 今治市 公式サイト
313544880873,きむら内科クリニック,3811020357,799-3114,愛媛県,伊予市灘町１５１番地,,きむら内科クリニック,CODE,G001183,代表,きむら内科クリニック 伊予市 公式サイト
313544880872,まつもとデイクリニック,3910118375,781-0088,高知県,高知市北久保２－３９,,まつもとデイクリニック,CODE,G001184,代表,まつもとデイクリニック 高知市 公式サイト
313504636644,やまかわ乳腺クリニック,3910117872,780-8081,高知県,高知市若草町１５－４５,,やまかわ乳腺クリニック,CODE,G001185,代表,やまかわ乳腺クリニック 高知市 公式サイト
313553858259,メディカルカウンセリングルームいとうクリニック,,780-0842,高知県,高知市追手筋２丁目７－８レジデンス大手前Ａ５０３,,メディカルカウンセリングルムいとうクリニック,ZIP+NAME,G001186,代表,メディカルカウンセリングルームいとうクリニック 高知市 公式サイト
313707926248,みかんの花クリニック　糖尿病・内分泌・代謝内科,3810116370,790-0034,愛媛県,松山市藤原町６１７番地１３,,みかんの花クリニック糖尿病内分泌代謝内科,CODE,G001187,代表,みかんの花クリニック 糖尿病・内分泌・代謝内科 松山市 公式サイト
313700819662,星の岡心臓・血管クリニック,3810115117,790-0932,愛媛県,松山市東石井１丁目５番５号,,星の岡心臓血管クリニック,CODE,G001188,代表,星の岡心臓・血管クリニック 松山市 公式サイト
313700819661,順風会　健診センター,3810114169,790-0822,愛媛県,松山市高砂町二丁目３番１号,,順風会健診センタ,CODE,G001189,代表,順風会 健診センター 松山市 公式サイト
313700712154,医療法人　正岡眼科,3810210397,794-0015,愛媛県,今治市常盤町五丁目３番９号,,正岡眼科,CODE,G001190,代表,医療法人 正岡眼科 今治市 公式サイト
313700666056,医療法人　孝仁会　杉本整形外科,3910115744,781-8104,高知県,高知市高須２－１８－１９,,孝仁会杉本整形外科,CODE,G001191,代表,医療法人 孝仁会 杉本整形外科 高知市 公式サイト
313587877579,ホロス光武クリニック,4110710748,849-1312,佐賀県,鹿島市大字納富分２９３８番地,,ホロス光武クリニック,CODE,G001192,代表,ホロス光武クリニック 鹿島市 公式サイト
313587877578,福井耳鼻咽喉科クリニック,3810112320,791-8006,愛媛県,松山市安城寺町５２３番地１,,福井耳鼻咽喉科クリニック,CODE,G001193,代表,福井耳鼻咽喉科クリニック 松山市 公式サイト
313571677925,こいずみ形成外科皮ふ科,3810113815,791-1101,愛媛県,松山市久米窪田町７７５番地５,,こいずみ形成外科皮ふ科,CODE,G001194,代表,こいずみ形成外科皮ふ科 松山市 公式サイト
313553858258,刈谷皮膚科,3910114200,780-0901,高知県,高知市上町５丁目５－１６,,刈谷皮膚科,CODE,G001195,代表,刈谷皮膚科 高知市 公式サイト
313561078510,医療法人　カミヤ　いちばんがせクリニック,4110511997,848-0021,佐賀県,伊万里市大坪町甲２３５０番地８４,,カミヤいちばんがせクリニック,CODE,G001196,代表,医療法人 カミヤ いちばんがせクリニック 伊万里市 公式サイト
313707926247,むとう内科・脳神経内科クリニック,4110124783,840-0016,佐賀県,佐賀市南佐賀二丁目１番１３号,,むとう内科脳神経内科クリニック,CODE,G001197,代表,むとう内科・脳神経内科クリニック 佐賀市 公式サイト
313707926246,ライフケアクリニック長浜,,904-0324,沖縄県,中頭郡読谷村長浜１５３０－１,,ライフケアクリニック長浜,ZIP+NAME,G001198,代表,ライフケアクリニック長浜 中頭郡読谷村 公式サイト
313707876068,医療法人　眞正会　古賀医院,4110311927,841-0071,佐賀県,鳥栖市原古賀町６０９番地２,,眞正会古賀医院,CODE,G001199,代表,医療法人 眞正会 古賀医院 鳥栖市 公式サイト
313700819660,中部眼科,,904-2155,沖縄県,沖縄市美原三丁目２２番１１号,,中部眼科,ZIP+NAME,G001200,代表,中部眼科 沖縄市 公式サイト
313700819659,医療法人　明峰会　真玉橋クリニック,,902-0078,沖縄県,那覇市識名１３１６－３,,明峰会真玉橋クリニック,ZIP+NAME,G001201,代表,医療法人 明峰会 真玉橋クリニック 那覇市 公式サイト
313700784866,北部山里クリニック,,905-0015,沖縄県,名護市大南２－１２－２６,,北部山里クリニック,ZIP+NAME,G001202,代表,北部山里クリニック 名護市 公式サイト
313700666055,名護市屋我地診療所,,905-1632,沖縄県,名護市饒平名４６０番地の１,,名護市屋我地診療所,ZIP+NAME,G001203,代表,名護市屋我地診療所 名護市 公式サイト
313656145623,安立医院,,904-0034,沖縄県,沖縄市山内１－７－５,,安立医院,ZIP+NAME,G001204,代表,安立医院 沖縄市 公式サイト
313656145622,かなぐすくクリニック,,901-0155,沖縄県,那覇市金城五丁目１６番地１３,,かなぐすくクリニック,ZIP+NAME,G001205,代表,かなぐすくクリニック 那覇市 公式サイト
313553858257,森　医院,4110116672,840-0812,佐賀県,佐賀市愛敬町８番１１号,,森医院,CODE,G001206,代表,森 医院 佐賀市 公式サイト
313707876067,みやぎ小児科クリニック,,901-2214,沖縄県,宜野湾市我如古４４７－１,,みやぎ小児科クリニック,ZIP+NAME,G001207,代表,みやぎ小児科クリニック 宜野湾市 公式サイト
313707846372,勝山病院,,905-0007,沖縄県,名護市屋部４６８－１,,勝山病院,ZIP+NAME,G001208,代表,勝山病院 名護市 公式サイト
313656145621,医療法人　ひかり医院,4110312438,841-0052,佐賀県,鳥栖市宿町１２４７番地４,,ひかり医院,CODE,G001209,代表,医療法人 ひかり医院 鳥栖市 公式サイト
313587877577,かいせいクリニック,,901-0147,沖縄県,那覇市宮城１丁目１８番１号　エスタジオ小禄３階,,かいせいクリニック,ZIP+NAME,G001210,代表,かいせいクリニック 那覇市 公式サイト
313571677924,天久のクリニック,,900-0005,沖縄県,那覇市天久１－２７－２０,,天久のクリニック,ZIP+NAME,G001211,代表,天久のクリニック 那覇市 公式サイト
313544880870,もりなが内科・小児科クリニック,,904-0115,沖縄県,中頭郡北谷町美浜二丁目７番７号,,もりなが内科小児科クリニック,ZIP+NAME,G001212,代表,もりなが内科・小児科クリニック 中頭郡北谷町 公式サイト
313553858256,おおやま泌尿器科クリニック,,904-0033,沖縄県,沖縄市山里１－１－２　３０４,,おおやま泌尿器科クリニック,ZIP+NAME,G001213,代表,おおやま泌尿器科クリニック 沖縄市 公式サイト
313544880871,安木内科,,902-0068,沖縄県,那覇市真嘉比三丁目１３番地３,,安木内科,ZIP+NAME,G001214,代表,安木内科 那覇市 公式サイト
313707846371,金田医院,4410710612,879-2412,大分県,津久見市高洲町１９－１０,,金田医院,CODE,G001215,代表,金田医院 津久見市 公式サイト
313707810504,アワセ第一医院,,904-2172,沖縄県,沖縄市泡瀬２－５４－２６,,アワセ第一医院,ZIP+NAME,G001216,代表,アワセ第一医院 沖縄市 公式サイト
313700819658,お元気でクリニック,4110312636,841-0075,佐賀県,鳥栖市立石町２１５９番１,,お元気でクリニック,CODE,G001217,代表,お元気でクリニック 鳥栖市 公式サイト
313700747985,うるま整形外科,,904-2225,沖縄県,うるま市喜屋武３８４－３－２きゃんメディカルプラザ３階　３ＡＢ号室,,うるま整形外科,ZIP+NAME,G001218,代表,うるま整形外科 うるま市 公式サイト
313700712153,とよむファミリークリニック,,901-0203,沖縄県,豊見城市字長堂３７５番地６,,とよむファミリクリニック,ZIP+NAME,G001219,代表,とよむファミリークリニック 豊見城市 公式サイト
313663163103,大川野クリニック,4110511740,849-5251,佐賀県,伊万里市大川町大川野３１４３番地１,,大川野クリニック,CODE,G001220,代表,大川野クリニック 伊万里市 公式サイト
313656145620,堀田病院,4110511252,848-0027,佐賀県,伊万里市立花町２９７４番地５,,堀田病院,CODE,G001221,代表,堀田病院 伊万里市 公式サイト
313656145619,ゆめクリニック,,901-0154,沖縄県,那覇市赤嶺２丁目３番地１　１０１,,ゆめクリニック,ZIP+NAME,G001222,代表,ゆめクリニック 那覇市 公式サイト
313587877576,前山医院,4110114479,840-0843,佐賀県,佐賀市川原町５番１７号,,前山医院,CODE,G001223,代表,前山医院 佐賀市 公式サイト
313504636642,小峯クリニック,4110115310,840-0023,佐賀県,佐賀市本庄町大字袋２７５番地１,,小峯クリニック,CODE,G001224,代表,小峯クリニック 佐賀市 公式サイト
313707876066,勝連病院,,901-0331,沖縄県,糸満市真栄平１０２６,,勝連病院,ZIP+NAME,G001225,代表,勝連病院 糸満市 公式サイト
313707846370,おろく皮フ科クリニック,,901-0152,沖縄県,那覇市小禄五丁目１３番地１たかよしビル１階,,おろく皮フ科クリニック,ZIP+NAME,G001226,代表,おろく皮フ科クリニック 那覇市 公式サイト
313700712152,医療法人　三和会　本多整形外科,4110114511,849-0922,佐賀県,佐賀市高木瀬東２丁目４番１０号,,三和会本多整形外科,CODE,G001227,代表,医療法人 三和会 本多整形外科 佐賀市 公式サイト
313663163102,うるま記念病院,,904-2201,沖縄県,うるま市昆布１８３２番地３９７,,うるま記念病院,ZIP+NAME,G001228,代表,うるま記念病院 うるま市 公式サイト
313656145618,医療法人　整和会　副島整形外科病院,4110212695,847-0082,佐賀県,唐津市和多田天満町一丁目２番１号,,整和会副島整形外科病院,CODE,G001229,代表,医療法人 整和会 副島整形外科病院 唐津市 公式サイト
313587877575,中山内科医院,,904-2245,沖縄県,うるま市赤道２６０－７,,中山内科医院,ZIP+NAME,G001230,代表,中山内科医院 うるま市 公式サイト
313571677923,仁愛クリニック,4110212489,847-0012,佐賀県,唐津市大名小路５番３号,,仁愛クリニック,CODE,G001231,代表,仁愛クリニック 唐津市 公式サイト
313571677922,こうむら眼科,,906-0015,沖縄県,宮古島市平良久貝１０６４番１０ー１,,こうむら眼科,ZIP+NAME,G001232,代表,こうむら眼科 宮古島市 公式サイト
313561078509,山城消化器内科医院,,900-0022,沖縄県,那覇市樋川１－１８－２２,,山城消化器内科医院,ZIP+NAME,G001233,代表,山城消化器内科医院 那覇市 公式サイト
313553858255,ＭＳＡ美容外科,,900-0006,沖縄県,那覇市おもろまち４－９－１０ブギービル５階,,msa美容外科,ZIP+NAME,G001234,代表,MSA美容外科 那覇市 公式サイト
313544880869,宮古島リハビリ温泉病院,,906-0011,沖縄県,宮古島市平良字東仲宗根添１８９８番地の７,,宮古島リハビリ温泉病院,ZIP+NAME,G001235,代表,宮古島リハビリ温泉病院 宮古島市 公式サイト
313504636643,独立行政法人国立病院機構　別府医療センター,4418010023,874-0011,大分県,別府市大字内竃１４７３番地,,国立病院機構別府医療センタ,CODE,G001236,代表,独立行政法人国立病院機構 別府医療センター 別府市 公式サイト
313700666054,泌尿器科いまりクリニック,4110511542,848-0024,佐賀県,伊万里市大川内町甲４４５５番地１,,泌尿器科いまりクリニック,CODE,G001237,代表,泌尿器科いまりクリニック 伊万里市 公式サイト
313561078508,島村耳鼻咽喉科,4410511671,876-0843,大分県,佐伯市中の島１丁目２番２９号,,島村耳鼻咽喉科,CODE,G001238,代表,島村耳鼻咽喉科 佐伯市 公式サイト
313707926245,きゆな耳鼻科・沖縄ボイスクリニック,,902-0061,沖縄県,那覇市古島２－６－５,,きゆな耳鼻科沖縄ボイスクリニック,ZIP+NAME,G001239,代表,きゆな耳鼻科・沖縄ボイスクリニック 那覇市 公式サイト
313700784865,矢ヶ部医院,4110116037,840-0015,佐賀県,佐賀市木原三丁目２番１１号,,矢ヶ部医院,CODE,G001240,代表,矢ヶ部医院 佐賀市 公式サイト
313707926244,麻生医院,4411210562,879-6643,大分県,豊後大野市緒方町下自在１６８－１,,麻生医院,CODE,G001241,代表,麻生医院 豊後大野市 公式サイト
313707810503,中浦循環器クリニック,4410511374,876-0844,大分県,佐伯市向島２丁目２１番１３号,,中浦循環器クリニック,CODE,G001242,代表,中浦循環器クリニック 佐伯市 公式サイト
313700819657,深堀内科医院,4410810859,879-6184,大分県,竹田市大字菅生１１５７番地２,,深堀内科医院,CODE,G001243,代表,深堀内科医院 竹田市 公式サイト
313700747984,福永胃腸科外科医院,4411410063,873-0503,大分県,国東市国東町鶴川１０６番地,,福永胃腸科外科医院,CODE,G001244,代表,福永胃腸科外科医院 国東市 公式サイト
313700712151,社会医療法人　長門莫記念会　長門記念病院,4410510855,876-0835,大分県,佐伯市鶴岡町一丁目１１番５９号,,長門莫記念会長門記念病院,CODE,G001245,代表,社会医療法人 長門莫記念会 長門記念病院 佐伯市 公式サイト
313587877574,植田内科クリニック,4410610952,875-0041,大分県,臼杵市大字臼杵２の１０７番地の７１６,,植田内科クリニック,CODE,G001246,代表,植田内科クリニック 臼杵市 公式サイト
313700747983,亀山皮膚科医院,4410412193,877-0015,大分県,日田市中央２－６－４１,,亀山皮膚科医院,CODE,G001247,代表,亀山皮膚科医院 日田市 公式サイト
313587877573,医療法人　宮原レディ―スクリニック,4410412052,877-0071,大分県,日田市大字十二町２５８番地１,,宮原レディスクリニック,CODE,G001248,代表,医療法人 宮原レディ―スクリニック 日田市 公式サイト
313707876065,下飛田小児科,4410411617,877-0015,大分県,日田市中央１丁目７－１,,下飛田小児科,CODE,G001249,代表,下飛田小児科 日田市 公式サイト
313707926243,山上内科医院,4410312864,871-0153,大分県,中津市大貞２５２－１,,山上内科医院,CODE,G001250,代表,山上内科医院 中津市 公式サイト
313700819656,サトウ皮膚科医院,4410122552,870-0839,大分県,大分市金池南１丁目１－２２イエステーション大分駅南２階,,サトウ皮膚科医院,CODE,G001251,代表,サトウ皮膚科医院 大分市 公式サイト
313700712150,濱田皮膚科医院,4410116547,870-0104,大分県,大分市南鶴崎２丁目５番１１号,,濱田皮膚科医院,CODE,G001252,代表,濱田皮膚科医院 大分市 公式サイト
313587877572,国民健康保険直営松浦市立福島診療所原分院,4218124362,848-0406,長崎県,松浦市福島町原免１１０６番地,,国民健康保険直営松浦市立福島診療所原分院,CODE,G001253,代表,国民健康保険直営松浦市立福島診療所原分院 松浦市 公式サイト
313587877571,玄同内科医院,4410116224,870-1173,大分県,大分市大字横瀬４９３番地の１,,玄同内科医院,CODE,G001254,代表,玄同内科医院 大分市 公式サイト
313571677921,久保おなか・おしりクリニック,4410214987,874-0919,大分県,別府市石垣東３丁目５番１５号,,久保おなかおしりクリニック,CODE,G001255,代表,久保おなか・おしりクリニック 別府市 公式サイト
313571677920,医療法人社団愛育会　曽根崎産婦人科医院,4410115127,870-0887,大分県,大分市二又町一丁目２番７号,,愛育会曽根崎産婦人科医院,CODE,G001256,代表,医療法人社団愛育会 曽根崎産婦人科医院 大分市 公式サイト
313561078507,髙椋クリニック,4410311635,871-0027,大分県,中津市大字上宮永２９９番地の３,,髙椋クリニック,CODE,G001257,代表,髙椋クリニック 中津市 公式サイト
313504636641,大分春日内科循環器・エコークリニック,4410122651,870-0816,大分県,大分市田室町６番１１号,,大分春日内科循環器エコクリニック,CODE,G001258,代表,大分春日内科循環器・エコークリニック 大分市 公式サイト
313707846369,亀川精神保健クリニック,4410214037,874-0014,大分県,別府市亀川浜田町３組,,亀川精神保健クリニック,CODE,G001259,代表,亀川精神保健クリニック 別府市 公式サイト
313700747982,前島リウマチ内科クリニック,,870-0823,大分県,大分市東大道１丁目８番１５号,,前島リウマチ内科クリニック,ZIP+NAME,G001260,代表,前島リウマチ内科クリニック 大分市 公式サイト
313700666053,吉賀循環器内科,4410213872,874-0042,大分県,別府市大字鉄輪１６３番地,,吉賀循環器内科,CODE,G001261,代表,吉賀循環器内科 別府市 公式サイト
313663163101,高橋内科クリニック,4410121679,870-0005,大分県,大分市王子北町４番１２号,,高橋内科クリニック,CODE,G001262,代表,高橋内科クリニック 大分市 公式サイト
313587877570,かやしま内科,4410119558,870-0935,大分県,大分市古ケ鶴２丁目１番１号,,かやしま内科,CODE,G001263,代表,かやしま内科 大分市 公式サイト
313707846368,嶋田循環器科内科,4410116182,870-0251,大分県,大分市大在中央１丁目１０番１７号,,嶋田循環器科内科,CODE,G001264,代表,嶋田循環器科内科 大分市 公式サイト
313707810502,小串整形外科,4410120424,870-0924,大分県,大分市牧１丁目２番１４号,,小串整形外科,CODE,G001265,代表,小串整形外科 大分市 公式サイト
313700784864,菜の花クリニック,4410121000,879-2201,大分県,大分市大字佐賀関２２６６番地,,菜の花クリニック,CODE,G001266,代表,菜の花クリニック 大分市 公式サイト
313553858254,長峰内科・胃腸内科クリニック,4410116893,870-0822,大分県,大分市大道町４－５－２７－２Ｆ,,長峰内科胃腸内科クリニック,CODE,G001267,代表,長峰内科・胃腸内科クリニック 大分市 公式サイト
313707926242,医療法人祥仁会　西諫早病院,4210412104,854-0063,長崎県,諫早市貝津町３０１５,,祥仁会西諫早病院,CODE,G001268,代表,医療法人祥仁会 西諫早病院 諫早市 公式サイト
313707846367,しば整形外科クリニック,4210423168,854-0071,長崎県,諫早市永昌東町２０－２５,,しば整形外科クリニック,CODE,G001269,代表,しば整形外科クリニック 諫早市 公式サイト
313707810501,近藤医院,4211123569,851-2108,長崎県,西彼杵郡時津町日並郷１３２５－８,,近藤医院,CODE,G001270,代表,近藤医院 西彼杵郡時津町 公式サイト
313700819655,医療法人　ふじえクリニック,4210422871,854-0071,長崎県,諫早市永昌東町９－２６ニューウィンドビル３Ｆ,,ふじえクリニック,CODE,G001271,代表,医療法人 ふじえクリニック 諫早市 公式サイト
313587877569,医療法人　くすのき会　ふじもとこどもクリニック,4210522126,856-0804,長崎県,大村市大川田町３６３番地１,,くすのき会ふじもとこどもクリニック,CODE,G001272,代表,医療法人 くすのき会 ふじもとこどもクリニック 大村 公式サイト
313553858253,医療法人　篠原皮ふ科クリニック,4210521763,856-0023,長崎県,大村市上諏訪町８３７番地１,,篠原皮ふ科クリニック,CODE,G001273,代表,医療法人 篠原皮ふ科クリニック 大村 公式サイト
313504636640,医療法人　さわ小児科,4210521847,856-0806,長崎県,大村市富の原二丁目２３４番地１,,さわ小児科,CODE,G001274,代表,医療法人 さわ小児科 大村 公式サイト
313707926241,医療法人雄仁会　浦クリニック,4210620623,853-0001,長崎県,五島市栄町９－１６,,雄仁会浦クリニック,CODE,G001275,代表,医療法人雄仁会 浦クリニック 五島市 公式サイト
313707876064,ありやま小児科,4210521938,856-0046,長崎県,大村市木場１丁目９４７番地４,,ありやま小児科,CODE,G001276,代表,ありやま小児科 大村 公式サイト
313700819654,島原整形外科　西村クリニック,4210321412,855-0861,長崎県,島原市下川尻町７９０４番地１１,,島原整形外科西村クリニック,CODE,G001277,代表,島原整形外科 西村クリニック 島原市 公式サイト
313700666052,医療法人社団　幸寿会　島原こころのクリニック,4210321495,855-0825,長崎県,島原市広馬場町３７５－２,,幸寿会島原こころのクリニック,CODE,G001278,代表,医療法人社団 幸寿会 島原こころのクリニック 島原市 公式サイト
313700666051,たかさきクリニック耳鼻いんこう科・アレルギー科,4210227965,857-0136,長崎県,佐世保市田原町１７番１０号,,たかさきクリニック耳鼻いんこう科アレルギ科,CODE,G001279,代表,たかさきクリニック耳鼻いんこう科・アレルギー科 佐世保市 公式サイト
313561078506,医療法人社団披雲会　いとう整形外科,4210321438,855-0825,長崎県,島原市広馬場町３７３番地１,,披雲会いとう整形外科,CODE,G001280,代表,医療法人社団披雲会 いとう整形外科 島原市 公式サイト
313663163100,医療法人　山内皮ふ科医院,4210225431,859-3223,長崎県,佐世保市広田３丁目１８番１４号,,山内皮ふ科医院,CODE,G001281,代表,医療法人 山内皮ふ科医院 佐世保市 公式サイト
313561078505,佐世保乳腺Ｂ．Ｂクリニック,4210228153,857-0053,長崎県,佐世保市常盤町５－５　サンクル３番館　１０１,,佐世保乳腺bbクリニック,CODE,G001282,代表,佐世保乳腺B.Bクリニック 佐世保市 公式サイト
313707926240,天野内科,4210167591,851-1132,長崎県,長崎市小江原二丁目３５番１６号,,天野内科,CODE,G001283,代表,天野内科 長崎市 公式サイト
313707876063,サイノオ脳神経外科,4210167641,850-0877,長崎県,長崎市築町５番１４号トラッド中央橋２階,,サイノオ脳神経外科,CODE,G001284,代表,サイノオ脳神経外科 長崎市 公式サイト
313707810500,武藤内科循環器内科,4210168292,850-0903,長崎県,長崎市寄合町３－４１,,武藤内科循環器内科,CODE,G001285,代表,武藤内科循環器内科 長崎市 公式サイト
313707810499,重野耳鼻咽喉科医院,4210167732,852-8132,長崎県,長崎市扇町１番２１号,,重野耳鼻咽喉科医院,CODE,G001286,代表,重野耳鼻咽喉科医院 長崎市 公式サイト
313571677919,さかぐち耳鼻咽喉科,4210163681,851-0134,長崎県,長崎市田中町３３８番地,,さかぐち耳鼻咽喉科,CODE,G001287,代表,さかぐち耳鼻咽喉科 長崎市 公式サイト
313700784863,りゅうキッズクリニック,4210167468,852-8061,長崎県,長崎市滑石２丁目９番９号,,りゅうキッズクリニック,CODE,G001288,代表,りゅうキッズクリニック 長崎市 公式サイト
313700747981,医療法人　楢林整形外科医院,4210162550,850-0904,長崎県,長崎市船大工町５番３２号,,楢林整形外科医院,CODE,G001289,代表,医療法人 楢林整形外科医院 長崎市 公式サイト
313544880868,医療法人　三宅脳神経外科医院,4210164747,852-8023,長崎県,長崎市若草町３番２１号,,三宅脳神経外科医院,CODE,G001290,代表,医療法人 三宅脳神経外科医院 長崎市 公式サイト
313700712149,医療法人　奥内科医院,4210161339,850-0001,長崎県,長崎市西山２丁目１０番１０号,,奥内科医院,CODE,G001291,代表,医療法人 奥内科医院 長崎市 公式サイト
313700712148,医療法人　川原眼科,4512011364,889-1403,宮崎県,児湯郡新富町大字上富田３３４０番地１,,川原眼科,CODE,G001292,代表,医療法人 川原眼科 児湯郡新富町 公式サイト
313553858252,独立行政法人　国立病院機構　宮崎病院,4518010048,889-1301,宮崎県,児湯郡川南町大字川南１９４０３番地４,,国立病院機構宮崎病院,CODE,G001293,代表,独立行政法人 国立病院機構 宮崎病院 児湯郡川南町 公式サイト
313587877568,医療法人社団　睦由会　江夏整形外科クリニック,4511710727,889-1912,宮崎県,北諸県郡三股町大字宮村２８４１－４,,睦由会江夏整形外科クリニック,CODE,G001294,代表,医療法人社団 睦由会 江夏整形外科クリニック 北諸県郡三股町 公式サイト
313656145617,たけしたこども医院,4511710610,889-1901,宮崎県,北諸県郡三股町大字樺山４５４０番地２,,たけしたこども医院,CODE,G001295,代表,たけしたこども医院 北諸県郡三股町 公式サイト
313700819653,医療法人社団白水会　とまり内科外科胃腸科医院,4511710396,889-1903,宮崎県,北諸県郡三股町稗田４７番地５,,白水会とまり内科外科胃腸科医院,CODE,G001296,代表,医療法人社団白水会 とまり内科外科胃腸科医院 北諸県郡三股町 公式サイト
313553858251,にいな鶴町クリニック,4510611066,883-0052,宮崎県,日向市鶴町１丁目６番８号,,にいな鶴町クリニック,CODE,G001297,代表,にいな鶴町クリニック 日向市 公式サイト
313700784862,大貫診療所,4510312699,882-0803,宮崎県,延岡市大貫町３丁目７５４番地１,,大貫診療所,CODE,G001298,代表,大貫診療所 延岡市 公式サイト
313587877567,医療法人　九州千雅　米田脳神経外科,4510312822,882-0857,宮崎県,延岡市惣領町１０３番地２,,九州千雅米田脳神経外科,CODE,G001299,代表,医療法人 九州千雅 米田脳神経外科 延岡市 公式サイト
313656145616,はまだクリニック,4510212584,885-0014,宮崎県,都城市祝吉町二丁目４番地９,,はまだクリニック,CODE,G001300,代表,はまだクリニック 都城市 公式サイト
313700712147,沖田眼科,4510120936,880-0824,宮崎県,宮崎市大島町原ノ前１４４５番地２２,,沖田眼科,CODE,G001301,代表,沖田眼科 宮崎市 公式サイト
313700666050,中元寺産婦人科医院,4510312160,882-0843,宮崎県,延岡市永池町１丁目２番地１０,,中元寺産婦人科医院,CODE,G001302,代表,中元寺産婦人科医院 延岡市 公式サイト
313707926239,吉見病院,4510213871,885-1202,宮崎県,都城市高城町穂満坊４６３番地１,,吉見病院,CODE,G001303,代表,吉見病院 都城市 公式サイト
313700819652,こいわや循環器内科クリニック,4510121108,880-0824,宮崎県,宮崎市大島町西田２１３７番４,,こいわや循環器内科クリニック,CODE,G001304,代表,こいわや循環器内科クリニック 宮崎市 公式サイト
313707926238,ウエダメンタルクリニック,4510120605,880-0841,宮崎県,宮崎市吉村町南田甲１０８６－１,,ウエダメンタルクリニック,CODE,G001305,代表,ウエダメンタルクリニック 宮崎市 公式サイト
313571677918,ひらね眼科,4510118195,880-0834,宮崎県,宮崎市新別府町江口８６２－１イオン宮崎ショッピングセンター２Ｆ,,ひらね眼科,CODE,G001306,代表,ひらね眼科 宮崎市 公式サイト
313587877566,まつうら心の診療所,4510120720,880-0032,宮崎県,宮崎市霧島２丁目１３０番地２階,,まつうら心の診療所,CODE,G001307,代表,まつうら心の診療所 宮崎市 公式サイト
313544880867,五木村診療所,4318212265,868-0201,熊本県,球磨郡五木村甲下手２６７２－１１,,五木村診療所,CODE,G001308,代表,五木村診療所 球磨郡五木村 公式サイト
313571677916,くすのき心の診療所,4317510263,861-8003,熊本県,熊本市北区楠６丁目１－７－２０１号,,くすのき心の診療所,CODE,G001309,代表,くすのき心の診療所 熊本市北区 公式サイト
313553858250,上天草市立湯島へき地診療所,4318211952,869-3711,熊本県,上天草市大矢野町湯島６５５,,上天草市立湯島へき地診療所,CODE,G001310,代表,上天草市立湯島へき地診療所 上天草市 公式サイト
313504636639,大塚小松台眼科,4510120597,880-0951,宮崎県,宮崎市大塚町無量寺道下７８－３,,大塚小松台眼科,CODE,G001311,代表,大塚小松台眼科 宮崎市 公式サイト
313504636638,国民健康保険天草市立河浦病院,4318210061,863-1215,熊本県,天草市河浦町白木河内２２３－１１,,国民健康保険天草市立河浦病院,CODE,G001312,代表,国民健康保険天草市立河浦病院 天草市 公式サイト
313707876062,宮交シティクリニック,4510120423,880-0902,宮崎県,宮崎市大淀四丁目６番２８号,,宮交シティクリニック,CODE,G001313,代表,宮交シティクリニック 宮崎市 公式サイト
313707810498,かわの内科クリニック,4510119151,880-0936,宮崎県,宮崎市天満３丁目１番地８,,かわの内科クリニック,CODE,G001314,代表,かわの内科クリニック 宮崎市 公式サイト
313587877565,北部眼科・小児眼科,4317510040,861-5515,熊本県,熊本市北区四方寄町１２８１－１,,北部眼科小児眼科,CODE,G001315,代表,北部眼科・小児眼科 熊本市北区 公式サイト
313571677917,迫田病院,4510114350,880-0917,宮崎県,宮崎市城ケ崎三丁目２番地１,,迫田病院,CODE,G001316,代表,迫田病院 宮崎市 公式サイト
313707846366,宮本外科・消化器内科,4317510065,861-8064,熊本県,熊本市北区八景水谷２丁目６番２６号,,宮本外科消化器内科,CODE,G001317,代表,宮本外科・消化器内科 熊本市北区 公式サイト
313700747980,明午橋内科クリニック,4317110510,860-0842,熊本県,熊本市中央区南千反畑町１５番４０号,,明午橋内科クリニック,CODE,G001318,代表,明午橋内科クリニック 熊本市中央区 公式サイト
313700712146,江津湖クリニック,4317110924,862-0953,熊本県,熊本市中央区上京塚町２番２０号はらの７県庁東ビル１０１号,,江津湖クリニック,CODE,G001319,代表,江津湖クリニック 熊本市中央区 公式サイト
313663163099,あけぼの第２クリニック,4317110809,860-0821,熊本県,熊本市中央区本山１丁目６番１９号,,あけぼの第2クリニック,CODE,G001320,代表,あけぼの第2クリニック 熊本市中央区 公式サイト
313700784860,在宅・よろず相談クリニック,,862-0950,熊本県,熊本市中央区水前寺３－４３－２７,,在宅よろず相談クリニック,ZIP+NAME,G001321,代表,在宅・よろず相談クリニック 熊本市中央区 公式サイト
313656145615,まつもと在宅クリニック,4317110478,862-0955,熊本県,熊本市中央区神水本町１３－１,,まつもと在宅クリニック,CODE,G001322,代表,まつもと在宅クリニック 熊本市中央区 公式サイト
313553858249,熊本託麻台リハビリテーション病院,4317110130,862-0924,熊本県,熊本市中央区帯山８丁目２－１,,熊本託麻台リハビリテション病院,CODE,G001323,代表,熊本託麻台リハビリテーション病院 熊本市中央区 公式サイト
313707846365,フォーシーズンズレディースクリニック,4317110361,860-0846,熊本県,熊本市中央区城東町４番７号グランガーデン熊本ビル２階,,フォシズンズレディスクリニック,CODE,G001324,代表,フォーシーズンズレディースクリニック 熊本市中央区 公式サイト
313700666049,さくら眼科クリニック,4312612742,869-1108,熊本県,菊池郡菊陽町光の森７丁目３３番地１,,さくら眼科クリニック,CODE,G001325,代表,さくら眼科クリニック 菊池郡菊陽町 公式サイト
313587877564,有明成仁病院,4312410873,869-0101,熊本県,玉名郡長洲町宮野２７７５,,有明成仁病院,CODE,G001326,代表,有明成仁病院 玉名郡長洲町 公式サイト
313561078504,芦北とりかい眼科,4313010763,869-5461,熊本県,葦北郡芦北町芦北大迫尻２４１３番地１,,芦北とりかい眼科,CODE,G001327,代表,芦北とりかい眼科 葦北郡芦北町 公式サイト
313544880866,緒方内科医院,4312911128,869-4602,熊本県,八代郡氷川町宮原６９４－１,,緒方内科医院,CODE,G001328,代表,緒方内科医院 八代郡氷川町 公式サイト
313587877563,まえかわ整形外科,4312011051,863-0033,熊本県,天草市東町７番４３号,,まえかわ整形外科,CODE,G001329,代表,まえかわ整形外科 天草市 公式サイト
313561078503,黒田耳鼻咽喉科医院,4311711214,869-4215,熊本県,八代市鏡町下村１５１３－１,,黒田耳鼻咽喉科医院,CODE,G001330,代表,黒田耳鼻咽喉科医院 八代市 公式サイト
313553858248,玉名脳神経外科医院,4311810776,865-0016,熊本県,玉名市岩崎字灰島１１－１,,玉名脳神経外科医院,CODE,G001331,代表,玉名脳神経外科医院 玉名市 公式サイト
313707926237,うらべ・むらたクリニック,4311710968,866-0874,熊本県,八代市横手本町２－１,,うらべむらたクリニック,CODE,G001332,代表,うらべ・むらたクリニック 八代市 公式サイト
313700784859,福本医院,4312010343,863-0044,熊本県,天草市楠浦町２５９,,福本医院,CODE,G001333,代表,福本医院 天草市 公式サイト
313707810497,後藤整形外科医院,4311610390,861-1331,熊本県,菊池市隈府字薮ノ内９２３,,後藤整形外科医院,CODE,G001334,代表,後藤整形外科医院 菊池市 公式サイト
313700819651,宮本内科クリニック,4311610267,861-1331,熊本県,菊池市隈府２７７－２,,宮本内科クリニック,CODE,G001335,代表,宮本内科クリニック 菊池市 公式サイト
313707876061,姫戸医院,4311210209,866-0101,熊本県,上天草市姫戸町姫浦２５４４－６,,姫戸医院,CODE,G001336,代表,姫戸医院 上天草市 公式サイト
313700712145,ＪＮＣ株式会社水俣製造所診療所,4310511060,867-0053,熊本県,水俣市野口町１番１号,,jnc株式会社水俣製造所診療所,CODE,G001337,代表,JNC株式会社水俣製造所診療所 水俣市 公式サイト
313656145614,医療法人　寺崎会　てらさきクリニック,4310510914,867-0065,熊本県,水俣市浜町１－２－３０,,寺崎会てらさきクリニック,CODE,G001338,代表,医療法人 寺崎会 てらさきクリニック 水俣市 公式サイト
313544880865,毛利医院,4311210084,869-3601,熊本県,上天草市大矢野町登立９１４５－４,,毛利医院,CODE,G001339,代表,毛利医院 上天草市 公式サイト
313504636637,みどりかわクリニック,4311110854,869-0463,熊本県,宇土市野鶴町３４０－１番地,,みどりかわクリニック,CODE,G001340,代表,みどりかわクリニック 宇土市 公式サイト
313707926236,医療法人　くだか眼科,4310127156,860-0082,熊本県,熊本市西区池田１丁目１４番８０号,,くだか眼科,CODE,G001341,代表,医療法人 くだか眼科 熊本市西区 公式サイト
313707810496,光永医院,4310311339,868-0025,熊本県,人吉市瓦屋町１８６０－７,,光永医院,CODE,G001342,代表,光永医院 人吉市 公式サイト
313700819650,荒尾クリニック,4310411014,864-0041,熊本県,荒尾市荒尾６００－３,,荒尾クリニック,CODE,G001343,代表,荒尾クリニック 荒尾市 公式サイト
313700666048,医療法人外山胃腸病院,4310310927,868-0037,熊本県,人吉市南泉田町１,,外山胃腸病院,CODE,G001344,代表,医療法人外山胃腸病院 人吉市 公式サイト
313587877562,北野小児科医院,4310124245,861-4101,熊本県,熊本市南区近見２－２－３０,,北野小児科医院,CODE,G001345,代表,北野小児科医院 熊本市南区 公式サイト
313561078502,本庄内科病院,4310124617,862-0921,熊本県,熊本市東区新外３丁目９－１,,本庄内科病院,CODE,G001346,代表,本庄内科病院 熊本市東区 公式サイト
313587876601,小堀胃腸科外科,4310124104,860-0862,熊本県,熊本市中央区黒髪２－３２－３,,小堀胃腸科外科,CODE,G001347,代表,小堀胃腸科外科 熊本市中央区 公式サイト
313504636636,三和クリニック,4310123965,860-0066,熊本県,熊本市西区城山下代３－６－１,,三和クリニック,CODE,G001348,代表,三和クリニック 熊本市西区 公式サイト
313707876060,広重クリニック,4310123528,862-0921,熊本県,熊本市東区新外２丁目５番１５号,,広重クリニック,CODE,G001349,代表,広重クリニック 熊本市東区 公式サイト
313707876059,嶋田病院,4310122165,860-0017,熊本県,熊本市中央区練兵町２４,,嶋田病院,CODE,G001350,代表,嶋田病院 熊本市中央区 公式サイト
313656145613,笠沙　診療所,4614010330,897-1301,鹿児島県,南さつま市笠沙町片浦１６９３２番地２,,笠沙診療所,CODE,G001351,代表,笠沙 診療所 南さつま市 公式サイト
313587876600,内匠　眼科,4614310235,897-0215,鹿児島県,南九州市川辺町平山３４４０番地,,内匠眼科,CODE,G001352,代表,内匠 眼科 南九州市 公式サイト
313700819649,きたはらこどもクリニック,4611910326,899-4343,鹿児島県,霧島市国分野口西１９番３１号,,きたはらこどもクリニック,CODE,G001353,代表,きたはらこどもクリニック 霧島市 公式サイト
313571677915,吉井　クリニック,4614010165,897-0001,鹿児島県,南さつま市加世田村原二丁目２番７,,吉井クリニック,CODE,G001354,代表,吉井 クリニック 南さつま市 公式サイト
313561078501,霧島整形外科クリニック,4611911308,899-4341,鹿児島県,霧島市国分野口東８番３１号,,霧島整形外科クリニック,CODE,G001355,代表,霧島整形外科クリニック 霧島市 公式サイト
313700819648,せきやま皮膚科クリニック,4611610447,899-2506,鹿児島県,日置市伊集院町清藤２００６番地９,,せきやま皮膚科クリニック,CODE,G001356,代表,せきやま皮膚科クリニック 日置市 公式サイト
313663163098,眼科　川畑医院,4610126478,890-0052,鹿児島県,鹿児島市上之園町１９番地２５,,眼科川畑医院,CODE,G001357,代表,眼科 川畑医院 鹿児島市 公式サイト
313553858247,守屋病院,4611610306,899-2502,鹿児島県,日置市伊集院町徳重２丁目５番地５,,守屋病院,CODE,G001358,代表,守屋病院 日置市 公式サイト
313707846364,林胃腸科外科,4610610398,899-1624,鹿児島県,阿久根市大丸町８６番地,,林胃腸科外科,CODE,G001359,代表,林胃腸科外科 阿久根市 公式サイト
313587876599,新門整形外科,4611510605,895-0072,鹿児島県,薩摩川内市中郷１丁目８番１６号,,新門整形外科,CODE,G001360,代表,新門整形外科 薩摩川内市 公式サイト
313553858246,大石医院,4611610264,899-2201,鹿児島県,日置市東市来町湯田２１５３番地,,大石医院,CODE,G001361,代表,大石医院 日置市 公式サイト
313707810495,かごしまＩＢＤ消化器内科クリニック,4610128755,892-0843,鹿児島県,鹿児島市千日町１番１号　センテラス天文館４Ｆ,,かごしまibd消化器内科クリニック,CODE,G001362,代表,かごしまIBD消化器内科クリニック 鹿児島市 公式サイト
313700784858,内村産婦人科,4610311849,893-1603,鹿児島県,鹿屋市串良町岡崎２０７０,,内村産婦人科,CODE,G001363,代表,内村産婦人科 鹿屋市 公式サイト
313700747979,せいざん病院,4611310329,891-3104,鹿児島県,西之表市住吉３３６３番地２,,せいざん病院,CODE,G001364,代表,せいざん病院 西之表市 公式サイト
313561078500,祁答院診療所,4611510993,895-1501,鹿児島県,薩摩川内市祁答院町下手５７－１,,祁答院診療所,CODE,G001365,代表,祁答院診療所 薩摩川内市 公式サイト
313553858245,桑波田　診療所,4611410210,891-2125,鹿児島県,垂水市旭町５３,,桑波田診療所,CODE,G001366,代表,桑波田 診療所 垂水市 公式サイト
313707846363,慈遊館クリニック,4610125116,891-0144,鹿児島県,鹿児島市下福元町２６３５番地,,慈遊館クリニック,CODE,G001367,代表,慈遊館クリニック 鹿児島市 公式サイト
313700784857,田村クリニック,4610126445,890-0073,鹿児島県,鹿児島市宇宿３丁目２９番１０号,,田村クリニック,CODE,G001368,代表,田村クリニック 鹿児島市 公式サイト
313700712144,徳田・馬場クリニック,4610118129,890-0008,鹿児島県,鹿児島市伊敷二丁目１番１０号,,徳田馬場クリニック,CODE,G001369,代表,徳田・馬場クリニック 鹿児島市 公式サイト
313656145612,西千石メディカルクリニック,4610128839,892-0847,鹿児島県,鹿児島市西千石町３番２６号イースト朝日ビル２０２号室,,西千石メディカルクリニック,CODE,G001370,代表,西千石メディカルクリニック 鹿児島市 公式サイト
313700747978,医療法人濵口産婦人科クリニック,4017718042,803-0841,福岡県,北九州市小倉北区清水二丁目１４番２０号,,濵口産婦人科クリニック,CODE,G001371,代表,医療法人濵口産婦人科クリニック 北九州市小倉北区 公式サイト
313700712143,うのき眼科,4610123434,890-0026,鹿児島県,鹿児島市原良一丁目７番１５号,,うのき眼科,CODE,G001372,代表,うのき眼科 鹿児島市 公式サイト
313656145611,東クリニック,4610124523,890-0065,鹿児島県,鹿児島市郡元３丁目１３番１４号,,東クリニック,CODE,G001373,代表,東クリニック 鹿児島市 公式サイト
313656145610,北九州健診診療所,4017719404,803-0812,福岡県,福岡県北九州市小倉北区室町３丁目１番２号,,北九州健診診療所,CODE,G001374,代表,北九州健診診療所 福岡県北九州市小倉北区 公式サイト
313587876598,いこまクリニック,4610124689,890-0045,鹿児島県,鹿児島市武１丁目２７番１１号　Ｉビル２階,,いこまクリニック,CODE,G001375,代表,いこまクリニック 鹿児島市 公式サイト
313587876597,かねこクリニック,4610121644,890-0055,鹿児島県,鹿児島市上荒田町８番６号,,かねこクリニック,CODE,G001376,代表,かねこクリニック 鹿児島市 公式サイト
313571677914,ひまりクリニック,4017911464,803-0846,福岡県,福岡県北九州市小倉北区下到津一丁目４番１１号,,ひまりクリニック,CODE,G001377,代表,ひまりクリニック 福岡県北九州市小倉北区 公式サイト
313561078499,井上メンタルクリニック,4610125157,892-0816,鹿児島県,鹿児島市山下町９番２６号　ファインビル３階,,井上メンタルクリニック,CODE,G001378,代表,井上メンタルクリニック 鹿児島市 公式サイト
313707926235,岩尾病院,4610122246,892-0837,鹿児島県,鹿児島市甲突町１７番１８号,,岩尾病院,CODE,G001379,代表,岩尾病院 鹿児島市 公式サイト
313707876058,坂元内科胃腸科,4610118210,890-0056,鹿児島県,鹿児島市下荒田一丁目２番２６号,,坂元内科胃腸科,CODE,G001380,代表,坂元内科胃腸科 鹿児島市 公式サイト
313700666047,耳鼻咽喉科　田上　クリニック,4610119507,890-0034,鹿児島県,鹿児島市田上１丁目２３番１０号,,耳鼻咽喉科田上クリニック,CODE,G001381,代表,耳鼻咽喉科 田上 クリニック 鹿児島市 公式サイト
313707810494,青木クリニック,4017811334,802-0973,福岡県,福岡県北九州市小倉南区星和台一丁目１－８－１,,青木クリニック,CODE,G001382,代表,青木クリニック 福岡県北九州市小倉南区 公式サイト
313663163097,医療法人　杏和会　平尾台病院,4017810104,803-0184,福岡県,福岡県北九州市小倉南区大字木下５５５,,杏和会平尾台病院,CODE,G001383,代表,医療法人 杏和会 平尾台病院 福岡県北九州市小倉南区 公式サイト
313707846362,花岡医院,4017419096,828-0074,福岡県,福岡県豊前市大字下河内９４８,,花岡医院,CODE,G001384,代表,花岡医院 福岡県豊前市 公式サイト
313700819647,医療法人あさひ松本病院,4017810393,800-0242,福岡県,福岡県北九州市小倉南区津田五丁目１番５号,,あさひ松本病院,CODE,G001385,代表,医療法人あさひ松本病院 福岡県北九州市小倉南区 公式サイト
313544880864,医療法人中央町おだクリニック,4016618573,805-0019,福岡県,福岡県北九州市八幡東区中央三丁目８番２８号,,中央町おだクリニック,CODE,G001386,代表,医療法人中央町おだクリニック 福岡県北九州市八幡東区 公式サイト
313504636635,石松ウイメンズクリニック,4017810500,800-0227,福岡県,福岡県北九州市小倉南区津田新町４丁目５－１,,石松ウイメンズクリニック,CODE,G001387,代表,石松ウイメンズクリニック 福岡県北九州市小倉南区 公式サイト
313707926234,医療法人　門司メンタルクリニック,4017619703,800-0039,福岡県,福岡県北九州市門司区中町１番３３号,,門司メンタルクリニック,CODE,G001388,代表,医療法人 門司メンタルクリニック 福岡県北九州市門司区 公式サイト
313700819646,ことのはコラボレーションクリニック,4016711311,806-0064,福岡県,北九州市八幡西区割子川１丁目２－２５,,ことのはコラボレションクリニック,CODE,G001389,代表,ことのはコラボレーションクリニック 北九州市八幡西区 公式サイト
313587876596,浦部内科・放射線科医院,4016710271,807-1131,福岡県,福岡県北九州市八幡西区馬場山東１－３－２２,,浦部内科放射線科医院,CODE,G001390,代表,浦部内科・放射線科医院 福岡県北九州市八幡西区 公式サイト
313571677913,みやび内科・眼科クリニック,4016710818,805-0025,福岡県,北九州市八幡東区中尾２丁目５－５,,みやび内科眼科クリニック,CODE,G001391,代表,みやび内科・眼科クリニック 北九州市八幡東区 公式サイト
313553858244,ＣｉｅＲ　Ｃｌｉｎｉｃ　Ｋｕｒｏｓａｋｉ,4016711535,806-0021,福岡県,北九州市八幡西区黒崎３－４－５,,cierclinickurosaki,CODE,G001392,代表,CieR Clinic Kurosaki 北九州市八幡西区 公式サイト
313707810493,医療法人　高尾クリニック,4016619886,806-0033,福岡県,福岡県北九州市八幡西区岡田町２－２０第２ヤスニシビル３０２号,,高尾クリニック,CODE,G001393,代表,医療法人 高尾クリニック 福岡県北九州市八幡西区 公式サイト
313700666046,医療法人　桜が丘クリニック,4016617138,806-0043,福岡県,福岡県北九州市八幡西区青山１丁目１－６１,,桜が丘クリニック,CODE,G001394,代表,医療法人 桜が丘クリニック 福岡県北九州市八幡西区 公式サイト
313700747977,医療法人　後藤外科・胃腸科医院,4016616734,807-0872,福岡県,福岡県北九州市八幡西区浅川二丁目１５番２０号,,後藤外科胃腸科医院,CODE,G001395,代表,医療法人 後藤外科・胃腸科医院 福岡県北九州市八幡西区 公式サイト
313544880863,サンビル植村内科クリニック,,806-0021,福岡県,福岡県北九州市八幡西区黒崎１丁目５－７サンビル５Ｆ,,サンビル植村内科クリニック,ZIP+NAME,G001396,代表,サンビル植村内科クリニック 福岡県北九州市八幡西区 公式サイト
313707810492,望月眼科,4011214048,811-1346,福岡県,福岡県福岡市南区老司４丁目１番４５号,,望月眼科,CODE,G001397,代表,望月眼科 福岡県福岡市南区 公式サイト
313571677912,医療法人　やの循環器科内科クリニック,4010719344,811-3117,福岡県,福岡県古賀市今の庄２丁目４番１４号,,やの循環器科内科クリニック,CODE,G001398,代表,医療法人 やの循環器科内科クリニック 福岡県古賀市 公式サイト
313561078498,医療法人中央レディスクリニック,4011015239,810-0001,福岡県,福岡県福岡市中央区天神２丁目４番３８号,,中央レディスクリニック,CODE,G001399,代表,医療法人中央レディスクリニック 福岡県福岡市中央区 公式サイト
313553858243,田中耳鼻咽喉科クリニック,4012711406,839-0861,福岡県,福岡県久留米市合川町字水生町１５１２－１,,田中耳鼻咽喉科クリニック,CODE,G001400,代表,田中耳鼻咽喉科クリニック 福岡県久留米市 公式サイト
313707876057,村尾在宅クリニック,4014414512,836-0043,福岡県,大牟田市橋口町４－６,,村尾在宅クリニック,CODE,G001401,代表,村尾在宅クリニック 大牟田市 公式サイト
313707846361,医療法人　権藤内科循環器科,4012619344,838-0143,福岡県,福岡県小郡市小板井４２９番地１,,権藤内科循環器科,CODE,G001402,代表,医療法人 権藤内科循環器科 福岡県小郡市 公式サイト
313707846360,細川小児科内科医院,4015512025,820-0001,福岡県,福岡県飯塚市鯰田１７７２番地,,細川小児科内科医院,CODE,G001403,代表,細川小児科内科医院 福岡県飯塚市 公式サイト
313707810491,林眼科医院,4012215440,830-0032,福岡県,福岡県久留米市東町３６１,,林眼科医院,CODE,G001404,代表,林眼科医院 福岡県久留米市 公式サイト
313700819645,つつみ眼科,4012711059,839-0841,福岡県,福岡県久留米市御井旗崎１丁目３－２厚花ビル１Ｆ,,つつみ眼科,CODE,G001405,代表,つつみ眼科 福岡県久留米市 公式サイト
313700819644,楢橋医院,4012213072,830-0033,福岡県,福岡県久留米市天神町９５番地,,楢橋医院,CODE,G001406,代表,楢橋医院 福岡県久留米市 公式サイト
313700784855,医療法人みたむらクリニック,4014310926,832-0058,福岡県,福岡県柳川市上宮永町８３番地１,,みたむらクリニック,CODE,G001407,代表,医療法人みたむらクリニック 福岡県柳川市 公式サイト
313700747976,医療法人　野口整形外科外科医院,4011219542,815-0075,福岡県,福岡県福岡市南区長丘１丁目１－１０,,野口整形外科外科医院,CODE,G001408,代表,医療法人 野口整形外科外科医院 福岡県福岡市南区 公式サイト
313700712142,田中産婦人科クリニック,4015410998,822-0002,福岡県,福岡県直方市大字頓野１０２７,,田中産婦人科クリニック,CODE,G001409,代表,田中産婦人科クリニック 福岡県直方市 公式サイト
313663163096,しらたに眼科,4012712180,830-0036,福岡県,福岡県久留米市篠原町２－３,,しらたに眼科,CODE,G001410,代表,しらたに眼科 福岡県久留米市 公式サイト
313656145609,医療法人海邦会　松崎記念病院,4012619369,838-0122,福岡県,福岡県小郡市松崎１８番地７,,海邦会松崎記念病院,CODE,G001411,代表,医療法人海邦会 松崎記念病院 福岡県小郡市 公式サイト
313656145608,松岡内科,4015311451,822-1300,福岡県,福岡県田川郡糸田町１７７２－３,,松岡内科,CODE,G001412,代表,松岡内科 福岡県田川郡糸田町 公式サイト
313587876595,小児科井上医院,4012214658,830-0013,福岡県,福岡県久留米市櫛原町１８,,小児科井上医院,CODE,G001413,代表,小児科井上医院 福岡県久留米市 公式サイト
313587876594,石津病院,4011611383,816-0831,福岡県,春日市大谷一丁目７３番地,,石津病院,CODE,G001414,代表,石津病院 春日市 公式サイト
313571677911,医療法人　西尾小児科医院,4011729151,818-0058,福岡県,福岡県筑紫野市湯町２丁目４番１号,,西尾小児科医院,CODE,G001415,代表,医療法人 西尾小児科医院 福岡県筑紫野市 公式サイト
313553858242,たくまクリニック,4015311436,822-1201,福岡県,福岡県田川郡福智町金田１８５８－１０,,たくまクリニック,CODE,G001416,代表,たくまクリニック 福岡県田川郡福智町 公式サイト
313553858241,甘木大川整形外科,4012411254,838-0068,福岡県,朝倉市甘木２４３１番地４,,甘木大川整形外科,CODE,G001417,代表,甘木大川整形外科 朝倉市 公式サイト
313544880862,甘木心療クリニック,4012411262,838-0069,福岡県,朝倉市来春１５０,,甘木心療クリニック,CODE,G001418,代表,甘木心療クリニック 朝倉市 公式サイト
313544880861,いなだ医院,4011410885,818-0134,福岡県,太宰府市大佐野４丁目１６番２号,,いなだ医院,CODE,G001419,代表,いなだ医院 太宰府市 公式サイト
313544880860,医療法人　みぞぐち小児科医院,4011719319,818-0022,福岡県,福岡県筑紫野市筑紫駅前通１丁目１４８番地,,みぞぐち小児科医院,CODE,G001420,代表,医療法人 みぞぐち小児科医院 福岡県筑紫野市 公式サイト
313504636634,社会医療法人　喜悦会　那珂川病院,4011219138,811-1345,福岡県,福岡県福岡市南区向新町２丁目１７－１７,,喜悦会那珂川病院,CODE,G001421,代表,社会医療法人 喜悦会 那珂川病院 福岡県福岡市南区 公式サイト
313504636633,馬場病院,4013510955,834-0115,福岡県,福岡県八女郡広川町大字新代１３８９番地４０９,,馬場病院,CODE,G001422,代表,馬場病院 福岡県八女郡広川町 公式サイト
313707926233,医療法人　永和会　永尾クリニック,4011619246,816-0847,福岡県,福岡県春日市大土居１丁目４１番地,,永和会永尾クリニック,CODE,G001423,代表,医療法人 永和会 永尾クリニック 福岡県春日市 公式サイト
313707846359,医療法人本田耳鼻咽喉科医院,4011619428,816-0844,福岡県,福岡県春日市上白水３丁目８１番地,,本田耳鼻咽喉科医院,CODE,G001424,代表,医療法人本田耳鼻咽喉科医院 福岡県春日市 公式サイト
313700819643,四つ葉在宅クリニック　福岡西,4011027796,819-0005,福岡県,福岡市西区内浜一丁目１３番１０号,,四つ葉在宅クリニック福岡西,CODE,G001425,代表,四つ葉在宅クリニック 福岡西 福岡市西区 公式サイト
313700784854,医療法人社団　堀川会　堀川病院,4012219251,830-0038,福岡県,福岡県久留米市西町５１０番地,,堀川会堀川病院,CODE,G001426,代表,医療法人社団 堀川会 堀川病院 福岡県久留米市 公式サイト
313700666045,こばやし医院,4012319234,833-0005,福岡県,福岡県筑後市大字長浜２３５８番地,,こばやし医院,CODE,G001427,代表,こばやし医院 福岡県筑後市 公式サイト
313553858240,林田クリニック,4014414470,836-0806,福岡県,大牟田市東新町１－１－２,,林田クリニック,CODE,G001428,代表,林田クリニック 大牟田市 公式サイト
313707876056,医療法人　才全会　西新クリニック,4011012061,814-0002,福岡県,福岡県福岡市早良区西新５丁目１５番２０号,,才全会西新クリニック,CODE,G001429,代表,医療法人 才全会 西新クリニック 福岡県福岡市早良区 公式サイト
313707846358,鞍寿クリニック,4015119383,807-1312,福岡県,鞍手郡鞍手町大字中山２４２５番地８,,鞍寿クリニック,CODE,G001430,代表,鞍寿クリニック 鞍手郡鞍手町 公式サイト
313700819642,桜坂中央外科医院,4011027960,810-0024,福岡県,福岡市中央区桜坂２丁目１－４１,,桜坂中央外科医院,CODE,G001431,代表,桜坂中央外科医院 福岡市中央区 公式サイト
313700747975,のみやま整形外科クリニック,4011014299,814-0123,福岡県,福岡県福岡市城南区長尾５丁目２８－１９,,のみやま整形外科クリニック,CODE,G001432,代表,のみやま整形外科クリニック 福岡県福岡市城南区 公式サイト
313700712141,医療法人　牧和会　牧病院,4011719111,818-0066,福岡県,福岡県筑紫野市大字永岡９７６番地の１,,牧和会牧病院,CODE,G001433,代表,医療法人 牧和会 牧病院 福岡県筑紫野市 公式サイト
313700666044,天神眼科育子クリニック,4011024041,810-0001,福岡県,福岡市中央区天神２－１０－１９４Ｆ・５Ｆ・６Ｆ,,天神眼科育子クリニック,CODE,G001434,代表,天神眼科育子クリニック 福岡市中央区 公式サイト
313707876055,なかしま　内科・糖尿病・腎クリニック,4015513122,820-0043,福岡県,飯塚市西町１番４,,なかしま内科糖尿病腎クリニック,CODE,G001435,代表,なかしま 内科・糖尿病・腎クリニック 飯塚市 公式サイト
313707810490,山口整形外科クリニック,4012610921,838-0103,福岡県,福岡県小郡市三国が丘１丁目５０－２,,山口整形外科クリニック,CODE,G001436,代表,山口整形外科クリニック 福岡県小郡市 公式サイト
313663163095,医療法人正心会　たなか医院,4013419116,830-0417,福岡県,福岡県三潴郡大木町大字上八院１５９６－２,,正心会たなか医院,CODE,G001437,代表,医療法人正心会 たなか医院 福岡県三潴郡大木町 公式サイト
313700747974,こもれび在宅診療所,4011027754,814-0103,福岡県,福岡市城南区鳥飼５丁目２－５３Ｊ－ＧＡＲＤＥＮ　１Ｆ,,こもれび在宅診療所,CODE,G001438,代表,こもれび在宅診療所 福岡市城南区 公式サイト
313587876593,疋田眼科医院,4011025832,814-0002,福岡県,福岡市早良区西新５－１－３７,,疋田眼科医院,CODE,G001439,代表,疋田眼科医院 福岡市早良区 公式サイト
313700712140,舩津クリニック,4011211895,815-0041,福岡県,福岡県福岡市南区野間４－１７－３１,,舩津クリニック,CODE,G001440,代表,舩津クリニック 福岡県福岡市南区 公式サイト
313656145607,医療法人　さかい内科循環器クリニック,4011011444,814-0123,福岡県,福岡県福岡市城南区長尾１丁目１３－２３－１,,さかい内科循環器クリニック,CODE,G001441,代表,医療法人 さかい内科循環器クリニック 福岡県福岡市城南区 公式サイト
313656145606,ささき心のクリニック,4011018803,810-0063,福岡県,福岡県福岡市中央区唐人町１丁目１１番１９号,,ささき心のクリニック,CODE,G001442,代表,ささき心のクリニック 福岡県福岡市中央区 公式サイト
313587876592,いぐち整形外科,4011026483,819-0001,福岡県,福岡市西区小戸一丁目１６番２６号,,いぐち整形外科,CODE,G001443,代表,いぐち整形外科 福岡市西区 公式サイト
313571677910,やまぎし眼科ＩＰＬスキンケアクリニック,,814-0132,福岡県,福岡市城南区干隈１丁目１５－２８,,やまぎし眼科iplスキンケアクリニック,ZIP+NAME,G001444,代表,やまぎし眼科IPLスキンケアクリニック 福岡市城南区 公式サイト
313561078497,まるもと脳神経外科クリニック,4011024793,819-0373,福岡県,福岡市西区周船寺１丁目５－２５,,まるもと脳神経外科クリニック,CODE,G001445,代表,まるもと脳神経外科クリニック 福岡市西区 公式サイト
313707926232,社会福祉法人天寿会　もろくまクリニック,4011018357,810-0035,福岡県,福岡県福岡市中央区梅光園３丁目４－１,,天寿会もろくまクリニック,CODE,G001446,代表,社会福祉法人天寿会 もろくまクリニック 福岡県福岡市中央区 公式サイト
313663163094,医療法人　庄正会　蜂須賀病院,4010619155,811-3423,福岡県,福岡県宗像市野坂２６５０,,庄正会蜂須賀病院,CODE,G001447,代表,医療法人 庄正会 蜂須賀病院 福岡県宗像市 公式サイト
313700747973,医療法人ワイ・エム・エス　八尋整形外科医院,4010419838,811-2205,福岡県,福岡県糟屋郡志免町別府１丁目１番６号,,ワイエムエス八尋整形外科医院,CODE,G001448,代表,医療法人ワイ・エム・エス 八尋整形外科医院 福岡県糟屋郡志免町 公式サイト
313700712139,医療法人　神戸整形外科医院,4010319632,812-0063,福岡県,福岡県福岡市東区原田１丁目２－２３,,神戸整形外科医院,CODE,G001449,代表,医療法人 神戸整形外科医院 福岡県福岡市東区 公式サイト
313700747972,医療法人　まつなが小児科医院,4010519264,811-3311,福岡県,福岡県福津市宮司浜三丁目２２番２４号,,まつなが小児科医院,CODE,G001450,代表,医療法人 まつなが小児科医院 福岡県福津市 公式サイト
313707846357,千鳥橋病院附属たちばな診療所,4010412197,811-0110,福岡県,福岡県糟屋郡新宮町夜臼５丁目５番１７号,,千鳥橋病院附属たちばな診療所,CODE,G001451,代表,千鳥橋病院附属たちばな診療所 福岡県糟屋郡新宮町 公式サイト
313700784853,医療法人　誠仁会　籠田医院,4010319798,812-0873,福岡県,福岡県福岡市博多区西春町１丁目２－１６,,誠仁会籠田医院,CODE,G001452,代表,医療法人 誠仁会 籠田医院 福岡県福岡市博多区 公式サイト
313707809529,医療法人松坂会　松坂クリニック,4010319590,813-0013,福岡県,福岡市東区香椎駅前１丁目３番１２号,,松坂会松坂クリニック,CODE,G001453,代表,医療法人松坂会 松坂クリニック 福岡市東区 公式サイト
313700712138,大博通り内科・総合診療クリニック,4010214312,812-0039,福岡県,福岡市博多区冷泉町５－３２オーシャン博多ビル１Ｆ,,大博通り内科総合診療クリニック,CODE,G001454,代表,大博通り内科・総合診療クリニック 福岡市博多区 公式サイト
313587876591,吉田診療所,3012400663,649-2105,和歌山県,西牟婁郡上富田町朝来６１６,,吉田診療所,CODE,G001455,代表,吉田診療所 西牟婁郡上富田町 公式サイト
313700712137,千鳥橋病院,4010319269,812-0044,福岡県,福岡県福岡市博多区千代５丁目１８－１,,千鳥橋病院,CODE,G001456,代表,千鳥橋病院 福岡県福岡市博多区 公式サイト
313707846356,医療法人　増田耳鼻咽喉科医院,4010211466,812-0007,福岡県,福岡県福岡市博多区東比恵４丁目４番１０号,,増田耳鼻咽喉科医院,CODE,G001457,代表,医療法人 増田耳鼻咽喉科医院 福岡県福岡市博多区 公式サイト
313587876590,中山医院,3012510388,649-5312,和歌山県,東牟婁郡那智勝浦町宇久井５５７－１３,,中山医院,CODE,G001458,代表,中山医院 東牟婁郡那智勝浦町 公式サイト
313707926231,橋本クリニック,3012301119,647-0016,和歌山県,新宮市谷王子町２番地４,,橋本クリニック,CODE,G001459,代表,橋本クリニック 新宮市 公式サイト
313656145605,湊．小川クリニック,3012201426,646-0031,和歌山県,田辺市湊２４－３７榎本ビル１Ｆ,,湊小川クリニック,CODE,G001460,代表,湊.小川クリニック 田辺市 公式サイト
313707926230,木下こどもクリニック,3011800186,649-6243,和歌山県,岩出市金屋２９７,,木下こどもクリニック,CODE,G001461,代表,木下こどもクリニック 岩出市 公式サイト
313553858239,大原内科,3012110189,644-0044,和歌山県,日高郡美浜町和田１１３８番地１０４,,大原内科,CODE,G001462,代表,大原内科 日高郡美浜町 公式サイト
313544880859,野田医院,3011600891,643-0811,和歌山県,有田郡有田川町庄５７４番地,,野田医院,CODE,G001463,代表,野田医院 有田郡有田川町 公式サイト
313707926229,たなか眼科,3011410390,642-0002,和歌山県,海南市日方１２９０－６６,,たなか眼科,CODE,G001464,代表,たなか眼科 海南市 公式サイト
313561078496,矢田耳鼻咽喉科,3012010215,644-0011,和歌山県,御坊市湯川町財部２４４－５,,矢田耳鼻咽喉科,CODE,G001465,代表,矢田耳鼻咽喉科 御坊市 公式サイト
313707926228,和歌山駅前つじもと内科・呼吸器内科アレルギー科,3010153124,640-8341,和歌山県,和歌山市黒田９５－５,,和歌山駅前つじもと内科呼吸器内科アレルギ科,CODE,G001466,代表,和歌山駅前つじもと内科・呼吸器内科アレルギー科 和歌山市 公式サイト
313707876054,横手クリニック,3011310319,648-0101,和歌山県,伊都郡九度山町九度山８００,,横手クリニック,CODE,G001467,代表,横手クリニック 伊都郡九度山町 公式サイト
313663163093,かわむら医院,3011410382,649-0101,和歌山県,海南市下津町下津７８５番地２,,かわむら医院,CODE,G001468,代表,かわむら医院 海南市 公式サイト
313656145604,村上内科,3010112252,641-0033,和歌山県,和歌山市松ケ丘１－８－１３,,村上内科,CODE,G001469,代表,村上内科 和歌山市 公式サイト
313544880858,医療法人　山友会　山本医院,3011410259,642-0015,和歌山県,海南市且来６３２－１,,山友会山本医院,CODE,G001470,代表,医療法人 山友会 山本医院 海南市 公式サイト
313707846355,澤村クリニック,2512200896,520-1501,滋賀県,高島市新旭町旭一丁目７番１号,,澤村クリニック,CODE,G001471,代表,澤村クリニック 高島市 公式サイト
313700712136,中西クリニック,3010151607,640-8331,和歌山県,和歌山市美園町５丁目７－４　テンビル２Ｆ,,中西クリニック,CODE,G001472,代表,中西クリニック 和歌山市 公式サイト
313571677909,木広町クリニック,3010150823,640-8328,和歌山県,和歌山市木広町５丁目１－１２木広町クリニックビル１階,,木広町クリニック,CODE,G001473,代表,木広町クリニック 和歌山市 公式サイト
313707876053,みやもと整形外科クリニック,2512201464,520-1216,滋賀県,高島市安曇川町中央３丁目２番地２２,,みやもと整形外科クリニック,CODE,G001474,代表,みやもと整形外科クリニック 高島市 公式サイト
313707876052,榎原内科医院,3010108243,640-8434,和歌山県,和歌山市榎原２７２－２７,,榎原内科医院,CODE,G001475,代表,榎原内科医院 和歌山市 公式サイト
313707809528,オレンジクリニック木村耳鼻咽喉科,3010112591,640-8431,和歌山県,和歌山市向字大西１５１－４,,オレンジクリニック木村耳鼻咽喉科,CODE,G001476,代表,オレンジクリニック木村耳鼻咽喉科 和歌山市 公式サイト
313700818681,いわさ眼科,2510602986,525-0025,滋賀県,草津市西渋川１－３－１８,,いわさ眼科,CODE,G001477,代表,いわさ眼科 草津市 公式サイト
313700666043,医療法人　林田医院,2512201324,520-1216,滋賀県,高島市安曇川町中央二丁目２番１号,,林田医院,CODE,G001478,代表,医療法人 林田医院 高島市 公式サイト
313656145603,今福診療所,3010111114,641-0044,和歌山県,和歌山市今福２丁目１番１６号,,今福診療所,CODE,G001479,代表,今福診療所 和歌山市 公式サイト
313656145602,医療法人社団　朝日医院,2511500593,529-1603,滋賀県,蒲生郡日野町大窪１０１０番地１,,朝日医院,CODE,G001480,代表,医療法人社団 朝日医院 蒲生郡日野町 公式サイト
313504636632,医療法人マイクリニック,3010111429,640-8033,和歌山県,和歌山市本町６丁目５５番地,,マイクリニック,CODE,G001481,代表,医療法人マイクリニック 和歌山市 公式サイト
313707846354,中村医院,2510501477,527-0046,滋賀県,東近江市妙法寺町８８０－１,,中村医院,CODE,G001482,代表,中村医院 東近江市 公式サイト
313700747971,おかもと内科・糖尿病クリニック,2510602952,525-0021,滋賀県,草津市川原２丁目１６－３９,,おかもと内科糖尿病クリニック,CODE,G001483,代表,おかもと内科・糖尿病クリニック 草津市 公式サイト
313544880857,大医院川相診療所,2511800233,522-0324,滋賀県,犬上郡多賀町川相字前原２５４番地,,大医院川相診療所,CODE,G001484,代表,大医院川相診療所 犬上郡多賀町 公式サイト
313544880856,医療法人南草津けやきクリニック,2510602325,525-0050,滋賀県,草津市南草津一丁目１番８－２階Ｃ号室,,南草津けやきクリニック,CODE,G001485,代表,医療法人南草津けやきクリニック 草津市 公式サイト
313504636631,医療法人社団ラナンキュラス会　麗ビューティー皮フ科クリニック,2510602432,525-0037,滋賀県,草津市西大路町４番３２号,,ラナンキュラス会麗ビュティ皮フ科クリニック,CODE,G001486,代表,医療法人社団ラナンキュラス会 麗ビューティー皮フ科クリニック 草津市 公式サイト
313707926227,しづ井上内科,2510601657,525-0041,滋賀県,草津市青地町４８１番地３,,しづ井上内科,CODE,G001487,代表,しづ井上内科 草津市 公式サイト
313553858238,南草津野村病院,2510601343,525-0059,滋賀県,草津市野路一丁目６番５号,,南草津野村病院,CODE,G001488,代表,南草津野村病院 草津市 公式サイト
313700666042,医療法人社団　クリニック・ムライ,2510301019,526-0021,滋賀県,長浜市八幡中山町８０４番地４,,クリニックムライ,CODE,G001489,代表,医療法人社団 クリニック・ムライ 長浜市 公式サイト
313656145601,江竜皮ふ科,2510201631,522-0086,滋賀県,彦根市後三条町５９３番地９,,江竜皮ふ科,CODE,G001490,代表,江竜皮ふ科 彦根市 公式サイト
313571677908,医療法人　青葉会　イーリスウィメンズクリニック　アリス,2510202423,522-0057,滋賀県,彦根市八坂町２８８８番地１,,青葉会イリスウィメンズクリニックアリス,CODE,G001491,代表,医療法人 青葉会 イーリスウィメンズクリニック アリス 彦根市 公式サイト
313700818680,なかじま内科・整形スポーツクリニック,2510108414,520-0046,滋賀県,大津市長等二丁目１０番１号ＴＲＪメディカルビルディング３Ｆ,,なかじま内科整形スポツクリニック,CODE,G001492,代表,なかじま内科・整形スポーツクリニック 大津市 公式サイト
313587876589,たまたにこどもクリニックぜぜ,2510108364,520-0816,滋賀県,大津市相模町４番３号　ドラッグユタカ膳所店１階,,たまたにこどもクリニックぜぜ,CODE,G001493,代表,たまたにこどもクリニックぜぜ 大津市 公式サイト
313553858237,ぜぜこころのクリニック,2510108240,520-0802,滋賀県,大津市馬場２丁目９－１　ＩＢ　ＯＴＳＵ　２階,,ぜぜこころのクリニック,CODE,G001494,代表,ぜぜこころのクリニック 大津市 公式サイト
313707846353,瀬田やました眼科,2510107994,520-2141,滋賀県,大津市大江７丁目６番４５号,,瀬田やました眼科,CODE,G001495,代表,瀬田やました眼科 大津市 公式サイト
313561078495,打出病院,2510107812,520-0806,滋賀県,大津市打出浜１０番４１号,,打出病院,CODE,G001496,代表,打出病院 大津市 公式サイト
313707876051,渡辺医院,2719109502,532-0026,大阪府,大阪市淀川区塚本２丁目１０番１４号,,渡辺医院,CODE,G001497,代表,渡辺医院 大阪市淀川区 公式サイト
313707809527,十三メンタルクリニック,2719109262,532-0024,大阪府,大阪市淀川区十三本町２丁目１番２０号１０３号室エバービューハイツ,,十三メンタルクリニック,CODE,G001498,代表,十三メンタルクリニック 大阪市淀川区 公式サイト
313700818679,南堺病院,2716100207,599-8233,大阪府,堺市中区大野芝町２９２番地,,南堺病院,CODE,G001499,代表,南堺病院 堺市中区 公式サイト
313700818678,堺市こども急病診療センター,2716300559,593-8304,大阪府,堺市西区家原寺町１丁１番２号,,堺市こども急病診療センタ,CODE,G001500,代表,堺市こども急病診療センター 堺市西区 公式サイト
313700747970,はしもとクリニック,2719404069,540-0034,大阪府,大阪市中央区島町１－１－３　愛生ビル３階,,はしもとクリニック,CODE,G001501,代表,はしもとクリニック 大阪市中央区 公式サイト
313663163092,医療法人　やまだ眼科,2716000704,590-0835,大阪府,堺市堺区西湊町一丁３番２９号西湊山田ビル２階・３階,,やまだ眼科,CODE,G001502,代表,医療法人 やまだ眼科 堺市堺区 公式サイト
313571677907,さくらの樹クリニック,2715809410,547-0022,大阪府,大阪市平野区瓜破東一丁目１番２号シャルマンコーポ南平野１階,,さくらの樹クリニック,CODE,G001503,代表,さくらの樹クリニック 大阪市平野区 公式サイト
313504636630,平林小児科,2719300317,589-0022,大阪府,大阪狭山市西山台六丁目１３番９号狭山ガーデンハイムＡ棟３号,,平林小児科,CODE,G001504,代表,平林小児科 大阪狭山市 公式サイト
313707846352,こもりクリニック,2715809105,547-0021,大阪府,大阪市平野区喜連東１丁目８番４６号,,こもりクリニック,CODE,G001505,代表,こもりクリニック 大阪市平野区 公式サイト
313700818677,医療法人蒼風会　かわさき消化器内科クリニック,2715809659,547-0024,大阪府,大阪市平野区瓜破二丁目１番４号喜連瓜破メディカルモール２階,,蒼風会かわさき消化器内科クリニック,CODE,G001506,代表,医療法人蒼風会 かわさき消化器内科クリニック 大阪市平野区 公式サイト
313700712135,医療法人悠敬会　いちば内科,2715809188,547-0003,大阪府,大阪市平野区加美南一丁目２番２７号,,悠敬会いちば内科,CODE,G001507,代表,医療法人悠敬会 いちば内科 大阪市平野区 公式サイト
313571677906,医療法人緑地会　赤尾クリニック,2719204568,538-0054,大阪府,大阪市鶴見区緑三丁目２番１５号,,緑地会赤尾クリニック,CODE,G001508,代表,医療法人緑地会 赤尾クリニック 大阪市鶴見区 公式サイト
313553858236,医療法人見宜堂　大阪皮膚のできものと粉瘤クリニック古林形成外科難波心斎橋院,2719411445,542-0076,大阪府,大阪市中央区難波三丁目５番１号ナンバ一番ビル２階Ａ号室,,見宜堂大阪皮膚のできものと粉瘤クリニック古林形成外科難波心斎橋院,CODE,G001509,代表,医療法人見宜堂 大阪皮膚のできものと粉瘤クリニック古林形成外科難波心斎橋院 大阪市中央区 公式サイト
313553858235,おおつき整形外科,2715809915,547-0033,大阪府,大阪市平野区平野西２丁目４番２３号,,おおつき整形外科,CODE,G001510,代表,おおつき整形外科 大阪市平野区 公式サイト
313700665081,医療法人　やまもとファミリークリニック,2510107044,520-0801,滋賀県,大津市におの浜二丁目２－５大津スカイハイツ１Ｆ１０８号,,やまもとファミリクリニック,CODE,G001511,代表,医療法人 やまもとファミリークリニック 大津市 公式サイト
313553858234,医療法人　本郷クリニック,2510106764,520-0025,滋賀県,大津市皇子が丘二丁目１０番２７号西大津ＩＳビル４Ｆ,,本郷クリニック,CODE,G001512,代表,医療法人 本郷クリニック 大津市 公式サイト
313544880855,医療法人社団　加藤内科胃腸科,2510103837,520-2132,滋賀県,大津市神領二丁目３９番３号,,加藤内科胃腸科,CODE,G001513,代表,医療法人社団 加藤内科胃腸科 大津市 公式サイト
313700712134,医療法人　さんらく会　遠藤クリニック,2510105089,520-0863,滋賀県,大津市千町二丁目１５番２２号,,さんらく会遠藤クリニック,CODE,G001514,代表,医療法人 さんらく会 遠藤クリニック 大津市 公式サイト
313707926226,八尾市立病院,2719801686,581-0069,大阪府,八尾市龍華町一丁目３番１号,,八尾市立病院,CODE,G001515,代表,八尾市立病院 八尾市 公式サイト
313587876588,琥珀クリニック,2719411015,542-0081,大阪府,大阪市中央区南船場３－８－１４ＡＣＮ心斎橋Ｇａｒｄｅｎ４Ｆ,,琥珀クリニック,CODE,G001516,代表,琥珀クリニック 大阪市中央区 公式サイト
313707926225,谷町中央ストレスケア・クリニック,2719411346,540-0012,大阪府,大阪市中央区谷町３丁目２－２セブン谷４ビル７階,,谷町中央ストレスケアクリニック,CODE,G001517,代表,谷町中央ストレスケア・クリニック 大阪市中央区 公式サイト
313700747969,医療法人吉修会　ＳＨＩＮＳＡＩＢＡＳＨＩ　Ａｉ　ＣＬＩＮＩＣ,2719410280,542-0081,大阪府,大阪市中央区南船場３丁目１１番１８号郵政福祉心斎橋ビル７階,,吉修会shinsaibashiaiclinic,CODE,G001518,代表,医療法人吉修会 SHINSAIBASHI Ai CLINIC 大阪市中央区 公式サイト
313700712133,みやびファミリークリニック心斎橋,2719411502,542-0081,大阪府,大阪市中央区南船場３丁目２番２９号　心斎橋ＭＩＤＯビル２階,,みやびファミリクリニック心斎橋,CODE,G001519,代表,みやびファミリークリニック心斎橋 大阪市中央区 公式サイト
313561078494,社会福祉法人恩賜財団済生会支部大阪府済生会　吹田療育園,2719600146,564-0013,大阪府,吹田市川園町１番１号,,恩賜財団済生会支部大阪府済生会吹田療育園,CODE,G001520,代表,社会福祉法人恩賜財団済生会支部大阪府済生会 吹田療育園 吹田市 公式サイト
313561078493,医療法人　松本内科クリニック,2719407351,542-0012,大阪府,大阪市中央区谷町六丁目３番２号,,松本内科クリニック,CODE,G001521,代表,医療法人 松本内科クリニック 大阪市中央区 公式サイト
313504636629,にしむら耳鼻咽喉科クリニック,2719407187,542-0012,大阪府,大阪市中央区谷町六丁目１番１４号谷町大治ビル６階,,にしむら耳鼻咽喉科クリニック,CODE,G001522,代表,にしむら耳鼻咽喉科クリニック 大阪市中央区 公式サイト
313700784852,村田内科小児科クリニック,2510103050,520-0802,滋賀県,大津市馬場二丁目６番２０号,,村田内科小児科クリニック,CODE,G001523,代表,村田内科小児科クリニック 大津市 公式サイト
313700665080,医療法人　みさこ耳鼻咽喉科クリニック,2719301299,589-0013,大阪府,大阪狭山市茱萸木４丁目３７２番地１０メディカルスクエアくみの木３階,,みさこ耳鼻咽喉科クリニック,CODE,G001524,代表,医療法人 みさこ耳鼻咽喉科クリニック 大阪狭山市 公式サイト
313707846351,医療法人敦博会　金剛メディカルクリニック,2719301117,589-0011,大阪府,大阪狭山市半田２丁目４６８番地の５,,敦博会金剛メディカルクリニック,CODE,G001525,代表,医療法人敦博会 金剛メディカルクリニック 大阪狭山市 公式サイト
313656145600,医療法人　新生クリニック,2719105922,532-0002,大阪府,大阪市淀川区東三国四丁目１５番１３号,,新生クリニック,CODE,G001526,代表,医療法人 新生クリニック 大阪市淀川区 公式サイト
313571677905,医療法人　吉田医院,,532-0002,大阪府,大阪市淀川区東三国６丁目１８－２７,,吉田医院,ZIP+NAME,G001527,代表,医療法人 吉田医院 大阪市淀川区 公式サイト
313544880854,三木医院,2719203438,538-0032,大阪府,大阪市鶴見区安田四丁目８番２号,,三木医院,CODE,G001528,代表,三木医院 大阪市鶴見区 公式サイト
313707876050,耳原鳳クリニック,2716300187,593-8325,大阪府,堺市西区鳳南町五丁５９５番地,,耳原鳳クリニック,CODE,G001529,代表,耳原鳳クリニック 堺市西区 公式サイト
313707809526,安武内科クリニック,2716300997,593-8303,大阪府,堺市西区上野芝向ケ丘町５丁２２－８,,安武内科クリニック,CODE,G001530,代表,安武内科クリニック 堺市西区 公式サイト
313663163091,戸田こどもクリニック,2716600024,587-0051,大阪府,堺市美原区北余部４９１番６号,,戸田こどもクリニック,CODE,G001531,代表,戸田こどもクリニック 堺市美原区 公式サイト
313553857273,三木眼科クリニック,2716000761,590-0028,大阪府,堺市堺区三国ケ丘御幸通２－１谷和ビル６階,,三木眼科クリニック,CODE,G001532,代表,三木眼科クリニック 堺市堺区 公式サイト
313700665079,北庄司眼科医院,2716000589,590-0827,大阪府,堺市堺区春日通２丁７－１,,北庄司眼科医院,CODE,G001533,代表,北庄司眼科医院 堺市堺区 公式サイト
313561078492,さくらクリニック,2716001454,590-0077,大阪府,堺市堺区中瓦町１丁目３番９号アンプルールフェール堺東１Ａ,,さくらクリニック,CODE,G001534,代表,さくらクリニック 堺市堺区 公式サイト
313707876049,高木皮膚科・漢方皮膚科,2715808669,547-0003,大阪府,大阪市平野区加美南１丁目２番２７号加美グリーンテラスクリニックモール２階,,高木皮膚科漢方皮膚科,CODE,G001535,代表,高木皮膚科・漢方皮膚科 大阪市平野区 公式サイト
313663163090,医療法人　栗原医院,2715806093,547-0045,大阪府,大阪市平野区平野上町一丁目１７番２２号,,栗原医院,CODE,G001536,代表,医療法人 栗原医院 大阪市平野区 公式サイト
313571677904,医療法人仁真会　平野白鷺クリニック,2715809196,547-0024,大阪府,大阪市平野区瓜破二丁目２番１８号,,仁真会平野白鷺クリニック,CODE,G001537,代表,医療法人仁真会 平野白鷺クリニック 大阪市平野区 公式サイト
313553857272,医療法人　千樹会　伊藤クリニック,2715808362,547-0044,大阪府,大阪市平野区平野本町二丁目９番２０号エルエムヒルズ平野１階,,千樹会伊藤クリニック,CODE,G001538,代表,医療法人 千樹会 伊藤クリニック 大阪市平野区 公式サイト
313707846350,医療法人　川満整形外科,2715806879,547-0026,大阪府,大阪市平野区喜連西四丁目６番６９－１０１号,,川満整形外科,CODE,G001539,代表,医療法人 川満整形外科 大阪市平野区 公式サイト
313544880853,なかむらクリニック,2715701476,575-0045,大阪府,四條畷市雁屋西町２番１０号,,なかむらクリニック,CODE,G001540,代表,なかむらクリニック 四條畷市 公式サイト
313707926224,医療法人友伸会　くずもと内科クリニック,2715506131,581-0021,大阪府,八尾市山本高安町二丁目１３番３号高安クリニックビル３階,,友伸会くずもと内科クリニック,CODE,G001541,代表,医療法人友伸会 くずもと内科クリニック 八尾市 公式サイト
313587876587,医療法人知成会　かまざわ耳鼻咽喉科,2715506875,581-0031,大阪府,八尾市志紀町１丁目１５番地ジョイフル・オオイシ４号館１０１号室,,知成会かまざわ耳鼻咽喉科,CODE,G001542,代表,医療法人知成会 かまざわ耳鼻咽喉科 八尾市 公式サイト
313707809525,しもやま小児科,2715506065,581-0085,大阪府,八尾市安中町三丁目５番１４号ＪＲ八尾クリニックビル３階,,しもやま小児科,CODE,G001543,代表,しもやま小児科 八尾市 公式サイト
313700747968,あさかぜ診療所,2715505257,581-0847,大阪府,八尾市東山本町三丁目２番４号,,あさかぜ診療所,CODE,G001544,代表,あさかぜ診療所 八尾市 公式サイト
313700747967,医療法人　安田医院,2715504714,581-0072,大阪府,八尾市久宝寺一丁目３番４０号,,安田医院,CODE,G001545,代表,医療法人 安田医院 八尾市 公式サイト
313707926223,本倉眼科,2714405608,536-0007,大阪府,大阪市城東区成育五丁目２３番１０号関目タウンビル２階,,本倉眼科,CODE,G001546,代表,本倉眼科 大阪市城東区 公式サイト
313707876048,どいこころのクリニック,2714802895,580-0016,大阪府,松原市上田２丁目６番１６号上西松原駅前ビル２階,,どいこころのクリニック,CODE,G001547,代表,どいこころのクリニック 松原市 公式サイト
313707846349,医療法人　塩路医院,2715007106,578-0904,大阪府,東大阪市吉原二丁目１１番１４号,,塩路医院,CODE,G001548,代表,医療法人 塩路医院 東大阪市 公式サイト
313707846348,藤本眼科,2715014698,578-0913,大阪府,東大阪市中野１丁目１３番２０号,,藤本眼科,CODE,G001549,代表,藤本眼科 東大阪市 公式サイト
313707809524,松本医院,2715014219,577-0007,大阪府,東大阪市稲田本町３丁目１８－１７,,松本医院,CODE,G001550,代表,松本医院 東大阪市 公式サイト
313700818676,中川内科クリニック,2714109317,530-0031,大阪府,大阪市北区菅栄町１３番１４号,,中川内科クリニック,CODE,G001551,代表,中川内科クリニック 大阪市北区 公式サイト
313700818675,医療法人　おおたクリニック,2714901804,584-0073,大阪府,富田林市寺池台二丁目５番２０号,,おおたクリニック,CODE,G001552,代表,医療法人 おおたクリニック 富田林市 公式サイト
313700784850,ＯＷＬクリニック,2714113269,530-0001,大阪府,大阪市北区梅田１丁目３番１号大阪駅前第１ビルＢ１階２２の一部号,,owlクリニック,CODE,G001553,代表,OWLクリニック 大阪市北区 公式サイト
313700747966,特別養護老人ホーム春光園診療所,2715010068,578-0954,大阪府,東大阪市横枕８番３４号,,特別養護老人ホム春光園診療所,CODE,G001554,代表,特別養護老人ホーム春光園診療所 東大阪市 公式サイト
313700712132,おのい深江橋診療所,2714405285,536-0022,大阪府,大阪市城東区永田四丁目１１番１４号,,おのい深江橋診療所,CODE,G001555,代表,おのい深江橋診療所 大阪市城東区 公式サイト
313700665078,サンライズ幸　内科・訪問診療クリニック,2714208416,567-0816,大阪府,茨木市永代町８－８国里メディカルビル１階、２階,,サンライズ幸内科訪問診療クリニック,CODE,G001556,代表,サンライズ幸 内科・訪問診療クリニック 茨木市 公式サイト
313700665077,きどレディースクリニック,2714206352,567-0828,大阪府,茨木市舟木町１５番６号,,きどレディスクリニック,CODE,G001557,代表,きどレディースクリニック 茨木市 公式サイト
313663163089,医療法人　東田クリニック,2714111123,530-0022,大阪府,大阪市北区浪花町１２番１９号,,東田クリニック,CODE,G001558,代表,医療法人 東田クリニック 大阪市北区 公式サイト
313656145598,医療法人あおぞら会　ふじもとクリニック,2715011116,577-0802,大阪府,東大阪市小阪本町一丁目１１番３号大槻ビル２階,,あおぞら会ふじもとクリニック,CODE,G001559,代表,医療法人あおぞら会 ふじもとクリニック 東大阪市 公式サイト
313656145597,よしだクリニック,2715204521,534-0013,大阪府,大阪市都島区内代町２丁目１３番２グランドメゾン都島１Ｆ,,よしだクリニック,CODE,G001560,代表,よしだクリニック 大阪市都島区 公式サイト
313587876586,医療法人京林会　小林レディースクリニック,2715204893,534-0024,大阪府,大阪市都島区東野田町２－９－７Ｋ２ビルディング２階２０２区画,,京林会小林レディスクリニック,CODE,G001561,代表,医療法人京林会 小林レディースクリニック 大阪市都島区 公式サイト
313571677903,ベルパークこどもクリニック,2715204943,534-0016,大阪府,大阪市都島区友渕町一丁目５番４号ベル・パークシティＦ棟１階,,ベルパクこどもクリニック,CODE,G001562,代表,ベルパークこどもクリニック 大阪市都島区 公式サイト
313561078491,社会医療法人明生会　明生病院,2715201774,534-0024,大阪府,大阪市都島区東野田町二丁目４番８号,,明生会明生病院,CODE,G001563,代表,社会医療法人明生会 明生病院 大阪市都島区 公式サイト
313561078490,しゃくど循環器・内科,2715203838,534-0011,大阪府,大阪市都島区高倉町二丁目９番８号高倉マンション１階,,しゃくど循環器内科,CODE,G001564,代表,しゃくど循環器・内科 大阪市都島区 公式サイト
313553857271,中村耳鼻咽喉科,2715204257,534-0014,大阪府,大阪市都島区都島北通一丁目３番１８号エイトビル１階,,中村耳鼻咽喉科,CODE,G001565,代表,中村耳鼻咽喉科 大阪市都島区 公式サイト
313553857270,グラシアクリニック,2714113921,530-0001,大阪府,大阪市北区梅田１丁目１番３大阪駅前第３ビル１階３１－１号室,,グラシアクリニック,CODE,G001566,代表,グラシアクリニック 大阪市北区 公式サイト
313544880850,医療法人　やまぐち整形外科・リウマチクリニック,2714207079,567-0876,大阪府,茨木市天王二丁目６番７号エルディ南茨木４階,,やまぐち整形外科リウマチクリニック,CODE,G001567,代表,医療法人 やまぐち整形外科・リウマチクリニック 茨木市 公式サイト
313504636628,つつみ整形外科・皮膚科クリニック,2715203937,534-0015,大阪府,大阪市都島区善源寺町二丁目２番２２号２階善源寺メディカルモール,,つつみ整形外科皮膚科クリニック,CODE,G001568,代表,つつみ整形外科・皮膚科クリニック 大阪市都島区 公式サイト
313707926222,京橋駅前クリニック,2715204950,534-0024,大阪府,大阪市都島区東野田町２丁目６－１コムズガーデンＢ１階,,京橋駅前クリニック,CODE,G001569,代表,京橋駅前クリニック 大阪市都島区 公式サイト
313707926221,小泉内科小児科医院,2715008443,578-0976,大阪府,東大阪市西鴻池町二丁目２番１号,,小泉内科小児科医院,CODE,G001570,代表,小泉内科小児科医院 東大阪市 公式サイト
313707876047,医療法人晃有会　梅田ササセ皮フ科,2714109960,530-0017,大阪府,大阪市北区角田町８番４７号阪急グランドビル２２Ｆ,,晃有会梅田ササセ皮フ科,CODE,G001571,代表,医療法人晃有会 梅田ササセ皮フ科 大阪市北区 公式サイト
313707846347,医療法人再生会　そばじまクリニック,2715013286,577-0011,大阪府,東大阪市荒本北二丁目２番６号クリニックコート東野１Ｆ・２Ｆ・３Ｆ,,再生会そばじまクリニック,CODE,G001572,代表,医療法人再生会 そばじまクリニック 東大阪市 公式サイト
313707809523,医療法人清祥会　大間知クリニック,2715010423,577-0056,大阪府,東大阪市長堂二丁目１５番１０号,,清祥会大間知クリニック,CODE,G001573,代表,医療法人清祥会 大間知クリニック 東大阪市 公式サイト
313700818674,榎並診療所,2714406127,536-0006,大阪府,大阪市城東区野江３丁目１０－２４,,榎並診療所,CODE,G001574,代表,榎並診療所 大阪市城東区 公式サイト
313700784851,医療法人　北山内科クリニック,2714406820,536-0007,大阪府,大阪市城東区成育１丁目１番１２号,,北山内科クリニック,CODE,G001575,代表,医療法人 北山内科クリニック 大阪市城東区 公式サイト
313700747965,医療法人清清会　清田クリニック,2714802812,580-0004,大阪府,松原市西野々一丁目１番１号,,清清会清田クリニック,CODE,G001576,代表,医療法人清清会 清田クリニック 松原市 公式サイト
313700747964,つじもとクリニック,2714502123,598-0014,大阪府,泉佐野市葵町二丁目１番３４号,,つじもとクリニック,CODE,G001577,代表,つじもとクリニック 泉佐野市 公式サイト
313700747963,舟橋診療所,2715008518,577-0055,大阪府,東大阪市長栄寺２０番１２号,,舟橋診療所,CODE,G001578,代表,舟橋診療所 東大阪市 公式サイト
313700712131,長澤医院,2714501570,598-0076,大阪府,泉佐野市貝田町１丁目３番１３号,,長澤医院,CODE,G001579,代表,長澤医院 泉佐野市 公式サイト
313700712130,医療法人大山会　大山クリニック,2715013260,577-0843,大阪府,東大阪市荒川２丁目２７番１５号,,大山会大山クリニック,CODE,G001580,代表,医療法人大山会 大山クリニック 東大阪市 公式サイト
313700665076,玉谷クリニック天六,2714113277,531-0041,大阪府,大阪市北区天神橋七丁目１番２４号ジオタワー天六２階,,玉谷クリニック天六,CODE,G001581,代表,玉谷クリニック天六 大阪市北区 公式サイト
313663163088,坂本眼科クリニック,2715012718,578-0924,大阪府,東大阪市吉田１－１－２パザパはなぞの２Ｆ,,坂本眼科クリニック,CODE,G001582,代表,坂本眼科クリニック 東大阪市 公式サイト
313656145596,医療法人ＡＳ　産婦人科あやフラウクリニック,2714208234,567-0828,大阪府,茨木市舟木町２番４号３階,,as産婦人科あやフラウクリニック,CODE,G001583,代表,医療法人AS 産婦人科あやフラウクリニック 茨木市 公式サイト
313656145595,地方独立行政法人　市立東大阪医療センター,2715013617,578-8588,大阪府,東大阪市西岩田三丁目４番５号,,地方市立東大阪医療センタ,CODE,G001584,代表,地方独立行政法人 市立東大阪医療センター 東大阪市 公式サイト
313587876585,東大阪市立障害児者支援センター内診療所,2715013666,578-0984,大阪府,東大阪市菱江五丁目２番３４号,,東大阪市立障害児者支援センタ内診療所,CODE,G001585,代表,東大阪市立障害児者支援センター内診療所 東大阪市 公式サイト
313587876584,梅田サンメンタルクリニック,2714111396,530-0013,大阪府,大阪市北区茶屋町３番１号三晃ビル２０５,,梅田サンメンタルクリニック,CODE,G001586,代表,梅田サンメンタルクリニック 大阪市北区 公式サイト
313587876583,村井内科,2714014962,560-0052,大阪府,豊中市春日町４丁目１７番１２号,,村井内科,CODE,G001587,代表,村井内科 豊中市 公式サイト
313571677902,ともクリニック,2714502594,598-0046,大阪府,泉佐野市羽倉崎１丁目１番２４号,,ともクリニック,CODE,G001588,代表,ともクリニック 泉佐野市 公式サイト
313571677901,医療法人酒井会　さかいペインクリニック,2714601271,582-0007,大阪府,柏原市上市一丁目２番２号アゼリア柏原４１６,,酒井会さかいペインクリニック,CODE,G001589,代表,医療法人酒井会 さかいペインクリニック 柏原市 公式サイト
313561078489,大阪整肢学院,2714104805,531-0071,大阪府,大阪市北区中津二丁目２番２２号,,大阪整肢学院,CODE,G001590,代表,大阪整肢学院 大阪市北区 公式サイト
313544880852,医療法人ＳＫＹ　セブンメンタルクリニック　天六院,2714113889,531-0041,大阪府,大阪市北区天神橋七丁目６番３号Ｏｓａｋａ　Ｍｅｔｒｏ天六ビル３階,,skyセブンメンタルクリニック天六院,CODE,G001591,代表,医療法人SKY セブンメンタルクリニック 天六院 大阪市北区 公式サイト
313544880851,佐久間医院,2714301633,556-0005,大阪府,大阪市浪速区日本橋４－２－１０,,佐久間医院,CODE,G001592,代表,佐久間医院 大阪市浪速区 公式サイト
313504636627,社会医療法人弘道会　なにわ生野病院,2714303134,556-0014,大阪府,大阪市浪速区大国１－１０－３,,弘道会なにわ生野病院,CODE,G001593,代表,社会医療法人弘道会 なにわ生野病院 大阪市浪速区 公式サイト
313656145594,医療法人健裕会　よこい整形外科健康スポーツクリニック,2714014525,560-0005,大阪府,豊中市西緑丘１丁目１番３１　Ｃｒｉｃｅ　Ｎｉｋｋｏ　緑丘　２階,,健裕会よこい整形外科健康スポツクリニック,CODE,G001594,代表,医療法人健裕会 よこい整形外科健康スポーツクリニック 豊中市 公式サイト
313553857269,きむら眼科クリニック,2714014699,560-0084,大阪府,豊中市新千里南町２丁目６番１８号カーサ・マリーナ・モンテカルロ　１階Ｃ,,きむら眼科クリニック,CODE,G001595,代表,きむら眼科クリニック 豊中市 公式サイト
313707846346,中村医院,2713102982,535-0005,大阪府,大阪市旭区赤川二丁目６番２号,,中村医院,CODE,G001596,代表,中村医院 大阪市旭区 公式サイト
313707809522,中島眼科クリニック,2714010747,560-0002,大阪府,豊中市緑丘一丁目４番１１号,,中島眼科クリニック,CODE,G001597,代表,中島眼科クリニック 豊中市 公式サイト
313700818673,医療法人　小池診療所,2714008105,560-0082,大阪府,豊中市新千里東町一丁目４番１号阪急千里中央ビル２階,,小池診療所,CODE,G001598,代表,医療法人 小池診療所 豊中市 公式サイト
313700818672,さとう医院,2714010010,561-0881,大阪府,豊中市中桜塚五丁目２０番３８号,,さとう医院,CODE,G001599,代表,さとう医院 豊中市 公式サイト
313700712129,医療法人　榊原クリニック,2713103931,535-0005,大阪府,大阪市旭区赤川二丁目１４番５号,,榊原クリニック,CODE,G001600,代表,医療法人 榊原クリニック 大阪市旭区 公式サイト
313587876582,医療法人　むらかわ内科,2713205371,570-0012,大阪府,守口市大久保町五丁目６８番９号エクセレントコート１０３号,,むらかわ内科,CODE,G001601,代表,医療法人 むらかわ内科 守口市 公式サイト
313544880849,医療法人　上宮医院,2714010382,560-0011,大阪府,豊中市上野西一丁目１０番２９号,,上宮医院,CODE,G001602,代表,医療法人 上宮医院 豊中市 公式サイト
313504636626,医療法人　埴生診療所,2713802136,583-0883,大阪府,羽曳野市向野二丁目８番２号,,埴生診療所,CODE,G001603,代表,医療法人 埴生診療所 羽曳野市 公式サイト
313504636625,田坂クリニック産婦人科・内科,2714013477,560-0082,大阪府,豊中市新千里東町一丁目４番２号千里ライフサイエンスセンタービル１０階,,田坂クリニック産婦人科内科,CODE,G001604,代表,田坂クリニック産婦人科・内科 豊中市 公式サイト
313707926220,医療法人クローバー会　島野耳鼻咽喉科,2713205314,570-0031,大阪府,守口市橋波東之町二丁目９番１６号,,クロバ会島野耳鼻咽喉科,CODE,G001605,代表,医療法人クローバー会 島野耳鼻咽喉科 守口市 公式サイト
313707876046,医療法人　神吉産婦人科,2713103675,535-0022,大阪府,大阪市旭区新森五丁目４番１０号,,神吉産婦人科,CODE,G001606,代表,医療法人 神吉産婦人科 大阪市旭区 公式サイト
313707876045,医療法人清宏会　しみずこどもの丘クリニック,2713802763,583-0872,大阪府,羽曳野市はびきの三丁目７番４号ウェルビーイングはびきの１階,,清宏会しみずこどもの丘クリニック,CODE,G001607,代表,医療法人清宏会 しみずこどもの丘クリニック 羽曳野市 公式サイト
313707809521,林田眼科クリニック,2713601876,576-0052,大阪府,交野市私部３丁目９番２０号,,林田眼科クリニック,CODE,G001608,代表,林田眼科クリニック 交野市 公式サイト
313700818671,市立ひらかた病院,2712408174,573-1197,大阪府,枚方市禁野本町２丁目１４番１号,,市立ひらかた病院,CODE,G001609,代表,市立ひらかた病院 枚方市 公式サイト
313700747962,医療法人　松田クリニック,2712304530,545-0053,大阪府,大阪市阿倍野区松崎町二丁目３番６０号,,松田クリニック,CODE,G001610,代表,医療法人 松田クリニック 大阪市阿倍野区 公式サイト
313700747001,三宅医院,2713602007,576-0051,大阪府,交野市倉治８－５－６,,三宅医院,CODE,G001611,代表,三宅医院 交野市 公式サイト
313700747000,医療法人篤友会　坂本病院分院,2714009806,561-0831,大阪府,豊中市庄内東町三丁目１９番３６号,,篤友会坂本病院分院,CODE,G001612,代表,医療法人篤友会 坂本病院分院 豊中市 公式サイト
313700712128,医療法人清水会　門真クリニックあいわ診療所,2712602016,571-0048,大阪府,門真市新橋町２－１２,,清水会門真クリニックあいわ診療所,CODE,G001613,代表,医療法人清水会 門真クリニックあいわ診療所 門真市 公式サイト
313663163087,医療法人奨誠会　大瀬戸内科,2714013931,560-0004,大阪府,豊中市少路一丁目２番２号,,奨誠会大瀬戸内科,CODE,G001614,代表,医療法人奨誠会 大瀬戸内科 豊中市 公式サイト
313663163086,鈴クリニック,2712207584,544-0013,大阪府,大阪市生野区巽中４－１９－１０　Ｈ＆Ｅビル　３階,,鈴クリニック,CODE,G001615,代表,鈴クリニック 大阪市生野区 公式サイト
313504636624,やない整形外科,2712308028,545-0004,大阪府,大阪市阿倍野区文の里１丁目８番１３号,,やない整形外科,CODE,G001616,代表,やない整形外科 大阪市阿倍野区 公式サイト
313707926219,中村医院,2713202873,570-0009,大阪府,守口市大庭町一丁目２２番地２１号,,中村医院,CODE,G001617,代表,中村医院 守口市 公式サイト
313700784849,旭長寿の森診療所（あいあい）,2713104004,535-0005,大阪府,大阪市旭区赤川一丁目６番１２号,,旭長寿の森診療所あいあい,CODE,G001618,代表,旭長寿の森診療所(あいあい) 大阪市旭区 公式サイト
313656144633,特別養護老人ホーム　摂津いやし園診療所,2713701445,566-0071,大阪府,摂津市鳥飼下一丁目１３番７号,,特別養護老人ホム摂津いやし園診療所,CODE,G001619,代表,特別養護老人ホーム 摂津いやし園診療所 摂津市 公式サイト
313587876581,沢辺クリニック,2713007884,533-0013,大阪府,大阪市東淀川区豊里四丁目８番２３号第３高光マンション１階１０９号,,沢辺クリニック,CODE,G001620,代表,沢辺クリニック 大阪市東淀川区 公式サイト
313571677900,医療法人愛誠会　つかはらクリニック,2712307509,545-6022,大阪府,大阪市阿倍野区阿倍野筋一丁目１番４３号あべのハルカス　２２階,,愛誠会つかはらクリニック,CODE,G001621,代表,医療法人愛誠会 つかはらクリニック 大阪市阿倍野区 公式サイト
313553857268,みずの整形外科・内科クリニック,2714012453,561-0859,大阪府,豊中市服部豊町１丁目３番２７号,,みずの整形外科内科クリニック,CODE,G001622,代表,みずの整形外科・内科クリニック 豊中市 公式サイト
313553857267,医療法人信　だんクリニック,2712409685,573-0125,大阪府,枚方市津田駅前一丁目２８番１６号メディカルガーデン津田駅前１０１号,,信だんクリニック,CODE,G001623,代表,医療法人信 だんクリニック 枚方市 公式サイト
313544880848,医療法人　双樹会　守上クリニック,2713103386,535-0004,大阪府,大阪市旭区生江１－９－１８,,双樹会守上クリニック,CODE,G001624,代表,医療法人 双樹会 守上クリニック 大阪市旭区 公式サイト
313707876044,一般社団法人ＩＳＨＣ　いのうえ小児科阪南クリニック,2712308218,545-0021,大阪府,大阪市阿倍野区阪南町４丁目２番２０号,,ishcいのうえ小児科阪南クリニック,CODE,G001625,代表,一般社団法人ISHC いのうえ小児科阪南クリニック 大阪市阿倍野区 公式サイト
313707809520,医療法人　小谷会　小谷クリニック,2712306998,545-0051,大阪府,大阪市阿倍野区旭町一丁目１番２７号三洋ビル２・３階,,小谷会小谷クリニック,CODE,G001626,代表,医療法人 小谷会 小谷クリニック 大阪市阿倍野区 公式サイト
313700784848,医療法人　トキワクリニック,2712307418,545-0051,大阪府,大阪市阿倍野区旭町１丁目１番１７号サンビル阿倍野,,トキワクリニック,CODE,G001627,代表,医療法人 トキワクリニック 大阪市阿倍野区 公式サイト
313656144632,医療法人　津本クリニック,2713006050,533-0013,大阪府,大阪市東淀川区豊里六丁目２１番９号,,津本クリニック,CODE,G001628,代表,医療法人 津本クリニック 大阪市東淀川区 公式サイト
313707926218,安積診療所,2713006274,533-0007,大阪府,大阪市東淀川区相川二丁目９番１８号,,安積診療所,CODE,G001629,代表,安積診療所 大阪市東淀川区 公式サイト
313707846345,医療法人嘉徳会　佐野医院,2712602735,571-0079,大阪府,門真市野里町１１番９号,,嘉徳会佐野医院,CODE,G001630,代表,医療法人嘉徳会 佐野医院 門真市 公式サイト
313700712127,医療法人心明会　レディースクリニックさわだ,2712305966,545-0052,大阪府,大阪市阿倍野区阿倍野筋一丁目５番１－１００号あべのルシアス１階,,心明会レディスクリニックさわだ,CODE,G001631,代表,医療法人心明会 レディースクリニックさわだ 大阪市阿倍野区 公式サイト
313700665075,医療法人　井上クリニック,2712503081,563-0048,大阪府,池田市呉服町８番２２号,,井上クリニック,CODE,G001632,代表,医療法人 井上クリニック 池田市 公式サイト
313587876580,医療法人　香里ケ丘ほりのうち整形外科・リウマチ科,2712409420,573-0084,大阪府,枚方市香里ケ丘六丁目８番地,,香里ケ丘ほりのうち整形外科リウマチ科,CODE,G001633,代表,医療法人 香里ケ丘ほりのうち整形外科・リウマチ科 枚方市 公式サイト
313553857266,社会医療法人弘道会　萱島生野病院,2712603444,571-0071,大阪府,門真市上島町２２番１１号,,弘道会萱島生野病院,CODE,G001634,代表,社会医療法人弘道会 萱島生野病院 門真市 公式サイト
313504636623,医療法人忠優会　りぶホームクリニック,2712604285,571-0079,大阪府,門真市野里町９番９号　２０１号,,忠優会りぶホムクリニック,CODE,G001635,代表,医療法人忠優会 りぶホームクリニック 門真市 公式サイト
313707876043,こころの里クリニック,2712307749,545-0021,大阪府,大阪市阿倍野区阪南町５丁目２３番１５号西田辺林ビル３０１,,こころの里クリニック,CODE,G001636,代表,こころの里クリニック 大阪市阿倍野区 公式サイト
313700818670,医療法人久内会　きゅうない耳鼻咽喉科,2712307475,545-0004,大阪府,大阪市阿倍野区文の里二丁目１１番２５号５階,,久内会きゅうない耳鼻咽喉科,CODE,G001637,代表,医療法人久内会 きゅうない耳鼻咽喉科 大阪市阿倍野区 公式サイト
313700746999,おの消化器内科・内視鏡クリニック,2713008031,533-0004,大阪府,大阪市東淀川区小松２丁目２－４コマツビル３階Ｂ,,おの消化器内科内視鏡クリニック,CODE,G001638,代表,おの消化器内科・内視鏡クリニック 大阪市東淀川区 公式サイト
313700746998,医療法人穂翔会　穂翔クリニック,2712207410,544-0011,大阪府,大阪市生野区田島４丁目２番３０号,,穂翔会穂翔クリニック,CODE,G001639,代表,医療法人穂翔会 穂翔クリニック 大阪市生野区 公式サイト
313700665074,医療法人　香里ヶ丘大谷ハートクリニック,2712408489,573-0084,大阪府,枚方市香里ケ丘６丁目８番地,,香里ヶ丘大谷ハトクリニック,CODE,G001640,代表,医療法人 香里ヶ丘大谷ハートクリニック 枚方市 公式サイト
313663163085,たなべ小児科,2712502539,563-0025,大阪府,池田市城南一丁目５番１号カーサポルタ１階,,たなべ小児科,CODE,G001641,代表,たなべ小児科 池田市 公式サイト
313656144631,医療法人祥光会　こう整形外科,2712603600,571-0016,大阪府,門真市島頭３丁目３番５号クレール白鳩１Ｆ,,祥光会こう整形外科,CODE,G001642,代表,医療法人祥光会 こう整形外科 門真市 公式サイト
313587876579,潮見クリニック,2712305750,545-0021,大阪府,大阪市阿倍野区阪南町一丁目３５番８号,,潮見クリニック,CODE,G001643,代表,潮見クリニック 大阪市阿倍野区 公式サイト
313561078488,医療法人　つじ医院,2712503230,563-0032,大阪府,池田市石橋４丁目２０番８号,,つじ医院,CODE,G001644,代表,医療法人 つじ医院 池田市 公式サイト
313561078487,井上医院,2712306766,545-0035,大阪府,大阪市阿倍野区北畠二丁目９番２９号,,井上医院,CODE,G001645,代表,井上医院 大阪市阿倍野区 公式サイト
313656144630,医療法人　アエバ会　アエバ会診療所,,544-0021,大阪府,大阪市生野区勝山南四丁目１６番４３号,,アエバ会アエバ会診療所,ZIP+NAME,G001646,代表,医療法人 アエバ会 アエバ会診療所 大阪市生野区 公式サイト
313707846344,医療福祉生活協同組合おおさか　田島診療所,2712206172,544-0023,大阪府,大阪市生野区林寺五丁目１２番１８号,,医療福祉生活協同組合おおさか田島診療所,CODE,G001647,代表,医療福祉生活協同組合おおさか 田島診療所 大阪市生野区 公式サイト
313544880847,髙橋医院,2712205463,544-0006,大阪府,大阪市生野区中川東一丁目３番１２号,,髙橋医院,CODE,G001648,代表,髙橋医院 大阪市生野区 公式サイト
313707926216,一般社団法人　大阪総合医学・教育研究会附属親と子の診療所,2711801932,550-0001,大阪府,大阪市西区土佐堀一丁目４番６号肥後橋新興産ビル３階,,大阪総合医学教育研究会附属親と子の診療所,CODE,G001649,代表,一般社団法人 大阪総合医学・教育研究会附属親と子の診療所 大阪市西区 公式サイト
313707876042,つちどクリニック,2711704110,543-0001,大阪府,大阪市天王寺区上本町六丁目２番２６号大和上六ビル９階,,つちどクリニック,CODE,G001650,代表,つちどクリニック 大阪市天王寺区 公式サイト
313707846343,医療法人藤井会　住道クリニック,2711902037,574-0046,大阪府,大東市赤井一丁目１３番１号ポップタウン住道１番館１階,,藤井会住道クリニック,CODE,G001651,代表,医療法人藤井会 住道クリニック 大東市 公式サイト
313700818669,前田クリニック,2711705950,543-0001,大阪府,大阪市天王寺区上本町六丁目３番３１号ハイハイタウン４０６号,,前田クリニック,CODE,G001652,代表,前田クリニック 大阪市天王寺区 公式サイト
313700746997,小橋医院,2712007687,558-0041,大阪府,大阪市住吉区南住吉四丁目１番１４号,,小橋医院,CODE,G001653,代表,小橋医院 大阪市住吉区 公式サイト
313700712125,医療法人　白築医院,2711902177,574-0055,大阪府,大東市新田本町１０番３号,,白築医院,CODE,G001654,代表,医療法人 白築医院 大東市 公式サイト
313663163084,京町堀整形外科,2711802690,550-0003,大阪府,大阪市西区京町堀一丁目１６番２２号牧野ビル１・２階,,京町堀整形外科,CODE,G001655,代表,京町堀整形外科 大阪市西区 公式サイト
313700784847,北摂オンラインクリニック,2711610622,564-0082,大阪府,吹田市片山町１丁目５番１０号ダイオービル　テナント　２０５号室,,北摂オンラインクリニック,CODE,G001656,代表,北摂オンラインクリニック 吹田市 公式サイト
313707809519,医療法人新樹会　にいのぶクリニック,2711608469,565-0862,大阪府,吹田市津雲台一丁目１番４号リーザス南千里２階,,新樹会にいのぶクリニック,CODE,G001657,代表,医療法人新樹会 にいのぶクリニック 吹田市 公式サイト
313553857265,おきしろ在宅クリニック,2711608592,565-0824,大阪府,吹田市山田西３－５１－６サンシャトー山本Ｂ２,,おきしろ在宅クリニック,CODE,G001658,代表,おきしろ在宅クリニック 吹田市 公式サイト
313544880846,医療法人　はたクリニック,2711608451,565-0851,大阪府,吹田市千里山西五丁目１番１号千里山阪急ビル２階,,はたクリニック,CODE,G001659,代表,医療法人 はたクリニック 吹田市 公式サイト
313504636622,医療法人琢生会　神田マタニティクリニック分院,2711607826,564-0053,大阪府,吹田市江の木町５番２６号プラトゥビル３階,,琢生会神田マタニティクリニック分院,CODE,G001660,代表,医療法人琢生会 神田マタニティクリニック分院 吹田市 公式サイト
313561078486,みさき医院,2711607669,564-0011,大阪府,吹田市岸部南二丁目１番６号,,みさき医院,CODE,G001661,代表,みさき医院 吹田市 公式サイト
313707926215,医療法人躍成会　にしうえクリニック,2711605754,565-0855,大阪府,吹田市佐竹台二丁目３番２号,,躍成会にしうえクリニック,CODE,G001662,代表,医療法人躍成会 にしうえクリニック 吹田市 公式サイト
313707876041,医療法人　啓和会　丸川診療所,2711607271,564-0032,大阪府,吹田市内本町二丁目４番１５号グランフェニックス吹田１階,,啓和会丸川診療所,CODE,G001663,代表,医療法人 啓和会 丸川診療所 吹田市 公式サイト
313700818668,社会福祉法人　こばと会　いのこの里診療所,2711606042,565-0824,大阪府,吹田市山田西一丁目２６番２７号,,こばと会いのこの里診療所,CODE,G001664,代表,社会福祉法人 こばと会 いのこの里診療所 吹田市 公式サイト
313656144629,梅村内科クリニック,2711403200,562-0043,大阪府,箕面市桜井二丁目１０番３６－１０１号,,梅村内科クリニック,CODE,G001665,代表,梅村内科クリニック 箕面市 公式サイト
313553857264,ワイズメンタルクリニック,2711505178,537-0012,大阪府,大阪市東成区大今里１丁目３７番２１号サンブライトプラザ２階,,ワイズメンタルクリニック,CODE,G001666,代表,ワイズメンタルクリニック 大阪市東成区 公式サイト
313587876578,箕面ひまわり眼科,2711403432,562-0034,大阪府,箕面市西宿１丁目１２番８号みのおキューズモールＥＡＳＴ３－２階,,箕面ひまわり眼科,CODE,G001667,代表,箕面ひまわり眼科 箕面市 公式サイト
313700665073,医療法人　もみじの手　箕面レディースクリニック分院　小児科,2711402541,562-0004,大阪府,箕面市牧落三丁目４番１０号,,もみじの手箕面レディスクリニック分院小児科,CODE,G001668,代表,医療法人 もみじの手 箕面レディースクリニック分院 小児科 箕面市 公式サイト
313700665072,医療法人　清順堂　ためなが温泉病院,2711402467,562-0033,大阪府,箕面市今宮四丁目５番２４号,,清順堂ためなが温泉病院,CODE,G001669,代表,医療法人 清順堂 ためなが温泉病院 箕面市 公式サイト
313553857263,くまとり坂口クリニック,2711202263,590-0451,大阪府,泉南郡熊取町野田三丁目３５３－４,,くまとり坂口クリニック,CODE,G001670,代表,くまとり坂口クリニック 泉南郡熊取町 公式サイト
313561078485,こうようこどもクリニック,2711105896,596-0823,大阪府,岸和田市下松町４丁目１番８号,,こうようこどもクリニック,CODE,G001671,代表,こうようこどもクリニック 岸和田市 公式サイト
313707846342,ナス医院,2711002499,555-0001,大阪府,大阪市西淀川区佃三丁目１０番１号,,ナス医院,CODE,G001672,代表,ナス医院 大阪市西淀川区 公式サイト
313707846341,吉冨医院,2711003141,555-0032,大阪府,大阪市西淀川区大和田四丁目７番１０号,,吉冨医院,CODE,G001673,代表,吉冨医院 大阪市西淀川区 公式サイト
313571677899,桜台クリニック,2711105417,596-0816,大阪府,岸和田市尾生町３丁目４－３８,,桜台クリニック,CODE,G001674,代表,桜台クリニック 岸和田市 公式サイト
313656144628,医療法人　愛基会　黒川医院,2710907375,569-1022,大阪府,高槻市日吉台一番町１６番１号,,愛基会黒川医院,CODE,G001675,代表,医療法人 愛基会 黒川医院 高槻市 公式サイト
313587876577,医療法人入江会　末吉クリニック,2710906575,569-0811,大阪府,高槻市東五百住町三丁目７番２０号,,入江会末吉クリニック,CODE,G001676,代表,医療法人入江会 末吉クリニック 高槻市 公式サイト
313707846340,医療法人　浅川クリニック,2710807500,546-0013,大阪府,大阪市東住吉区湯里一丁目１番１１号,,浅川クリニック,CODE,G001677,代表,医療法人 浅川クリニック 大阪市東住吉区 公式サイト
313656144627,医療法人良樹会　Ｔ内科クリニック高槻院,2710905106,569-0081,大阪府,高槻市宮野町１７番１号,,良樹会t内科クリニック高槻院,CODE,G001678,代表,医療法人良樹会 T内科クリニック高槻院 高槻市 公式サイト
313504636621,医療法人吉州会　おづ眼科クリニック,2710602000,595-0025,大阪府,泉大津市旭町１７番１号,,吉州会おづ眼科クリニック,CODE,G001679,代表,医療法人吉州会 おづ眼科クリニック 泉大津市 公式サイト
313700818666,医療法人　下出眼科,2710601283,595-0006,大阪府,泉大津市東助松町二丁目６番２号,,下出眼科,CODE,G001680,代表,医療法人 下出眼科 泉大津市 公式サイト
313700818665,河内長野市立保健センター,2710702537,586-0008,大阪府,河内長野市木戸東町２－１,,河内長野市立保健センタ,CODE,G001681,代表,河内長野市立保健センター 河内長野市 公式サイト
313561078484,医療法人　もりわき小児科,2710503604,594-0031,大阪府,和泉市伏屋町三丁目２７番７号,,もりわき小児科,CODE,G001682,代表,医療法人 もりわき小児科 和泉市 公式サイト
313587876576,森医院,2710500204,594-1116,大阪府,和泉市納花町１４９,,森医院,CODE,G001683,代表,森医院 和泉市 公式サイト
313663163083,医療法人守田会　いぶきの病院,2710502820,594-0041,大阪府,和泉市いぶき野四丁目５番１号,,守田会いぶきの病院,CODE,G001684,代表,医療法人守田会 いぶきの病院 和泉市 公式サイト
313707809518,かもめクリニック第２,2710402997,552-0004,大阪府,大阪市港区夕凪２丁目１７番１４号　辻産業夕凪ビル３階,,かもめクリニック第2,CODE,G001685,代表,かもめクリニック第2 大阪市港区 公式サイト
313700784846,医療法人天斗会　中山医院,2710402807,552-0002,大阪府,大阪市港区市岡元町２丁目４番１６号,,天斗会中山医院,CODE,G001686,代表,医療法人天斗会 中山医院 大阪市港区 公式サイト
313544880845,医療法人　たかはし内科・循環器内科クリニック,2710306511,572-0048,大阪府,大阪府寝屋川市大利町２１番２号寝屋川大利メディカルガーデンズ３階,,たかはし内科循環器内科クリニック,CODE,G001687,代表,医療法人 たかはし内科・循環器内科クリニック 大阪府寝屋川市 公式サイト
313571677898,しもばやし整形外科,2710306107,572-0821,大阪府,寝屋川市出雲町１０番１０号,,しもばやし整形外科,CODE,G001688,代表,しもばやし整形外科 寝屋川市 公式サイト
313707876040,吉安内科クリニック,2710304177,572-0828,大阪府,寝屋川市萱島桜園町１４番１０号,,吉安内科クリニック,CODE,G001689,代表,吉安内科クリニック 寝屋川市 公式サイト
313587876575,ひ野クリニック,2710304474,572-0047,大阪府,寝屋川市大利元町２１番１１号,,ひ野クリニック,CODE,G001690,代表,ひ野クリニック 寝屋川市 公式サイト
313553857262,医療法人　今村クリニック,2710304813,572-0028,大阪府,寝屋川市日新町６番１１号,,今村クリニック,CODE,G001691,代表,医療法人 今村クリニック 寝屋川市 公式サイト
313707926214,医療法人拓真会　東診療所,2710303864,572-0066,大阪府,寝屋川市仁和寺町３１番５０号,,拓真会東診療所,CODE,G001692,代表,医療法人拓真会 東診療所 寝屋川市 公式サイト
313587876574,医療法人　はたて医院,2710303799,572-0043,大阪府,寝屋川市錦町１９番１号,,はたて医院,CODE,G001693,代表,医療法人 はたて医院 寝屋川市 公式サイト
313707809517,中條内科皮膚科,2710303468,572-0082,大阪府,寝屋川市香里本通町１０番１４号龍宝マンション１階,,中條内科皮膚科,CODE,G001694,代表,中條内科皮膚科 寝屋川市 公式サイト
313504636620,医療法人嘉祥会　よしの内科クリニック,2710203957,553-0002,大阪府,大阪市福島区鷺洲一丁目７番２９号パレット１階,,嘉祥会よしの内科クリニック,CODE,G001695,代表,医療法人嘉祥会 よしの内科クリニック 大阪市福島区 公式サイト
313700818664,医療法人　芳朱会　前田ファミリークリニック,2710203395,553-0007,大阪府,大阪市福島区大開３丁目１番２号野田パークマンション１２６号,,芳朱会前田ファミリクリニック,CODE,G001696,代表,医療法人 芳朱会 前田ファミリークリニック 大阪市福島区 公式サイト
313700746996,にいがわクリニック,2710123759,599-8236,大阪府,堺市中区深井沢町３２７１番地サンケンビル４階,,にいがわクリニック,CODE,G001697,代表,にいがわクリニック 堺市中区 公式サイト
313700712124,医療法人燦惠会　首藤病院,2710202439,553-0005,大阪府,大阪市福島区野田五丁目１８番１６号,,燦惠会首藤病院,CODE,G001698,代表,医療法人燦惠会 首藤病院 大阪市福島区 公式サイト
313707876039,医療法人　松本クリニック,2710123601,599-8253,大阪府,堺市中区深阪６－２１－２７,,松本クリニック,CODE,G001699,代表,医療法人 松本クリニック 堺市中区 公式サイト
313700746995,今井医院,2710121225,591-8037,大阪府,堺市北区百舌鳥赤畑町四丁３４３番５号,,今井医院,CODE,G001700,代表,今井医院 堺市北区 公式サイト
313571677897,医療法人あゆみ桜会　皮ふ科眼科　くめクリニック,2710123098,593-8324,大阪府,堺市西区鳳東町一丁６５番の２,,あゆみ桜会皮ふ科眼科くめクリニック,CODE,G001701,代表,医療法人あゆみ桜会 皮ふ科眼科 くめクリニック 堺市西区 公式サイト
313700784845,ハピネス金岡診療所,2710119807,591-8022,大阪府,堺市北区金岡町２７２５番地,,ハピネス金岡診療所,CODE,G001702,代表,ハピネス金岡診療所 堺市北区 公式サイト
313571677896,医療法人　森﨑耳鼻咽喉科,2710119187,590-0971,大阪府,堺市堺区栄橋町二丁２番２３号ベルメゾン堺１０１号,,森﨑耳鼻咽喉科,CODE,G001703,代表,医療法人 森﨑耳鼻咽喉科 堺市堺区 公式サイト
313587876573,社会福祉法人　東光学園附属診療所,2710118841,599-8234,大阪府,堺市中区土塔町２０２８番地,,東光学園附属診療所,CODE,G001704,代表,社会福祉法人 東光学園附属診療所 堺市中区 公式サイト
313707809516,医療法人　北野医院,2710117496,591-8032,大阪府,堺市北区百舌鳥梅町一丁９番１３号,,北野医院,CODE,G001705,代表,医療法人 北野医院 堺市北区 公式サイト
313700746994,医療法人　森田医院,2710116373,599-8126,大阪府,堺市東区大美野１５９番地の２２,,森田医院,CODE,G001706,代表,医療法人 森田医院 堺市東区 公式サイト
313553857261,坂本産婦人科・小児科・内科,2710104783,599-8107,大阪府,堺市東区白鷺町一丁３番７号,,坂本産婦人科小児科内科,CODE,G001707,代表,坂本産婦人科・小児科・内科 堺市東区 公式サイト
313587876572,奈良県精神保健福祉センター,2919801817,633-0062,奈良県,桜井市粟殿１０００番地,,奈良県精神保健福祉センタ,CODE,G001708,代表,奈良県精神保健福祉センター 桜井市 公式サイト
313504636619,王寺ステーション眼科,2911502587,636-0002,奈良県,北葛城郡王寺町王寺２－４－７王寺クリニックスクエア４，５Ｆ,,王寺ステション眼科,CODE,G001709,代表,王寺ステーション眼科 北葛城郡王寺町 公式サイト
313707846339,医療法人藤井会　香芝生喜病院,2911801336,639-0252,奈良県,香芝市穴虫３３００番地３,,藤井会香芝生喜病院,CODE,G001710,代表,医療法人藤井会 香芝生喜病院 香芝市 公式サイト
313663163082,黒滝村国民健康保険診療所,2911701312,638-0251,奈良県,吉野郡黒滝村寺戸１８２番地の１,,黒滝村国民健康保険診療所,CODE,G001711,代表,黒滝村国民健康保険診療所 吉野郡黒滝村 公式サイト
313700818662,へいせいたかとりクリニック,2911601090,635-0136,奈良県,高市郡高取町大字兵庫２０２番地,,へいせいたかとりクリニック,CODE,G001712,代表,へいせいたかとりクリニック 高市 公式サイト
313656144626,まみがおか内科,2911503031,635-0833,奈良県,北葛城郡広陵町馬見南１－６－２０,,まみがおか内科,CODE,G001713,代表,まみがおか内科 北葛城郡広陵町 公式サイト
313587876571,奥村クリニック,2910900758,632-0033,奈良県,天理市勾田町４３番３,,奥村クリニック,CODE,G001714,代表,奥村クリニック 天理市 公式サイト
313587876570,杉本医院,2911600258,635-0142,奈良県,高市郡高取町寺崎７９３,,杉本医院,CODE,G001715,代表,杉本医院 高市 公式サイト
313707926213,井上クリニック,2911202956,634-0804,奈良県,橿原市内膳町１－１－１１　Ｕ遊タウン１階,,井上クリニック,CODE,G001716,代表,井上クリニック 橿原市 公式サイト
313707926212,田原本駅前皮膚科,2910700786,636-0300,奈良県,磯城郡田原本町９３９トモルテたわらもと１Ｆ１０２号,,田原本駅前皮膚科,CODE,G001717,代表,田原本駅前皮膚科 磯城郡田原本町 公式サイト
313707846338,辻本内科医院,2911201909,634-0804,奈良県,橿原市内膳町一丁目１番５号　大通口ビル２階,,辻本内科医院,CODE,G001718,代表,辻本内科医院 橿原市 公式サイト
313700818661,阪口眼科,2911401269,637-0014,奈良県,五條市住川町２０４番地,,阪口眼科,CODE,G001719,代表,阪口眼科 五條市 公式サイト
313700712123,医療法人友愛会沢田医院,2911301162,639-2200,奈良県,御所市１８０－１４,,友愛会沢田医院,CODE,G001720,代表,医療法人友愛会沢田医院 御所市 公式サイト
313561078483,医療法人果恵会恵王病院,2911501274,636-0002,奈良県,北葛城郡王寺町王寺２丁目１０－１８,,果恵会恵王病院,CODE,G001721,代表,医療法人果恵会恵王病院 北葛城郡王寺町 公式サイト
313707809515,医療法人　豊生会　森下内科医院,2911201321,634-0064,奈良県,橿原市見瀬町６７１－１,,豊生会森下内科医院,CODE,G001722,代表,医療法人 豊生会 森下内科医院 橿原市 公式サイト
313663163081,小林クリニック,2910901418,632-0063,奈良県,天理市西長柄町１６３,,小林クリニック,CODE,G001723,代表,小林クリニック 天理市 公式サイト
313656144625,てんり眼科,2910900808,632-0016,奈良県,天理市川原城町３７７番地１　ＧＲＡＮＤ　ＢＵＩＬＤ竹ノ花１階,,てんり眼科,CODE,G001724,代表,てんり眼科 天理市 公式サイト
313571677895,さかもとクリニック,2911202725,634-0004,奈良県,橿原市木原町２６－１,,さかもとクリニック,CODE,G001725,代表,さかもとクリニック 橿原市 公式サイト
313553857260,社会医療法人高清会　高井病院,2910901145,632-0006,奈良県,天理市蔵之庄町４７０番地８,,高清会高井病院,CODE,G001726,代表,社会医療法人高清会 高井病院 天理市 公式サイト
313707926211,医療法人前之園診療所,2910801238,635-0002,奈良県,大和高田市土庫１丁目１３番１３号,,前之園診療所,CODE,G001727,代表,医療法人前之園診療所 大和高田市 公式サイト
313700818660,上田医院,2910802079,635-0087,奈良県,大和高田市内本町７－２９,,上田医院,CODE,G001728,代表,上田医院 大和高田市 公式サイト
313700746993,吉内内科糖尿病ファミリークリニック,2910302542,630-0133,奈良県,生駒市あすか野南３－７－２１,,吉内内科糖尿病ファミリクリニック,CODE,G001729,代表,吉内内科糖尿病ファミリークリニック 生駒市 公式サイト
313700665071,いわもとクリニック,2910302500,630-0133,奈良県,生駒市あすか野南２丁目１番１２号　あすか野グリーンビル１階,,いわもとクリニック,CODE,G001730,代表,いわもとクリニック 生駒市 公式サイト
313700818659,高樹医院,2910202080,639-1007,奈良県,大和郡山市南郡山町２２６－２,,高樹医院,CODE,G001731,代表,高樹医院 大和郡山市 公式サイト
313707846337,小野クリニック,2910201686,639-1002,奈良県,大和郡山市九条平野町３番２５－１,,小野クリニック,CODE,G001732,代表,小野クリニック 大和郡山市 公式サイト
313587876569,医療法人　友岡診療所,2910301239,630-0212,奈良県,生駒市辻町３９７番地８　東生駒８番館２階,,友岡診療所,CODE,G001733,代表,医療法人 友岡診療所 生駒市 公式サイト
313707876038,奈良ひかりハートクリニック,2910111851,631-0012,奈良県,奈良市中山町１２５９番地の１ＢｌｏｓｓｏｍＴｅｒｒａｃｅ　Ｃ号室,,奈良ひかりハトクリニック,CODE,G001734,代表,奈良ひかりハートクリニック 奈良市 公式サイト
313700784844,くま内科,2910202403,639-1013,奈良県,大和郡山市朝日町１－１３－２階,,くま内科,CODE,G001735,代表,くま内科 大和郡山市 公式サイト
313656144624,医療法人　光輪会　やまとクリニック,2910111455,631-0805,奈良県,奈良市右京三丁目１９番２４号,,光輪会やまとクリニック,CODE,G001736,代表,医療法人 光輪会 やまとクリニック 奈良市 公式サイト
313544880844,すくすくこどもクリニック,2910109061,631-0842,奈良県,奈良市菅原町６４８－１,,すくすくこどもクリニック,CODE,G001737,代表,すくすくこどもクリニック 奈良市 公式サイト
313504636618,なら新大宮クリニック,2910110978,630-8114,奈良県,奈良市芝辻町４－２－２新大宮伝宝ビル６階,,なら新大宮クリニック,CODE,G001738,代表,なら新大宮クリニック 奈良市 公式サイト
313700712122,独立行政法人国立病院機構　宇多野病院,2619900075,616-8255,京都府,京都市右京区鳴滝音戸山町８,,国立病院機構宇多野病院,CODE,G001739,代表,独立行政法人国立病院機構 宇多野病院 京都市右京区 公式サイト
313544880843,西尾外科医院,2910112222,631-0033,奈良県,奈良市あやめ池南１丁目７番７号,,西尾外科医院,CODE,G001740,代表,西尾外科医院 奈良市 公式サイト
313707809514,くがい整形外科,2910108865,631-0032,奈良県,奈良市あやめ池北１丁目３２－２１－Ａ２０３,,くがい整形外科,CODE,G001741,代表,くがい整形外科 奈良市 公式サイト
313700784843,沖林医院,2614101190,607-8358,京都府,京都市山科区西野楳本町１１０の３,,沖林医院,CODE,G001742,代表,沖林医院 京都市山科区 公式サイト
313561078482,医療法人　育象会　さがわキッズクリニック,2614003172,615-8225,京都府,京都府京都市西京区上桂森下町1-106,,育象会さがわキッズクリニック,CODE,G001743,代表,医療法人 育象会 さがわキッズクリニック 京都府京都市西京区 公式サイト
313700746992,社会福祉法人西山福祉会　大原野クリニック,2614002372,610-1134,京都府,京都市西京区大原野石作町２５６番地１,,西山福祉会大原野クリニック,CODE,G001744,代表,社会福祉法人西山福祉会 大原野クリニック 京都市西京区 公式サイト
313656144623,かさはら内科医院,2614002554,615-8191,京都府,京都市西京区川島有栖川町４４－１ゲレンク　タケダ　Ｗ１,,かさはら内科医院,CODE,G001745,代表,かさはら内科医院 京都市西京区 公式サイト
313571677894,山内医院,2614001614,615-8196,京都府,京都市西京区川島尻堀町４１－９,,山内医院,CODE,G001746,代表,山内医院 京都市西京区 公式サイト
313700711161,福本整形外科,2614001838,615-8152,京都府,京都市西京区樫原内垣外町２１,,福本整形外科,CODE,G001747,代表,福本整形外科 京都市西京区 公式サイト
313553857259,ほりなか耳鼻咽喉科,2613500889,619-0215,京都府,木津川市梅美台２丁目１０番１２,,ほりなか耳鼻咽喉科,CODE,G001748,代表,ほりなか耳鼻咽喉科 木津川市 公式サイト
313663163080,弓削医院,2613400015,601-0773,京都府,南丹市美山町三埜,,弓削医院,CODE,G001749,代表,弓削医院 南丹市 公式サイト
313707876037,一般財団法人療道協会　西山病院,2613000021,617-0814,京都府,長岡京市今里五丁目１－１,,療道協会西山病院,CODE,G001750,代表,一般財団法人療道協会 西山病院 長岡京市 公式サイト
313587876568,芳野医院,2613200217,610-0343,京都府,京田辺市大住関屋７－６,,芳野医院,CODE,G001751,代表,芳野医院 京田辺市 公式サイト
313707809513,医療法人　福知会　もみじヶ丘病院,2612600375,620-0879,京都府,福知山市字堀小字大岩谷３３７４,,福知会もみじヶ丘病院,CODE,G001752,代表,医療法人 福知会 もみじヶ丘病院 福知山市 公式サイト
313700784842,医療法人社団　鎌田整形外科医院,2611601820,621-0813,京都府,京都府亀岡市突抜町４４番地１,,鎌田整形外科医院,CODE,G001753,代表,医療法人社団 鎌田整形外科医院 京都府亀岡市 公式サイト
313707926210,太田整形外科医院,2610907806,612-8081,京都府,京都府京都市伏見区新町４丁目４６１番地,,太田整形外科医院,CODE,G001754,代表,太田整形外科医院 京都府京都市伏見区 公式サイト
313700711160,医療法人社団　飯野小児科内科医院,2611601515,621-0846,京都府,亀岡市南つつじケ丘大葉台二丁目４４－１,,飯野小児科内科医院,CODE,G001755,代表,医療法人社団 飯野小児科内科医院 亀岡市 公式サイト
313656144622,佐藤医院,2611601549,621-0015,京都府,亀岡市吉川町吉田段ノ坪２３番地,,佐藤医院,CODE,G001756,代表,佐藤医院 亀岡市 公式サイト
313561078481,医療法人　村山医院,2611203585,611-0031,京都府,京都府宇治市広野町尖山２３番地４,,村山医院,CODE,G001757,代表,医療法人 村山医院 京都府宇治市 公式サイト
313553857258,にし消化器内視鏡クリニック,2612000675,629-2261,京都府,京都府与謝郡与謝野町字男山６８７番１,,にし消化器内視鏡クリニック,CODE,G001758,代表,にし消化器内視鏡クリニック 京都府与謝郡与謝野町 公式サイト
313553857257,医療法人社団　宮地医院,2612100574,626-0061,京都府,宮津市字波路２３５５－１,,宮地医院,CODE,G001759,代表,医療法人社団 宮地医院 宮津市 公式サイト
313544880842,医療法人　翠川医院,2610607166,606-0046,京都府,京都市左京区上高野諸木町５０番地３,,翠川医院,CODE,G001760,代表,医療法人 翠川医院 京都市左京区 公式サイト
313504636617,医療法人　石原クリニック,2610904530,612-0064,京都府,京都市伏見区桃山毛利長門西町４７－１,,石原クリニック,CODE,G001761,代表,医療法人 石原クリニック 京都市伏見区 公式サイト
313700818658,にしざわ眼科,2610606606,606-8277,京都府,京都市左京区北白川堂ノ前町３８,,にしざわ眼科,CODE,G001762,代表,にしざわ眼科 京都市左京区 公式サイト
313700665070,しみずペインクリニック,2610608297,606-8225,京都府,京都市左京区田中門前町４４番　有斐閣京都ビル１階,,しみずペインクリニック,CODE,G001763,代表,しみずペインクリニック 京都市左京区 公式サイト
313700665069,京都府医師会水尾診療所,2610701589,616-8465,京都府,京都市右京区嵯峨水尾宮ノ脇町１０,,京都府医師会水尾診療所,CODE,G001764,代表,京都府医師会水尾診療所 京都市右京区 公式サイト
313587876567,京都烏丸　うえだかなこメンタルクリニック,2610309896,604-8162,京都府,京都市中京区烏丸通六角下る七観音町６３０番地　読売京都ビル２階,,京都烏丸うえだかなこメンタルクリニック,CODE,G001765,代表,京都烏丸 うえだかなこメンタルクリニック 京都市中京区 公式サイト
313587876566,大原在宅診療所,2610606739,606-0817,京都府,京都市左京区下鴨西林町６　上文堂ビル,,大原在宅診療所,CODE,G001766,代表,大原在宅診療所 京都市左京区 公式サイト
313707846336,大久保クリニック,,606-0847,京都府,京都市左京区下鴨南野々神町１－７ドルス北山１Ｆ,,大久保クリニック,ZIP+NAME,G001767,代表,大久保クリニック 京都市左京区 公式サイト
313700784841,医療法人司美会くみこクリニック,2610607786,606-0847,京都府,京都市左京区下鴨南野々神町２番地９,,司美会くみこクリニック,CODE,G001768,代表,医療法人司美会くみこクリニック 京都市左京区 公式サイト
313700746991,しらす整形外科医院,2610503282,601-8439,京都府,京都市南区西九条開ケ町１２５番地３,,しらす整形外科医院,CODE,G001769,代表,しらす整形外科医院 京都市南区 公式サイト
313700711159,医療法人　澤村整形外科医院,2610605475,606-8272,京都府,京都市左京区北白川山田町５,,澤村整形外科医院,CODE,G001770,代表,医療法人 澤村整形外科医院 京都市左京区 公式サイト
313571677893,深江形成　整形外科医院,2610403376,600-8441,京都府,京都市下京区新町通り四条下ル四条町３４８,,深江形成整形外科医院,CODE,G001771,代表,深江形成 整形外科医院 京都市下京区 公式サイト
313707809512,大宮あおき内科クリニック,2610309862,604-8365,京都府,京都市中京区四条通大宮西入錦大宮町１２１番地他大宮阪急ビル３階,,大宮あおき内科クリニック,CODE,G001772,代表,大宮あおき内科クリニック 京都市中京区 公式サイト
313553857256,井上医院,2610405967,600-8091,京都府,京都市下京区東洞院通四条下る元悪王子町３７番地　豊元四条烏丸ビル２Ｆ,,井上医院,CODE,G001773,代表,井上医院 京都市下京区 公式サイト
313561078480,清水整形外科,2610308195,604-0962,京都府,京都市中京区御幸町通夷川下ル達磨町６１３,,清水整形外科,CODE,G001774,代表,清水整形外科 京都市中京区 公式サイト
313707876036,医療法人社団　西澤医院,2610204527,602-8311,京都府,京都市上京区寺之内通千本西入柏清盛町１０５０番地,,西澤医院,CODE,G001775,代表,医療法人社団 西澤医院 京都市上京区 公式サイト
313700818657,からすま和田クリニック,2610308286,604-0845,京都府,京都市中京区烏丸通御池上ル二条殿町５３８番地ヤサカ烏丸御池ビル２階,,からすま和田クリニック,CODE,G001776,代表,からすま和田クリニック 京都市中京区 公式サイト
313700665068,医療法人財団康生会　京都壬生苑診療所,2610307023,604-8821,京都府,京都市中京区壬生梛ノ宮町３１番地,,康生会京都壬生苑診療所,CODE,G001777,代表,医療法人財団康生会 京都壬生苑診療所 京都市中京区 公式サイト
313707926209,くさかべ整形外科,2610204113,602-8497,京都府,京都市上京区芦山寺通智恵光院西入る戌亥町１５０,,くさかべ整形外科,CODE,G001778,代表,くさかべ整形外科 京都市上京区 公式サイト
313700818656,大仲内科医院,2610104388,603-8207,京都府,京都市北区紫竹牛若町３０－２,,大仲内科医院,CODE,G001779,代表,大仲内科医院 京都市北区 公式サイト
313700784840,髙橋整形外科医院,2610204485,602-8155,京都府,京都市上京区千本通丸太町下ル主税町１１６３,,髙橋整形外科医院,CODE,G001780,代表,髙橋整形外科医院 京都市上京区 公式サイト
313544880841,医療法人財団今井会足立病院　足立乳腺クリニック,2610105377,603-8052,京都府,京都市北区上賀茂松本町９８番地,,今井会足立病院足立乳腺クリニック,CODE,G001781,代表,医療法人財団今井会足立病院 足立乳腺クリニック 京都市北区 公式サイト
313707846335,顔医院,2815107954,650-0046,兵庫県,神戸市中央区港島中町６－２－１神戸パークシティＡ－１Ｆ　４,,顔医院,CODE,G001782,代表,顔医院 神戸市中央区 公式サイト
313707809511,藤見医院,2815109935,650-0025,兵庫県,神戸市中央区相生町五丁目１６番１１号,,藤見医院,CODE,G001783,代表,藤見医院 神戸市中央区 公式サイト
313663163079,医療法人慶春会　玄冬庵クリニック,2815109927,651-0087,兵庫県,神戸市中央区御幸通五丁目２番５号御幸通ビル７階,,慶春会玄冬庵クリニック,CODE,G001784,代表,医療法人慶春会 玄冬庵クリニック 神戸市中央区 公式サイト
313504636616,原クリニック,2815201393,651-2135,兵庫県,神戸市西区王塚台５丁目２,,原クリニック,CODE,G001785,代表,原クリニック 神戸市西区 公式サイト
313656144621,神成美容外科形成外科,2815107483,651-0096,兵庫県,神戸市中央区雲井通７－１－１ミント神戸１３Ｆ,,神成美容外科形成外科,CODE,G001786,代表,神成美容外科形成外科 神戸市中央区 公式サイト
313587876565,ゆたかこどもクリニック,2815203175,651-2273,兵庫県,神戸市西区糀台５丁目６番３号西神オリエンタルホテル２階,,ゆたかこどもクリニック,CODE,G001787,代表,ゆたかこどもクリニック 神戸市西区 公式サイト
313707846334,今泉眼科,2815106824,651-0066,兵庫県,神戸市中央区国香通１丁目１の１グランディア阪急春日野道駅前ビル３Ｆ,,今泉眼科,CODE,G001788,代表,今泉眼科 神戸市中央区 公式サイト
313707809510,オカ・レディース・クリニック,2815003591,651-1222,兵庫県,神戸市北区大原３丁目８番地の１,,オカレディスクリニック,CODE,G001789,代表,オカ・レディース・クリニック 神戸市北区 公式サイト
313700746990,神戸駅前もりのメンタルクリニック,2815110099,650-0025,兵庫県,神戸市中央区相生町２丁目３－４神戸フロントプラザ４階,,神戸駅前もりのメンタルクリニック,CODE,G001790,代表,神戸駅前もりのメンタルクリニック 神戸市中央区 公式サイト
313656144620,高橋眼科院,2815103649,650-0016,兵庫県,神戸市中央区橘通２丁目１－１７,,高橋眼科院,CODE,G001791,代表,高橋眼科院 神戸市中央区 公式サイト
313571677892,井上クリニック外科胃腸科,2815200809,651-2135,兵庫県,神戸市西区王塚台２丁目７９－２,,井上クリニック外科胃腸科,CODE,G001792,代表,井上クリニック外科胃腸科 神戸市西区 公式サイト
313544880840,坂本小児科,2815003435,651-1246,兵庫県,神戸市北区谷上西町２７－２谷上ハイツ１０１,,坂本小児科,CODE,G001793,代表,坂本小児科 神戸市北区 公式サイト
313707926208,こじま眼科,2814020968,670-0906,兵庫県,姫路市博労町９１,,こじま眼科,CODE,G001794,代表,こじま眼科 姫路市 公式サイト
313707809509,大澤整形外科クリニック,2813024862,661-0002,兵庫県,尼崎市塚口町４－４０－３,,大澤整形外科クリニック,CODE,G001795,代表,大澤整形外科クリニック 尼崎市 公式サイト
313663163078,ぽかぽか在宅ケアクリニック,2814700775,669-6702,兵庫県,美方郡新温泉町浜坂４６２番地３,,ぽかぽか在宅ケアクリニック,CODE,G001796,代表,ぽかぽか在宅ケアクリニック 美方郡新温泉町 公式サイト
313587876564,みやまクリニック,2813026040,660-0051,兵庫県,尼崎市東七松町１－１０－１８,,みやまクリニック,CODE,G001797,代表,みやまクリニック 尼崎市 公式サイト
313707846333,大前医院,2813303837,664-0892,兵庫県,伊丹市高台１－１５７－７,,大前医院,CODE,G001798,代表,大前医院 伊丹市 公式サイト
313700784838,はるかぜ診療所,2814900953,669-5252,兵庫県,朝来市和田山町竹田２４８６番地７６,,はるかぜ診療所,CODE,G001799,代表,はるかぜ診療所 朝来市 公式サイト
313656144619,内科　井上医院,2814004152,670-0084,兵庫県,姫路市東辻井１丁目１２－２８,,内科井上医院,CODE,G001800,代表,内科 井上医院 姫路市 公式サイト
313707926207,伊丹市休日応急診療所,2813305386,664-0898,兵庫県,伊丹市千僧１丁目１番地１,,伊丹市休日応急診療所,CODE,G001801,代表,伊丹市休日応急診療所 伊丹市 公式サイト
313700711158,むこきたクリニック,2813305444,664-0873,兵庫県,伊丹市野間４丁目５番２１号,,むこきたクリニック,CODE,G001802,代表,むこきたクリニック 伊丹市 公式サイト
313700665067,かなやま医院,2813026818,661-0024,兵庫県,尼崎市三反田町３丁目１１－２４,,かなやま医院,CODE,G001803,代表,かなやま医院 尼崎市 公式サイト
313700665066,ありまこうげんホスピタル,2815000357,651-1512,兵庫県,神戸市北区長尾町上津４６６３－３,,ありまこうげんホスピタル,CODE,G001804,代表,ありまこうげんホスピタル 神戸市北区 公式サイト
313587876563,香美町国民健康保険小代診療所,2814700601,667-1502,兵庫県,美方郡香美町小代区城山３０１,,香美町国民健康保険小代診療所,CODE,G001805,代表,香美町国民健康保険小代診療所 美方郡香美町 公式サイト
313561078479,垣尾内科クリニック,2813800923,671-2514,兵庫県,宍粟市山崎町田井５６２－１,,垣尾内科クリニック,CODE,G001806,代表,垣尾内科クリニック 宍粟市 公式サイト
313553857255,たるたに皮膚科クリニック,2813305394,664-0846,兵庫県,伊丹市伊丹１丁目６番２号丹兵ビル１Ｆ,,たるたに皮膚科クリニック,CODE,G001807,代表,たるたに皮膚科クリニック 伊丹市 公式サイト
313504636615,平本皮フ科,2813022015,661-0953,兵庫県,尼崎市東園田町９－１６－８フィオーレ園田２階,,平本皮フ科,CODE,G001808,代表,平本皮フ科 尼崎市 公式サイト
313707926206,堀内小児科,2813026099,661-0035,兵庫県,尼崎市武庫之荘２丁目５－２　２０１号,,堀内小児科,CODE,G001809,代表,堀内小児科 尼崎市 公式サイト
313707846332,こんどうクリニック,2814022956,670-0902,兵庫県,姫路市白銀町４１福光ビル３０２,,こんどうクリニック,CODE,G001810,代表,こんどうクリニック 姫路市 公式サイト
313707809508,毛利耳鼻咽喉科医院,2813022312,660-0801,兵庫県,尼崎市長洲東通１－９－３２,,毛利耳鼻咽喉科医院,CODE,G001811,代表,毛利耳鼻咽喉科医院 尼崎市 公式サイト
313700818655,くすのき医院,2815002833,651-1615,兵庫県,神戸市北区淡河町萩原字宮脇２０２番１号,,くすのき医院,CODE,G001812,代表,くすのき医院 神戸市北区 公式サイト
313587876562,じむらクリニック,2814022519,670-0944,兵庫県,姫路市阿保甲５３番地１,,じむらクリニック,CODE,G001813,代表,じむらクリニック 姫路市 公式サイト
313571677891,市民健康開発センターハーティ２１,2813025281,661-0012,兵庫県,尼崎市南塚口町四丁目４番８号,,市民健康開発センタハティ21,CODE,G001814,代表,市民健康開発センターハーティ21 尼崎市 公式サイト
313561078478,小亀整形外科医院,2813101439,666-0129,兵庫県,川西市緑台４丁目９－３１,,小亀整形外科医院,CODE,G001815,代表,小亀整形外科医院 川西市 公式サイト
313561078477,長久整形外科,2814009664,670-0949,兵庫県,姫路市三左衛門堀東の町１１１番,,長久整形外科,CODE,G001816,代表,長久整形外科 姫路市 公式サイト
313544880839,辻井はやし内科,2814023095,670-0084,兵庫県,姫路市東辻井２丁目８番３４号,,辻井はやし内科,CODE,G001817,代表,辻井はやし内科 姫路市 公式サイト
313707876035,はしもと眼科クリニック,2813305253,664-0886,兵庫県,伊丹市昆陽東１丁目２番７号　阪急オアシス伊丹昆陽東２階,,はしもと眼科クリニック,CODE,G001818,代表,はしもと眼科クリニック 伊丹市 公式サイト
313707846331,白壁診療所,2813024110,661-0002,兵庫県,尼崎市塚口町３－２４－１２,,白壁診療所,CODE,G001819,代表,白壁診療所 尼崎市 公式サイト
313700818654,関内科医院,2812006712,673-0018,兵庫県,明石市西明石北町３丁目１３番１４号,,関内科医院,CODE,G001820,代表,関内科医院 明石市 公式サイト
313700746989,古谷クリニック,2814008930,670-0961,兵庫県,姫路市南畝町２丁目１７,,古谷クリニック,CODE,G001821,代表,古谷クリニック 姫路市 公式サイト
313700711157,兵庫ライフケアクリニック,2813103575,666-0129,兵庫県,川西市緑台４丁目３－４１,,兵庫ライフケアクリニック,CODE,G001822,代表,兵庫ライフケアクリニック 川西市 公式サイト
313663163077,やまもと皮膚科・漢方クリニック,2814022345,670-0927,兵庫県,姫路市駅前町２７１番地姫路駅前メディカルガーデン３Ｆ,,やまもと皮膚科漢方クリニック,CODE,G001823,代表,やまもと皮膚科・漢方クリニック 姫路市 公式サイト
313656144618,阪急伊丹くまがい内科皮膚科,2813305550,664-0858,兵庫県,伊丹市西台１－５－２１伊丹くれたけビル１階,,阪急伊丹くまがい内科皮膚科,CODE,G001824,代表,阪急伊丹くまがい内科皮膚科 伊丹市 公式サイト
313656144617,桂クリニック,2813022155,660-0893,兵庫県,尼崎市西難波町５丁目６－２２,,桂クリニック,CODE,G001825,代表,桂クリニック 尼崎市 公式サイト
313587876561,ほんじょう整形外科クリニック,2813026479,661-0981,兵庫県,尼崎市猪名寺３丁目５－１５　２Ｆ,,ほんじょう整形外科クリニック,CODE,G001826,代表,ほんじょう整形外科クリニック 尼崎市 公式サイト
313571677890,杉原小児科内科医院,2813020498,661-0012,兵庫県,尼崎市南塚口町１丁目３－２０,,杉原小児科内科医院,CODE,G001827,代表,杉原小児科内科医院 尼崎市 公式サイト
313707809507,おくもとクリニック,2813026529,661-0979,兵庫県,尼崎市上坂部１丁目１番１号ＶＩＥＲＲＡ塚口３０３,,おくもとクリニック,CODE,G001828,代表,おくもとクリニック 尼崎市 公式サイト
313700818653,あしだ耳鼻咽喉科,2813101793,666-0112,兵庫県,川西市大和西１丁目９７－７　兼古書店駅前ビル２階,,あしだ耳鼻咽喉科,CODE,G001829,代表,あしだ耳鼻咽喉科 川西市 公式サイト
313700746988,糖尿病内科むらまえクリニック,2812008130,673-0005,兵庫県,明石市小久保２丁目６番９号　５階,,糖尿病内科むらまえクリニック,CODE,G001830,代表,糖尿病内科むらまえクリニック 明石市 公式サイト
313504636614,いがらし耳鼻咽喉科,2813024367,661-0035,兵庫県,尼崎市武庫之荘１丁目５番７号,,いがらし耳鼻咽喉科,CODE,G001831,代表,いがらし耳鼻咽喉科 尼崎市 公式サイト
313707876034,きし医院,2812601033,675-2311,兵庫県,加西市北条町横尾１０９１,,きし医院,CODE,G001832,代表,きし医院 加西市 公式サイト
313700818652,山本医院,2812301873,673-0534,兵庫県,三木市緑が丘町本町一丁目２番地の１０,,山本医院,CODE,G001833,代表,山本医院 三木市 公式サイト
313700784837,かわぐち腎泌尿器科・内科クリニック,2812801054,675-1115,兵庫県,加古郡稲美町国岡２丁目９－７,,かわぐち腎泌尿器科内科クリニック,CODE,G001834,代表,かわぐち腎泌尿器科・内科クリニック 加古郡稲美町 公式サイト
313700665065,奥窪医院,2812202733,675-0037,兵庫県,加古川市加古川町本町２７－３,,奥窪医院,CODE,G001835,代表,奥窪医院 加古川市 公式サイト
313587876560,勝谷医院,2813009749,660-0052,兵庫県,尼崎市七松町２丁目１７－２１,,勝谷医院,CODE,G001836,代表,勝谷医院 尼崎市 公式サイト
313553857254,独立行政法人労働者健康安全機構関西労災病院,2813000193,660-0064,兵庫県,尼崎市稲葉荘３丁目１－６９,,労働者健康安全機構関西労災病院,CODE,G001837,代表,独立行政法人労働者健康安全機構関西労災病院 尼崎市 公式サイト
313544880838,ほうでん在宅診療所,2812205355,675-0045,兵庫県,加古川市西神吉町岸２３８－２,,ほうでん在宅診療所,CODE,G001838,代表,ほうでん在宅診療所 加古川市 公式サイト
313544880837,にしがわ内科クリニック,2813023492,660-0828,兵庫県,尼崎市東大物町２－６－５,,にしがわ内科クリニック,CODE,G001839,代表,にしがわ内科クリニック 尼崎市 公式サイト
313504636613,伊藤眼科医院,2813022122,661-0953,兵庫県,尼崎市東園田町４丁目９６－８,,伊藤眼科医院,CODE,G001840,代表,伊藤眼科医院 尼崎市 公式サイト
313700746987,一城小児科,2812005714,674-0092,兵庫県,明石市二見町東二見４５９－１,,一城小児科,CODE,G001841,代表,一城小児科 明石市 公式サイト
313656144616,社会医療法人社団順心会　順心リハビリテーション病院,2812202261,675-0005,兵庫県,加古川市神野町石守１６３２,,社会順心会順心リハビリテション病院,CODE,G001842,代表,社会医療法人社団順心会 順心リハビリテーション病院 加古川市 公式サイト
313561078476,あだち医院,2812202816,675-0057,兵庫県,加古川市東神吉町神吉１１６－１,,あだち医院,CODE,G001843,代表,あだち医院 加古川市 公式サイト
313571677889,明石市立夜間休日応急診療所,2812005599,674-0063,兵庫県,明石市大久保町八木７４３番地の３３,,明石市立夜間休日応急診療所,CODE,G001844,代表,明石市立夜間休日応急診療所 明石市 公式サイト
313707926205,柏木医院,2811900741,675-1306,兵庫県,小野市船木町字前田２,,柏木医院,CODE,G001845,代表,柏木医院 小野市 公式サイト
313700665064,あかぎクリニック,2811003157,659-0051,兵庫県,芦屋市呉川町７番２６号,,あかぎクリニック,CODE,G001846,代表,あかぎクリニック 芦屋市 公式サイト
313707809506,天野内科医院,2811800834,677-0044,兵庫県,西脇市上野字芝添３１５,,天野内科医院,CODE,G001847,代表,天野内科医院 西脇市 公式サイト
313700746986,くぼクリニック,2810805065,655-0003,兵庫県,神戸市垂水区小束山本町３－２－２８,,くぼクリニック,CODE,G001848,代表,くぼクリニック 神戸市垂水区 公式サイト
313663163076,岡田整形外科,2811501184,656-0053,兵庫県,洲本市上物部１丁目２番６号,,岡田整形外科,CODE,G001849,代表,岡田整形外科 洲本市 公式サイト
313707876033,きんぼしクリニック,2811202171,669-1535,兵庫県,三田市南が丘２丁目１３番８２－１０２号,,きんぼしクリニック,CODE,G001850,代表,きんぼしクリニック 三田市 公式サイト
313707876032,川田外科胃腸科,2810606125,653-0024,兵庫県,神戸市長田区浜添通２丁目１－７,,川田外科胃腸科,CODE,G001851,代表,川田外科胃腸科 神戸市長田区 公式サイト
313707846330,あずま糖尿病内科クリニック,2810925673,662-0075,兵庫県,西宮市南越木岩町７番８号サンクチュアリ・ヴィラ・ザ苦楽園２Ｆ,,あずま糖尿病内科クリニック,CODE,G001852,代表,あずま糖尿病内科クリニック 西宮市 公式サイト
313700818651,森田医院,2811103452,665-0842,兵庫県,宝塚市川面５丁目８番５号,,森田医院,CODE,G001853,代表,森田医院 宝塚市 公式サイト
313700818650,いながき内科クリニック,2810926671,662-0975,兵庫県,西宮市市庭町９番１２号香櫨館３階,,いながき内科クリニック,CODE,G001854,代表,いながき内科クリニック 西宮市 公式サイト
313700711156,すぎもとクリニック,2810922639,662-0863,兵庫県,西宮市室川町５番２５号,,すぎもとクリニック,CODE,G001855,代表,すぎもとクリニック 西宮市 公式サイト
313587876559,奥野内科医院,,663-8012,兵庫県,西宮市堤町２－２６,,奥野内科医院,ZIP+NAME,G001856,代表,奥野内科医院 西宮市 公式サイト
313561078475,おかの皮フ科,2810921797,663-8152,兵庫県,西宮市甲子園町２６－１４甲子園メディカルプラザ２Ｆ,,おかの皮フ科,CODE,G001857,代表,おかの皮フ科 西宮市 公式サイト
313561078474,えの眼科さくら夙川クリニック,2810922613,662-0977,兵庫県,西宮市神楽町１１番２７号,,えの眼科さくら夙川クリニック,CODE,G001858,代表,えの眼科さくら夙川クリニック 西宮市 公式サイト
313700818649,よしかわ内科・神経内科クリニック,2810506531,652-0897,兵庫県,神戸市兵庫区駅南通１丁目２番３号兵庫駅南ビル３階,,よしかわ内科神経内科クリニック,CODE,G001859,代表,よしかわ内科・神経内科クリニック 神戸市兵庫区 公式サイト
313544880836,髙橋内科医院,2811501077,656-0054,兵庫県,洲本市宇原２２４３,,髙橋内科医院,CODE,G001860,代表,髙橋内科医院 洲本市 公式サイト
313707809505,医療法人社団あきら整形外科クリニック,2811301767,669-3811,兵庫県,丹波市青垣町佐治字ナカイチバ７２番地,,あきら整形外科クリニック,CODE,G001861,代表,医療法人社団あきら整形外科クリニック 丹波市 公式サイト
313587876558,さくら眼科,2811301684,669-3467,兵庫県,丹波市氷上町本郷字道ノ下３１８－１,,さくら眼科,CODE,G001862,代表,さくら眼科 丹波市 公式サイト
313700665063,和久医院,2811301601,669-3601,兵庫県,丹波市氷上町成松３３０－１,,和久医院,CODE,G001863,代表,和久医院 丹波市 公式サイト
313707926204,前橋内科循環器科医院,2811201611,669-1541,兵庫県,三田市貴志字丁田７９番地１,,前橋内科循環器科医院,CODE,G001864,代表,前橋内科循環器科医院 三田市 公式サイト
313504636612,平明会クリニック,2811201413,669-1313,兵庫県,三田市福島６６－４,,平明会クリニック,CODE,G001865,代表,平明会クリニック 三田市 公式サイト
313707926203,竹村内科・内視鏡クリニック,2811003827,659-0012,兵庫県,芦屋市朝日ヶ丘町１－３６３Ｆ,,竹村内科内視鏡クリニック,CODE,G001866,代表,竹村内科・内視鏡クリニック 芦屋市 公式サイト
313700711155,辰井整形外科,2811104328,665-0011,兵庫県,宝塚市南口１－８－２０南口ビル４Ｆ,,辰井整形外科,CODE,G001867,代表,辰井整形外科 宝塚市 公式サイト
313571677888,澤田肝臓・消化器内科クリニック,2811104567,665-0881,兵庫県,宝塚市山本東２丁目７－１２ＭＳ山本東ビル２０１,,澤田肝臓消化器内科クリニック,CODE,G001868,代表,澤田肝臓・消化器内科クリニック 宝塚市 公式サイト
313561078473,芦屋ウィメンズクリニック,2811004015,659-0092,兵庫県,芦屋市大原町５－１９－４階,,芦屋ウィメンズクリニック,CODE,G001869,代表,芦屋ウィメンズクリニック 芦屋市 公式サイト
313553857253,宝塚医療生活協同組合良元診療所,2811101290,665-0055,兵庫県,宝塚市大成町１０－４５,,宝塚医療生活協同組合良元診療所,CODE,G001870,代表,宝塚医療生活協同組合良元診療所 宝塚市 公式サイト
313700784836,永松クリニック,2811003363,659-0094,兵庫県,芦屋市松ノ内町１０番１８号,,永松クリニック,CODE,G001871,代表,永松クリニック 芦屋市 公式サイト
313553857252,瀬野内科医院,2811004288,659-0092,兵庫県,芦屋市大原町１１－２４－１０６,,瀬野内科医院,CODE,G001872,代表,瀬野内科医院 芦屋市 公式サイト
313700746985,上田内科,2811001656,659-0012,兵庫県,芦屋市朝日ケ丘町２－２４,,上田内科,CODE,G001873,代表,上田内科 芦屋市 公式サイト
313571677887,かわもり小児科,2811001763,659-0055,兵庫県,芦屋市竹園町６－２２,,かわもり小児科,CODE,G001874,代表,かわもり小児科 芦屋市 公式サイト
313587876557,こばやし皮膚科クリニック,2810924098,662-0075,兵庫県,西宮市南越木岩町１１番６号苦楽園エクセルビル２階　２０４号室,,こばやし皮膚科クリニック,CODE,G001875,代表,こばやし皮膚科クリニック 西宮市 公式サイト
313656144615,社会医療法人渡邊高記念会　西宮渡辺心臓脳・血管センター広田クリニック,2810926341,662-0866,兵庫県,西宮市柳本町８番３６号,,渡邊高記念会西宮渡辺心臓脳血管センタ広田クリニック,CODE,G001876,代表,社会医療法人渡邊高記念会 西宮渡辺心臓脳・血管センター広田クリニック 西宮市 公式サイト
313700784835,あしだこども診療所,2810921193,662-0825,兵庫県,西宮市門戸荘１７－１８メディックモンド１階,,あしだこども診療所,CODE,G001877,代表,あしだこども診療所 西宮市 公式サイト
313544880835,谷口医院,2810908844,663-8224,兵庫県,西宮市今津真砂町１－６,,谷口医院,CODE,G001878,代表,谷口医院 西宮市 公式サイト
313707809504,しらかわレディースクリニック,2810704656,654-0081,兵庫県,神戸市須磨区高倉台１－１－７,,しらかわレディスクリニック,CODE,G001879,代表,しらかわレディースクリニック 神戸市須磨区 公式サイト
313700818648,江原産婦人科医院,2810905949,663-8111,兵庫県,西宮市二見町９番１７号,,江原産婦人科医院,CODE,G001880,代表,江原産婦人科医院 西宮市 公式サイト
313587876556,西本耳鼻咽喉科,2810804720,655-0041,兵庫県,神戸市垂水区神陵台７－４－１５,,西本耳鼻咽喉科,CODE,G001881,代表,西本耳鼻咽喉科 神戸市垂水区 公式サイト
313707926202,武村内科,2810805735,655-0892,兵庫県,神戸市垂水区平磯４丁目４番１９号王子ビル１階,,武村内科,CODE,G001882,代表,武村内科 神戸市垂水区 公式サイト
313707876031,山口医院,2810802989,655-0044,兵庫県,神戸市垂水区舞子坂３丁目５－８,,山口医院,CODE,G001883,代表,山口医院 神戸市垂水区 公式サイト
313700746984,すみこ内科・循環器科,2810605366,653-0055,兵庫県,神戸市長田区浪松町２丁目２－１９藤原ビル１階,,すみこ内科循環器科,CODE,G001884,代表,すみこ内科・循環器科 神戸市長田区 公式サイト
313700711154,横山整形外科,2810507380,652-0042,兵庫県,神戸市兵庫区東山町４丁目１－１０ワコーレグランシティ東山１Ｆ,,横山整形外科,CODE,G001885,代表,横山整形外科 神戸市兵庫区 公式サイト
313656144614,こうべプラスクリニック,2810507455,652-0815,兵庫県,神戸市兵庫区三川口町１丁目４－６,,こうべプラスクリニック,CODE,G001886,代表,こうべプラスクリニック 神戸市兵庫区 公式サイト
313553857251,宮本医院,2810703633,654-0141,兵庫県,神戸市須磨区竜が台５丁目１１番１,,宮本医院,CODE,G001887,代表,宮本医院 神戸市須磨区 公式サイト
313707809503,神戸百年記念病院,2810506762,652-0855,兵庫県,神戸市兵庫区御崎町１丁目９番１号,,神戸百年記念病院,CODE,G001888,代表,神戸百年記念病院 神戸市兵庫区 公式サイト
313544880834,松本内科・呼吸器クリニック,2810206587,657-0051,兵庫県,神戸市灘区八幡町２丁目６－１,,松本内科呼吸器クリニック,CODE,G001889,代表,松本内科・呼吸器クリニック 神戸市灘区 公式サイト
313561078472,青野クリニック,2810206116,657-0841,兵庫県,神戸市灘区灘南通５丁目２－２７モントマヤ１Ｆ,,青野クリニック,CODE,G001890,代表,青野クリニック 神戸市灘区 公式サイト
313504636611,本山リュッカクリニック,2810107645,658-0081,兵庫県,神戸市東灘区田中町１丁目６－１１毛利ビル３Ｆ,,本山リュッカクリニック,CODE,G001891,代表,本山リュッカクリニック 神戸市東灘区 公式サイト
313707845369,とさ内科クリニック,2810107249,658-0001,兵庫県,神戸市東灘区森北町２－２－１９,,とさ内科クリニック,CODE,G001892,代表,とさ内科クリニック 神戸市東灘区 公式サイト
313700818647,さわこ形成外科クリニック,2810106514,658-0054,兵庫県,神戸市東灘区御影中町１丁目１６番２０号,,さわこ形成外科クリニック,CODE,G001893,代表,さわこ形成外科クリニック 神戸市東灘区 公式サイト
313700784834,つじもと耳鼻咽喉科,2810106159,658-0072,兵庫県,神戸市東灘区岡本１－６－１２有本ビル２階,,つじもと耳鼻咽喉科,CODE,G001894,代表,つじもと耳鼻咽喉科 神戸市東灘区 公式サイト
313700665062,大原こころのクリニック,2810106092,658-0081,兵庫県,神戸市東灘区田中町１丁目１３－２２本山アーバンライフ１１５,,大原こころのクリニック,CODE,G001895,代表,大原こころのクリニック 神戸市東灘区 公式サイト
313553857250,田中医院,2810104733,658-0016,兵庫県,神戸市東灘区本山中町３丁目４－１３,,田中医院,CODE,G001896,代表,田中医院 神戸市東灘区 公式サイト
313504636610,三浦内科クリニック,2810105359,658-0015,兵庫県,神戸市東灘区本山南町９－７－２６,,三浦内科クリニック,CODE,G001897,代表,三浦内科クリニック 神戸市東灘区 公式サイト
313707876030,登村レディスクリニック,2810104501,658-0046,兵庫県,神戸市東灘区御影本町４丁目１１－５,,登村レディスクリニック,CODE,G001898,代表,登村レディスクリニック 神戸市東灘区 公式サイト
313656144613,田中病院,1810414274,917-0241,福井県,小浜市遠敷１０丁目６０１－１,,田中病院,CODE,G001899,代表,田中病院 小浜市 公式サイト
313587876555,独立行政法人地域医療機能推進機構　若狭高浜病院,1812314019,919-2293,福井県,大飯郡高浜町宮崎８７－１４－２,,地域医療機能推進機構若狭高浜病院,CODE,G001900,代表,独立行政法人地域医療機能推進機構 若狭高浜病院 大飯郡高浜町 公式サイト
313561078471,サンライフ　クリニック,1810314896,915-0074,福井県,越前市蓬莱町６－２４,,サンライフクリニック,CODE,G001901,代表,サンライフ クリニック 越前市 公式サイト
313700818646,広瀬病院,1810714624,916-0025,福井県,鯖江市旭町１－２－８,,広瀬病院,CODE,G001902,代表,広瀬病院 鯖江市 公式サイト
313587876554,岩佐内科外科クリニック,1810120707,910-0028,福井県,福井市学園２丁目９－６,,岩佐内科外科クリニック,CODE,G001903,代表,岩佐内科外科クリニック 福井市 公式サイト
313700711153,福島泌尿器科医院,1810117505,910-0064,福井県,福井市新田塚町４０８,,福島泌尿器科医院,CODE,G001904,代表,福島泌尿器科医院 福井市 公式サイト
313587876553,森川医院,1810122216,910-0146,福井県,福井市下森田桜町６の６番地,,森川医院,CODE,G001905,代表,森川医院 福井市 公式サイト
313553857249,野沢温泉村　市川診療所,2013317090,389-2613,長野県,下高井郡野沢温泉村大字虫生１０９１,,野沢温泉村市川診療所,CODE,G001906,代表,野沢温泉村 市川診療所 下高井郡野沢温泉村 公式サイト
313544880833,野尻医院,1810314482,915-0803,福井県,越前市平出１－１２－３７,,野尻医院,CODE,G001907,代表,野尻医院 越前市 公式サイト
313544880832,とくだ耳鼻咽喉科,1810119543,918-8014,福井県,福井市花堂中２－２８－１,,とくだ耳鼻咽喉科,CODE,G001908,代表,とくだ耳鼻咽喉科 福井市 公式サイト
313656144612,医療法人　篠﨑医院,2012617177,399-5301,長野県,木曽郡南木曽町読書３４２８,,篠﨑医院,CODE,G001909,代表,医療法人 篠﨑医院 木曽郡南木曽町 公式サイト
313700818645,信濃医療福祉センター,2012317208,393-0093,長野県,諏訪郡下諏訪町社字花田６５２５－１,,信濃医療福祉センタ,CODE,G001910,代表,信濃医療福祉センター 諏訪郡下諏訪町 公式サイト
313700746983,医療法人　二階堂医院,2011817091,389-0806,長野県,千曲市磯部１１９４－１,,二階堂医院,CODE,G001911,代表,医療法人 二階堂医院 千曲市 公式サイト
313700746982,坂口医院,2012110454,389-0102,長野県,北佐久郡軽井沢町軽井沢７５６番地,,坂口医院,CODE,G001912,代表,坂口医院 北佐久郡軽井沢町 公式サイト
313571677886,松尾医院,,389-0601,長野県,埴科郡坂城町大字坂城６３２２－１,,松尾医院,ZIP+NAME,G001913,代表,松尾医院 埴科郡坂城町 公式サイト
313707809502,長野県立阿南病院,2012516031,399-1501,長野県,下伊那郡阿南町北條２００９－１,,長野県立阿南病院,CODE,G001914,代表,長野県立阿南病院 下伊那郡阿南町 公式サイト
313571677885,石田医院,2014017525,399-8205,長野県,安曇野市豊科４６７７,,石田医院,CODE,G001915,代表,石田医院 安曇野市 公式サイト
313707876029,穂高の森メンタルクリニック,2014010348,399-8301,長野県,安曇野市穂高有明８０５９－１１,,穂高の森メンタルクリニック,CODE,G001916,代表,穂高の森メンタルクリニック 安曇野市 公式サイト
313553857248,虹の村診療所,2014017442,399-8301,長野県,安曇野市穂高有明７６０７－３,,虹の村診療所,CODE,G001917,代表,虹の村診療所 安曇野市 公式サイト
313707925241,野村クリニック,2011210487,398-0002,長野県,大町市大町３５０２－２,,野村クリニック,CODE,G001918,代表,野村クリニック 大町 公式サイト
313707809501,医療法人保永会　野澤医院,2011717176,385-0034,長野県,佐久市平賀５３４０,,保永会野澤医院,CODE,G001919,代表,医療法人保永会 野澤医院 佐久市 公式サイト
313700784833,かつの耳鼻咽喉科,2011817125,387-0006,長野県,千曲市粟佐１２１４－４,,かつの耳鼻咽喉科,CODE,G001920,代表,かつの耳鼻咽喉科 千曲市 公式サイト
313700665061,佐久市布施出張診療所,2011717457,384-2203,長野県,佐久市布施２１５１番地３,,佐久市布施出張診療所,CODE,G001921,代表,佐久市布施出張診療所 佐久市 公式サイト
313656144611,医療法人じせい会　小田切医院,2011117120,383-0022,長野県,中野市中央３－４－１６,,じせい会小田切医院,CODE,G001922,代表,医療法人じせい会 小田切医院 中野市 公式サイト
313561078470,いしぞね内科・外科クリニック,2011217243,398-0002,長野県,大町市大町３１９０番地１,,いしぞね内科外科クリニック,CODE,G001923,代表,いしぞね内科・外科クリニック 大町 公式サイト
313707925240,山村眼科整形外科,2011017205,399-4117,長野県,駒ケ根市赤穂１４６２３ー３,,山村眼科整形外科,CODE,G001924,代表,山村眼科整形外科 駒ケ根市 公式サイト
313707845368,柿下クリニック,2011217151,398-0004,長野県,大町市常盤３５４１ー１４,,柿下クリニック,CODE,G001925,代表,柿下クリニック 大町 公式サイト
313561078469,医療法人優和会　角田医院分院,2011717168,385-0022,長野県,佐久市岩村田３１６２－３６,,優和会角田医院分院,CODE,G001926,代表,医療法人優和会 角田医院分院 佐久市 公式サイト
313663163075,伊那中央病院,2010917363,396-8555,長野県,伊那市小四郎久保１３１３番地１,,伊那中央病院,CODE,G001927,代表,伊那中央病院 伊那市 公式サイト
313700711152,たけまえ医院,2010710719,382-0099,長野県,須坂市墨坂５－２６－３３,,たけまえ医院,CODE,G001928,代表,たけまえ医院 須坂市 公式サイト
313656144610,医療法人　松尾医院,2010517395,395-0816,長野県,飯田市松尾久井２４０３,,松尾医院,CODE,G001929,代表,医療法人 松尾医院 飯田市 公式サイト
313544880831,医療法人　さくら会　桜井クリニック,2010817241,384-0809,長野県,小諸市大字滋野甲５６０－１,,さくら会桜井クリニック,CODE,G001930,代表,医療法人 さくら会 桜井クリニック 小諸市 公式サイト
313707925239,佐々木医院,2010810469,384-0012,長野県,小諸市南町１丁目３－７,,佐々木医院,CODE,G001931,代表,佐々木医院 小諸市 公式サイト
313700818644,飯田市立病院,2010517023,395-8502,長野県,飯田市八幡町４３８,,飯田市立病院,CODE,G001932,代表,飯田市立病院 飯田市 公式サイト
313587876552,医療法人　羽場医院,2010517478,399-2561,長野県,飯田市駄科５３６－３,,羽場医院,CODE,G001933,代表,医療法人 羽場医院 飯田市 公式サイト
313707876028,ふじ診療所,2010219133,390-0852,長野県,松本市島立６４３－１,,ふじ診療所,CODE,G001934,代表,ふじ診療所 松本市 公式サイト
313707809500,ハートクリニック上田,2010317846,386-0017,長野県,上田市踏入二丁目１２２５番地６,,ハトクリニック上田,CODE,G001935,代表,ハートクリニック上田 上田市 公式サイト
313587876551,松塩クリニック透析センター,2010218242,399-0035,長野県,松本市村井町北１丁目９番７８号,,松塩クリニック透析センタ,CODE,G001936,代表,松塩クリニック透析センター 松本市 公式サイト
313700784832,藤森内科医院,2010217731,390-0874,長野県,松本市大手４－１２－１７,,藤森内科医院,CODE,G001937,代表,藤森内科医院 松本市 公式サイト
313700665060,伊藤内科医院,2010213086,390-0871,長野県,松本市桐２－２－３９,,伊藤内科医院,CODE,G001938,代表,伊藤内科医院 松本市 公式サイト
313504636609,松本市安曇沢渡診療所,2010218143,390-1514,長野県,松本市安曇４１６２－１,,松本市安曇沢渡診療所,CODE,G001939,代表,松本市安曇沢渡診療所 松本市 公式サイト
313707845367,在宅クリニックともに,2015110238,381-2217,長野県,長野市稲里町中央３丁目３－４３,,在宅クリニックともに,CODE,G001940,代表,在宅クリニックともに 長野市 公式サイト
313707809499,医療法人　篠﨑医院,2010217723,390-0811,長野県,松本市中央２丁目１番２４号,,篠﨑医院,CODE,G001941,代表,医療法人 篠﨑医院 松本市 公式サイト
313700818643,医療法人博和会　上松病院,2010117451,380-0802,長野県,長野市上松５丁目３番１０号,,博和会上松病院,CODE,G001942,代表,医療法人博和会 上松病院 長野市 公式サイト
313700746981,若葉クリニック,1912300173,400-1514,山梨県,中央市浅利１６８６－２,,若葉クリニック,CODE,G001943,代表,若葉クリニック 中央市 公式サイト
313707925238,医療法人山下クリニック,1912010178,409-0112,山梨県,上野原市上野原５０９－１,,山下クリニック,CODE,G001944,代表,医療法人山下クリニック 上野原市 公式サイト
313656144609,弦間医院,1911810560,405-0073,山梨県,笛吹市一宮町末木８６４－２,,弦間医院,CODE,G001945,代表,弦間医院 笛吹市 公式サイト
313707876027,ユアー在宅　飯田診療所,1911610705,400-0306,山梨県,南アルプス市小笠原２１０３,,ユア在宅飯田診療所,CODE,G001946,代表,ユアー在宅 飯田診療所 南アルプス市 公式サイト
313663163074,白根なかざわクリニック,1911610598,400-0221,山梨県,南アルプス市在家塚５２－６,,白根なかざわクリニック,CODE,G001947,代表,白根なかざわクリニック 南アルプス市 公式サイト
313504636608,保坂メディカルクリニック,1911711008,400-0115,山梨県,甲斐市篠原６８２－１,,保坂メディカルクリニック,CODE,G001948,代表,保坂メディカルクリニック 甲斐市 公式サイト
313587876550,春日居総合リハビリテーション病院,1911810339,406-0014,山梨県,笛吹市春日居町国府４３６,,春日居総合リハビリテション病院,CODE,G001949,代表,春日居総合リハビリテーション病院 笛吹市 公式サイト
313707845366,矢ヶ崎皮フ科,1911710950,400-0117,山梨県,甲斐市西八幡１９４６番地１,,矢ヶ崎皮フ科,CODE,G001950,代表,矢ヶ崎皮フ科 甲斐市 公式サイト
313707809498,おおくにクリニック,1910116076,400-0053,山梨県,甲府市大里町５１２５番地,,おおくにクリニック,CODE,G001951,代表,おおくにクリニック 甲府市 公式サイト
313700818641,ばんどう整形外科クリニック,1910105186,400-0051,山梨県,甲府市古上条町２１－２,,ばんどう整形外科クリニック,CODE,G001952,代表,ばんどう整形外科クリニック 甲府市 公式サイト
313700818640,加納岩総合病院,1910210275,405-0018,山梨県,山梨市上神内川１３０９,,加納岩総合病院,CODE,G001953,代表,加納岩総合病院 山梨市 公式サイト
313587876549,医療法人韮崎東ヶ丘病院,1910910262,407-0175,山梨県,韮崎市穂坂町宮久保１２１６,,韮崎東ヶ丘病院,CODE,G001954,代表,医療法人韮崎東ヶ丘病院 韮崎市 公式サイト
313700665059,田辺眼科,1911710273,400-0117,山梨県,甲斐市西八幡６９３－１,,田辺眼科,CODE,G001955,代表,田辺眼科 甲斐市 公式サイト
313656144608,わかみや内科消化器外科クリニック,1910910809,407-0015,山梨県,韮崎市若宮１丁目６番４１号,,わかみや内科消化器外科クリニック,CODE,G001956,代表,わかみや内科消化器外科クリニック 韮崎市 公式サイト
313700711151,羽田医院,1911210647,403-0004,山梨県,富士吉田市下吉田二丁目２－１８,,羽田医院,CODE,G001957,代表,羽田医院 富士吉田市 公式サイト
313700784831,いがらし整形外科,1510312968,943-0893,新潟県,上越市大貫４丁目６番８号,,いがらし整形外科,CODE,G001958,代表,いがらし整形外科 上越市 公式サイト
313707925237,五日町病院,1512410034,949-7101,新潟県,南魚沼市五日町２３７５,,五日町病院,CODE,G001959,代表,五日町病院 南魚沼市 公式サイト
313707845365,西新発田クリニック,1510612151,957-0082,新潟県,新発田市佐々木１７５番地,,西新発田クリニック,CODE,G001960,代表,西新発田クリニック 新発田市 公式サイト
313504636607,大石耳鼻咽喉科クリニック,1910104015,400-0008,山梨県,甲府市緑が丘一丁目１－２１,,大石耳鼻咽喉科クリニック,CODE,G001961,代表,大石耳鼻咽喉科クリニック 甲府市 公式サイト
313707876026,あおぞら皮ふ科クリニック,1510313156,943-0896,新潟県,上越市大字飯２５１９番地,,あおぞら皮ふ科クリニック,CODE,G001962,代表,あおぞら皮ふ科クリニック 上越市 公式サイト
313707845364,南魚沼市民病院附属城内診療所,,949-7114,新潟県,南魚沼市泉甲１５４番地１,,南魚沼市民病院附属城内診療所,ZIP+NAME,G001963,代表,南魚沼市民病院附属城内診療所 南魚沼市 公式サイト
313707845363,角谷整形外科医院,1515810503,949-6102,新潟県,南魚沼郡湯沢町大字神立字川久保２５１の７,,角谷整形外科医院,CODE,G001964,代表,角谷整形外科医院 南魚沼郡湯沢町 公式サイト
313700746980,医療法人社団　藤島医院　藤島医院,1512410109,949-6680,新潟県,南魚沼市六日町１８８１,,藤島医院藤島医院,CODE,G001965,代表,医療法人社団 藤島医院 藤島医院 南魚沼市 公式サイト
313700711150,ニュータウンクリニック塚田医院,1510311846,943-0803,新潟県,上越市春日野一丁目１４番１０号,,ニュタウンクリニック塚田医院,CODE,G001966,代表,ニュータウンクリニック塚田医院 上越市 公式サイト
313571677884,医療法人社団　たなか内科医院,1512210509,952-0114,新潟県,佐渡市下新穂８３－２,,たなか内科医院,CODE,G001967,代表,医療法人社団 たなか内科医院 佐渡市 公式サイト
313700665058,斉藤医院,1510311515,943-0122,新潟県,上越市新保古新田５４８－１,,斉藤医院,CODE,G001968,代表,斉藤医院 上越市 公式サイト
313700665057,木村医院,1510214073,940-2035,新潟県,長岡市関原町２－２４４,,木村医院,CODE,G001969,代表,木村医院 長岡市 公式サイト
313561078468,おおふち眼科,1511010678,948-0093,新潟県,十日町市稲荷町三丁目南７番地２５,,おおふち眼科,CODE,G001970,代表,おおふち眼科 十日町 公式サイト
313553857247,みながわ皮ふ科,1510312786,943-0861,新潟県,上越市大和２丁目１５番１８号,,みながわ皮ふ科,CODE,G001971,代表,みながわ皮ふ科 上越市 公式サイト
313700784830,医療法人社団　山口外科医院,1411500826,259-0313,神奈川県,足柄下郡湯河原町鍛冶屋１９３,,山口外科医院,CODE,G001972,代表,医療法人社団 山口外科医院 足柄下郡湯河原町 公式サイト
313700746979,新潟メンタルクリニック,1510123357,950-0916,新潟県,新潟市中央区米山１－２４　新潟駅南センタ－ビル１Ｆ,,新潟メンタルクリニック,CODE,G001973,代表,新潟メンタルクリニック 新潟市中央区 公式サイト
313700746978,上原医院,1510213927,954-0213,新潟県,長岡市下沼新田甲９７,,上原医院,CODE,G001974,代表,上原医院 長岡市 公式サイト
313571677883,医療法人社団　前田内科クリニック,1510120080,950-2041,新潟県,新潟市西区坂井東２丁目２番２９号,,前田内科クリニック,CODE,G001975,代表,医療法人社団 前田内科クリニック 新潟市西区 公式サイト
313561078467,明元堂眼科医院,1510125758,951-8068,新潟県,新潟市中央区上大川前通９－１２７９番地,,明元堂眼科医院,CODE,G001976,代表,明元堂眼科医院 新潟市中央区 公式サイト
313707809497,本多レディースクリニック,1510123969,950-0841,新潟県,新潟市東区中野山８９１番地１,,本多レディスクリニック,CODE,G001977,代表,本多レディースクリニック 新潟市東区 公式サイト
313707809496,皮膚科まるやまクリニック,1510124058,950-2028,新潟県,新潟市西区小新南２－５－２０,,皮膚科まるやまクリニック,CODE,G001978,代表,皮膚科まるやまクリニック 新潟市西区 公式サイト
313587876548,ほしの医院,1510122110,956-0021,新潟県,新潟市秋葉区北上新田８０４ー１,,ほしの医院,CODE,G001979,代表,ほしの医院 新潟市秋葉区 公式サイト
313707925236,まきた眼科　座間院,1414110136,252-0012,神奈川県,座間市広野台２－１０－４　イオンモール座間２Ｆ,,まきた眼科座間院,CODE,G001980,代表,まきた眼科 座間院 座間市 公式サイト
313700784829,在宅ケアクリニック川岸町,1510125469,951-8133,新潟県,新潟市中央区川岸町２丁目１１番１４号福新ビル２階,,在宅ケアクリニック川岸町,CODE,G001981,代表,在宅ケアクリニック川岸町 新潟市中央区 公式サイト
313656144607,山田内科医院,1411401389,258-0004,神奈川県,足柄上郡松田町松田庶子１５４３－１,,山田内科医院,CODE,G001982,代表,山田内科医院 足柄上郡松田町 公式サイト
313553857246,横山外科胃腸科,1411210087,253-0114,神奈川県,高座郡寒川町田端４０００番地２８,,横山外科胃腸科,CODE,G001983,代表,横山外科胃腸科 高座郡寒川町 公式サイト
313553857245,吉澤医院,1414000857,259-1141,神奈川県,伊勢原市上粕屋３５１－１,,吉澤医院,CODE,G001984,代表,吉澤医院 伊勢原市 公式サイト
313544880830,西堀七番町クリニック,1510128109,951-8061,新潟県,新潟市中央区西堀通７番町１５５５番地日生不動産西堀ビル２－Ａ,,西堀七番町クリニック,CODE,G001985,代表,西堀七番町クリニック 新潟市中央区 公式サイト
313707875065,阿部小児科医院,1510115601,950-0012,新潟県,新潟市東区有楽３丁目８－６,,阿部小児科医院,CODE,G001986,代表,阿部小児科医院 新潟市東区 公式サイト
313707925235,医療法人社団　原田医院,1411201060,253-0105,神奈川県,高座郡寒川町岡田３－７－３５,,原田医院,CODE,G001987,代表,医療法人社団 原田医院 高座郡寒川町 公式サイト
313700818639,伊勢原駅前クリニック,1414000493,259-1132,神奈川県,伊勢原市桜台１－２－１３　１階,,伊勢原駅前クリニック,CODE,G001988,代表,伊勢原駅前クリニック 伊勢原市 公式サイト
313663163073,眼科根崎医院,1414000980,259-1131,神奈川県,伊勢原市伊勢原２－２－２６今井ビル３Ｆ,,眼科根崎医院,CODE,G001989,代表,眼科根崎医院 伊勢原市 公式サイト
313656144606,中央林間ハートクリニック,1413010782,242-0007,神奈川県,大和市中央林間４丁目１４番２５号　中央林間大塚ビル　２階,,中央林間ハトクリニック,CODE,G001990,代表,中央林間ハートクリニック 大和市 公式サイト
313656144605,医療法人紀陽会　さがみ野耳鼻咽喉科,1414200564,243-0401,神奈川県,海老名市東柏ケ谷１－１４－１７,,紀陽会さがみ野耳鼻咽喉科,CODE,G001991,代表,医療法人紀陽会 さがみ野耳鼻咽喉科 海老名市 公式サイト
313561078466,みたに眼科クリニック,1414201422,243-0401,神奈川県,海老名市東柏ケ谷５－１８－１９海老名三紫ビル１Ｆ,,みたに眼科クリニック,CODE,G001992,代表,みたに眼科クリニック 海老名市 公式サイト
313553857244,桜森耳鼻咽喉科クリニック,1413010667,242-0029,神奈川県,大和市上草柳１８６－３,,桜森耳鼻咽喉科クリニック,CODE,G001993,代表,桜森耳鼻咽喉科クリニック 大和市 公式サイト
313553857243,医療法人社団柏信会　青木病院,1412500924,249-0005,神奈川県,逗子市桜山６－１３３６,,柏信会青木病院,CODE,G001994,代表,医療法人社団柏信会 青木病院 逗子市 公式サイト
313707925234,こころとからだの診療室　はなこ女性クリニック,1412810562,257-0034,神奈川県,秦野市大秦町１－７　半田ビル３階,,こころとからだの診療室はなこ女性クリニック,CODE,G001995,代表,こころとからだの診療室 はなこ女性クリニック 秦野市 公式サイト
313707809495,逗葉小磯診療所,1412510220,249-0006,神奈川県,逗子市逗子二丁目５番２号　１階,,逗葉小磯診療所,CODE,G001996,代表,逗葉小磯診療所 逗子市 公式サイト
313571677882,長後駅前眼科,1412206449,252-0807,神奈川県,藤沢市下土棚４６７－９山口ビル３Ｆ,,長後駅前眼科,CODE,G001997,代表,長後駅前眼科 藤沢市 公式サイト
313707925233,医療法人社団　小林国際クリニック,1413001989,242-0005,神奈川県,大和市西鶴間３－５－６ハイネスアミティ鶴間２番館１１０号室,,小林国際クリニック,CODE,G001998,代表,医療法人社団 小林国際クリニック 大和市 公式サイト
313707845362,荒井医院,1412203040,251-0053,神奈川県,藤沢市本町２－１２－７,,荒井医院,CODE,G001999,代表,荒井医院 藤沢市 公式サイト
313707845361,愛育病院,1413002458,242-0006,神奈川県,大和市南林間２－１４－１３,,愛育病院,CODE,G002000,代表,愛育病院 大和市 公式サイト
313700818638,よしだみつぎ整形外科クリニック,1412207421,252-0804,神奈川県,藤沢市湘南台３－７－１２湘南台クリニックビル３０２号,,よしだみつぎ整形外科クリニック,CODE,G002001,代表,よしだみつぎ整形外科クリニック 藤沢市 公式サイト
313700711149,林眼科医院,1413003498,242-0003,神奈川県,大和市林間１－６－１１,,林眼科医院,CODE,G002002,代表,林眼科医院 大和市 公式サイト
313663163072,ローズマリークリニック,1411910983,238-0041,神奈川県,横須賀市本町２－１－１２　コースカベイサイドストアーズ５階,,ロズマリクリニック,CODE,G002003,代表,ローズマリークリニック 横須賀市 公式サイト
313587876547,恵泉クリニック,1413010329,242-0024,神奈川県,大和市福田５５１１－２,,恵泉クリニック,CODE,G002004,代表,恵泉クリニック 大和市 公式サイト
313561078465,湘南台はた眼科,1412212728,252-0804,神奈川県,藤沢市湘南台一丁目４番地２　ピノスビル１Ｆ－１,,湘南台はた眼科,CODE,G002005,代表,湘南台はた眼科 藤沢市 公式サイト
313553857242,たなかクリニック,1413003852,242-0028,神奈川県,大和市桜森３－７－１８,,たなかクリニック,CODE,G002006,代表,たなかクリニック 大和市 公式サイト
313504636606,いしぐろ整形外科,1412303766,250-0852,神奈川県,小田原市栢山２６５４－５,,いしぐろ整形外科,CODE,G002007,代表,いしぐろ整形外科 小田原市 公式サイト
313700784828,医療法人　誠翔会　セントジョージクリニック,1412207389,252-0816,神奈川県,藤沢市遠藤６２１５,,誠翔会セントジョジクリニック,CODE,G002008,代表,医療法人 誠翔会 セントジョージクリニック 藤沢市 公式サイト
313700711148,井口耳鼻咽喉科医院,1411911098,239-0831,神奈川県,横須賀市久里浜１－３－１７　鈴栄メディカルビル４階,,井口耳鼻咽喉科医院,CODE,G002009,代表,井口耳鼻咽喉科医院 横須賀市 公式サイト
313700665056,千代田クリニック,1412611119,252-0237,神奈川県,相模原市中央区千代田４－４－１０,,千代田クリニック,CODE,G002010,代表,千代田クリニック 相模原市中央区 公式サイト
313656144604,今岡医院,1412910008,243-0028,神奈川県,厚木市愛甲西３－２－６,,今岡医院,CODE,G002011,代表,今岡医院 厚木市 公式サイト
313571676921,藤沢シティ眼科,1412204212,251-0052,神奈川県,藤沢市藤沢１１５　エフティ－ビル２Ｆ,,藤沢シティ眼科,CODE,G002012,代表,藤沢シティ眼科 藤沢市 公式サイト
313700665055,相模大野駅前　まよなかファミリークリニック,1412612174,252-0303,神奈川県,相模原市南区相模大野８－３－３　センチュリーＫＩビル１０１Ａ,,相模大野駅前まよなかファミリクリニック,CODE,G002013,代表,相模大野駅前 まよなかファミリークリニック 相模原市南区 公式サイト
313656144603,医療法人社団　厚済会　追浜仁正クリニック,1411906122,237-0064,神奈川県,横須賀市追浜町３－１エルシャンテ追浜,,厚済会追浜仁正クリニック,CODE,G002014,代表,医療法人社団 厚済会 追浜仁正クリニック 横須賀市 公式サイト
313553857241,小松循環器科・内科,1412801439,257-0011,神奈川県,秦野市尾尻９３１－７けやきビル２Ｆ,,小松循環器科内科,CODE,G002015,代表,小松循環器科・内科 秦野市 公式サイト
313707845360,さかい内科・胃腸科クリニック,1412104891,248-0005,神奈川県,鎌倉市雪ノ下３－１－３２,,さかい内科胃腸科クリニック,CODE,G002016,代表,さかい内科・胃腸科クリニック 鎌倉市 公式サイト
313707809494,社会医療法人三栄会　中央林間じんクリニック,1413002938,242-0007,神奈川県,大和市中央林間４－１５－２２ＫＴ長谷川ビル３０１号,,三栄会中央林間じんクリニック,CODE,G002017,代表,社会医療法人三栄会 中央林間じんクリニック 大和市 公式サイト
313707809493,医療法人寿康会　相模病院,1412600682,252-0334,神奈川県,相模原市南区若松１－１２－２５,,寿康会相模病院,CODE,G002018,代表,医療法人寿康会 相模病院 相模原市南区 公式サイト
313700818637,あつぎライフケアクリニック,1412910792,243-0004,神奈川県,厚木市水引二丁目７番３８号　コスモビル３階,,あつぎライフケアクリニック,CODE,G002019,代表,あつぎライフケアクリニック 厚木市 公式サイト
313700746977,髙橋内科クリニック,1412206381,251-0035,神奈川県,藤沢市片瀬海岸１－５－５鎌田ビル１Ｆ,,髙橋内科クリニック,CODE,G002020,代表,髙橋内科クリニック 藤沢市 公式サイト
313663163071,中川耳鼻咽喉科・めまいクリニック,1412612208,252-0202,神奈川県,相模原市中央区淵野辺本町４－２５－１９,,中川耳鼻咽喉科めまいクリニック,CODE,G002021,代表,中川耳鼻咽喉科・めまいクリニック 相模原市中央区 公式サイト
313587876546,油壺エデンの園附属診療所,1412700482,238-0224,神奈川県,三浦市三崎町諸磯１５００,,油壺エデンの園附属診療所,CODE,G002022,代表,油壺エデンの園附属診療所 三浦市 公式サイト
313544880829,相模大野南口あおクリニック,1412611531,252-0303,神奈川県,相模原市南区相模大野７－６－８　ＳＫＹビル１Ｆ,,相模大野南口あおクリニック,CODE,G002023,代表,相模大野南口あおクリニック 相模原市南区 公式サイト
313504636605,藤沢みうら耳鼻咽喉科,1412212124,251-0052,神奈川県,藤沢市藤沢５３０番地１０　Ｆ．Ｓ．Ｃビル４０２号室,,藤沢みうら耳鼻咽喉科,CODE,G002024,代表,藤沢みうら耳鼻咽喉科 藤沢市 公式サイト
313707845359,馬堀内科医院,1411910504,239-0801,神奈川県,横須賀市馬堀海岸２－２６－８,,馬堀内科医院,CODE,G002025,代表,馬堀内科医院 横須賀市 公式サイト
313700818636,ひまわりレディース＆マタニティクリニック,1412004026,254-0014,神奈川県,平塚市四之宮２－１１－３０,,ひまわりレディス&マタニティクリニック,CODE,G002026,代表,ひまわりレディース&マタニティクリニック 平塚市 公式サイト
313700746976,菊池内科クリニック,1412002715,254-0018,神奈川県,平塚市東真土４－１９－１,,菊池内科クリニック,CODE,G002027,代表,菊池内科クリニック 平塚市 公式サイト
313656144602,中央メンタルクリニック,1411911486,238-0008,神奈川県,横須賀市大滝町２－１１八島ビル３階,,中央メンタルクリニック,CODE,G002028,代表,中央メンタルクリニック 横須賀市 公式サイト
313587876545,藤沢在宅クリニック,1412210508,251-0055,神奈川県,藤沢市南藤沢１７－１６　秋山ビルⅡ　２Ｆ２０１,,藤沢在宅クリニック,CODE,G002029,代表,藤沢在宅クリニック 藤沢市 公式サイト
313571676920,原田クリニック,1412606549,252-0206,神奈川県,相模原市中央区淵野辺３－１１－１７エーワンビル１０１,,原田クリニック,CODE,G002030,代表,原田クリニック 相模原市中央区 公式サイト
313553857240,医療法人社団　健伸会　すずらんクリニック,1413003654,242-0016,神奈川県,大和市大和南２－５－６,,健伸会すずらんクリニック,CODE,G002031,代表,医療法人社団 健伸会 すずらんクリニック 大和市 公式サイト
313707809492,大和レディース・クリニック,1413002029,242-0021,神奈川県,大和市中央２－１３－２７グレイス大和１０１,,大和レディスクリニック,CODE,G002032,代表,大和レディース・クリニック 大和市 公式サイト
313504636604,湘南茅ヶ崎ＡＲＴレディースクリニック,1412410710,253-0062,神奈川県,茅ヶ崎市浜見平１０番２号　ブランチ茅ケ崎３　２Ｆ　Ｇ２０４２区画、Ｇ２０４３区画,,湘南茅ヶ崎artレディスクリニック,CODE,G002033,代表,湘南茅ヶ崎ARTレディースクリニック 茅ヶ崎市浜見平10番2号 ブランチ茅ケ崎3 2F G2042区 公式サイト
313700711147,湘南藤沢こころのクリニック,1412211068,251-0052,神奈川県,藤沢市藤沢１０１５－１４　リヴレ藤沢５Ｆ,,湘南藤沢こころのクリニック,CODE,G002034,代表,湘南藤沢こころのクリニック 藤沢市 公式サイト
313707925232,大塚内科医院,1412606085,252-0215,神奈川県,相模原市中央区氷川町１３－１,,大塚内科医院,CODE,G002035,代表,大塚内科医院 相模原市中央区 公式サイト
313707875063,てるて産科クリニック,1412610269,252-0241,神奈川県,相模原市中央区横山台１－４－１,,てるて産科クリニック,CODE,G002036,代表,てるて産科クリニック 相模原市中央区 公式サイト
313700818635,こじま脳神経外科クリニック,1412010452,254-0042,神奈川県,平塚市明石町１－２３　平塚明石ビル４Ｆ,,こじま脳神経外科クリニック,CODE,G002037,代表,こじま脳神経外科クリニック 平塚市 公式サイト
313561078464,医療法人社団さんりつ会　そうわ上溝南クリニック,1412612257,252-0243,神奈川県,相模原市中央区上溝４３　山紀ビル５階,,さんりつ会そうわ上溝南クリニック,CODE,G002038,代表,医療法人社団さんりつ会 そうわ上溝南クリニック 相模原市中央区 公式サイト
313553857239,医療法人社団　久明会　相模中央クリニック,1412607117,252-0239,神奈川県,相模原市中央区中央６－９－２３,,久明会相模中央クリニック,CODE,G002039,代表,医療法人社団 久明会 相模中央クリニック 相模原市中央区 公式サイト
313700665054,梅の在宅クリニック,1415610647,215-0035,神奈川県,川崎市麻生区黒川８５－１,,梅の在宅クリニック,CODE,G002040,代表,梅の在宅クリニック 川崎市麻生区 公式サイト
313587876544,ミオ医院,1412603710,252-0321,神奈川県,相模原市南区相模台２－１６－２１,,ミオ医院,CODE,G002041,代表,ミオ医院 相模原市南区 公式サイト
313544880828,山田クリニック,1412606770,252-0231,神奈川県,相模原市中央区相模原３－１２－９パーシモンビル１Ｆ,,山田クリニック,CODE,G002042,代表,山田クリニック 相模原市中央区 公式サイト
313544880827,百合ヶ丘水野クリニック,1415602008,215-0011,神奈川県,川崎市麻生区百合丘１－１６－２２,,百合ヶ丘水野クリニック,CODE,G002043,代表,百合ヶ丘水野クリニック 川崎市麻生区 公式サイト
313700665053,五十嵐レディースクリニック,1415411053,214-0036,神奈川県,川崎市多摩区南生田四丁目６番６号　南生田医療モール１Ｆ,,五十嵐レディスクリニック,CODE,G002044,代表,五十嵐レディースクリニック 川崎市多摩区 公式サイト
313504636603,藤木内科医院,1415600747,215-0013,神奈川県,川崎市麻生区王禅寺東１－９－３,,藤木内科医院,CODE,G002045,代表,藤木内科医院 川崎市麻生区 公式サイト
313700665052,宮前平内科クリニック,1415510052,216-0006,神奈川県,川崎市宮前区宮前平２－１５－２第二マルテイビル,,宮前平内科クリニック,CODE,G002046,代表,宮前平内科クリニック 川崎市宮前区 公式サイト
313561078463,渡部産婦人科医院,1415301924,213-0026,神奈川県,川崎市高津区久末１９３３,,渡部産婦人科医院,CODE,G002047,代表,渡部産婦人科医院 川崎市高津区 公式サイト
313707845358,稲田堤メンタルクリニック,1415410113,214-0003,神奈川県,川崎市多摩区菅稲田堤１－１７－２８－２０４,,稲田堤メンタルクリニック,CODE,G002048,代表,稲田堤メンタルクリニック 川崎市多摩区 公式サイト
313707809491,たちばな耳鼻咽喉科,1415410253,214-0014,神奈川県,川崎市多摩区登戸２１３０－２　アトラスタワー向ヶ丘遊園２０７,,たちばな耳鼻咽喉科,CODE,G002049,代表,たちばな耳鼻咽喉科 川崎市多摩区 公式サイト
313707809490,武蔵小杉こころみクリニック・内科・心療内科・精神科,1415211271,211-0063,神奈川県,川崎市中原区小杉町三丁目１５０１番地１　セントア武蔵小杉Ａ棟２０３号室,,武蔵小杉こころみクリニック内科心療内科精神科,CODE,G002050,代表,武蔵小杉こころみクリニック・内科・心療内科・精神科 川崎市中原区 公式サイト
313553857238,たけお眼科,1415110101,212-0058,神奈川県,川崎市幸区鹿島田１－１－３新川崎スクエア３Ｆ,,たけお眼科,CODE,G002051,代表,たけお眼科 川崎市幸区 公式サイト
313707875062,武蔵新城駅前皮膚科,1415210265,211-0045,神奈川県,川崎市中原区上新城２－１１－２９　武蔵新城メディカルビル３Ｆ,,武蔵新城駅前皮膚科,CODE,G002052,代表,武蔵新城駅前皮膚科 川崎市中原区 公式サイト
313707845357,Ｎａｏ　Ｗｏｍｅｎ’ｓ　Ｃｌｉｎｉｃ,1415211370,211-0005,神奈川県,川崎市中原区新丸子町７４１　Ｈ－ｍｏｌｌ　１階,,naowomensclinic,CODE,G002053,代表,Nao Women’s Clinic 川崎市中原区 公式サイト
313587876543,春原内科クリニック,1415202973,211-0044,神奈川県,川崎市中原区新城３－２－１３ラ・ビスタビル２Ｆ,,春原内科クリニック,CODE,G002054,代表,春原内科クリニック 川崎市中原区 公式サイト
313707809489,よこせ耳鼻咽喉科クリニック,1415201835,211-0025,神奈川県,川崎市中原区木月２－１６－６,,よこせ耳鼻咽喉科クリニック,CODE,G002055,代表,よこせ耳鼻咽喉科クリニック 川崎市中原区 公式サイト
313707845356,松山整形外科,1415110721,212-0053,神奈川県,川崎市幸区下平間３４１－２,,松山整形外科,CODE,G002056,代表,松山整形外科 川崎市幸区 公式サイト
313553857237,医療法人育柿会　おぐら皮フ科クリニック,1415110002,212-0054,神奈川県,川崎市幸区小倉５－１９－２３クロスガーデン川崎２１０,,育柿会おぐら皮フ科クリニック,CODE,G002057,代表,医療法人育柿会 おぐら皮フ科クリニック 川崎市幸区 公式サイト
313587876542,グッドライフクリニック,1413810322,224-0003,神奈川県,横浜市都筑区中川中央１－３９－４４－２０３,,グッドライフクリニック,CODE,G002058,代表,グッドライフクリニック 横浜市都筑区 公式サイト
313700818634,松井クリニック,1413801453,224-0034,神奈川県,横浜市都筑区勝田町３２４－３,,松井クリニック,CODE,G002059,代表,松井クリニック 横浜市都筑区 公式サイト
313561078462,田﨑医院,1413800372,224-0035,神奈川県,横浜市都筑区新栄町１４－１,,田﨑医院,CODE,G002060,代表,田﨑医院 横浜市都筑区 公式サイト
313587876541,医療法人社団藤の会　藤が丘耳鼻咽喉科,1413710571,227-0043,神奈川県,横浜市青葉区藤が丘２－６－９－１Ｆ,,藤の会藤が丘耳鼻咽喉科,CODE,G002061,代表,医療法人社団藤の会 藤が丘耳鼻咽喉科 横浜市青葉区 公式サイト
313707925231,はまだこどもクリニック,1413710134,225-0003,神奈川県,横浜市青葉区新石川３－１５－９,,はまだこどもクリニック,CODE,G002062,代表,はまだこどもクリニック 横浜市青葉区 公式サイト
313707845355,おぐら耳鼻咽喉科,1413501327,247-0006,神奈川県,横浜市栄区笠間４－１１－６　グランフォレスト１－Ａ,,おぐら耳鼻咽喉科,CODE,G002063,代表,おぐら耳鼻咽喉科 横浜市栄区 公式サイト
313587876540,徳岡クリニック,1413703618,225-0013,神奈川県,横浜市青葉区荏田町４７７,,徳岡クリニック,CODE,G002064,代表,徳岡クリニック 横浜市青葉区 公式サイト
313571676919,にしいクリニック,1413610201,245-0008,神奈川県,横浜市泉区弥生台２０－２４,,にしいクリニック,CODE,G002065,代表,にしいクリニック 横浜市泉区 公式サイト
313707809488,ルーエ・メンタルクリニック,1413600855,245-0003,神奈川県,横浜市泉区岡津町５９７－７,,ルエメンタルクリニック,CODE,G002066,代表,ルーエ・メンタルクリニック 横浜市泉区 公式サイト
313700784827,岩谷産婦人科医院,1413703204,227-0062,神奈川県,横浜市青葉区青葉台１－１３－１１,,岩谷産婦人科医院,CODE,G002067,代表,岩谷産婦人科医院 横浜市青葉区 公式サイト
313700746975,郷診療所,1413501392,247-0034,神奈川県,横浜市栄区桂台中２－１,,郷診療所,CODE,G002068,代表,郷診療所 横浜市栄区 公式サイト
313656144601,横浜泉レディースクリニック,1413601796,245-0013,神奈川県,横浜市泉区中田東３－１６－６アクアパレス中田１Ｆ,,横浜泉レディスクリニック,CODE,G002069,代表,横浜泉レディースクリニック 横浜市泉区 公式サイト
313707925230,中西眼科,1413306602,226-0025,神奈川県,横浜市緑区十日市場町８１９－１２,,中西眼科,CODE,G002070,代表,中西眼科 横浜市緑区 公式サイト
313700711146,緑園皮膚科クリニック,1413600624,245-0002,神奈川県,横浜市泉区緑園６－２－２,,緑園皮膚科クリニック,CODE,G002071,代表,緑園皮膚科クリニック 横浜市泉区 公式サイト
313663163070,みよしクリニック,1413306701,226-0003,神奈川県,横浜市緑区鴨居３－１－６鴨居岩間ビル１Ｆ,,みよしクリニック,CODE,G002072,代表,みよしクリニック 横浜市緑区 公式サイト
313544880826,医療法人社団　田中整形外科医院,1413500683,247-0005,神奈川県,横浜市栄区桂町７０１－３初穂マンション本郷台１０１,,田中整形外科医院,CODE,G002073,代表,医療法人社団 田中整形外科医院 横浜市栄区 公式サイト
313707809487,かもい眼科,1413310091,226-0003,神奈川県,横浜市緑区鴨居４－２－３１鴨居駅前ビル１Ｆ　Ｆ号室,,かもい眼科,CODE,G002074,代表,かもい眼科 横浜市緑区 公式サイト
313700746974,長津田健診・透析クリニック,1413310851,226-0027,神奈川県,横浜市緑区長津田四丁目２３番１号,,長津田健診透析クリニック,CODE,G002075,代表,長津田健診・透析クリニック 横浜市緑区 公式サイト
313553857236,まる在宅クリニック,1413310893,226-0023,神奈川県,横浜市緑区小山町６６０番地４６　リヴェール中山１０１号室,,まる在宅クリニック,CODE,G002076,代表,まる在宅クリニック 横浜市緑区 公式サイト
313544879865,みどり中山在宅クリニック,1413310737,226-0029,神奈川県,横浜市緑区森の台２６－５,,みどり中山在宅クリニック,CODE,G002077,代表,みどり中山在宅クリニック 横浜市緑区 公式サイト
313504636602,中山北口眼科,1413306172,226-0019,神奈川県,横浜市緑区中山１－６－１ミヨシズシードビル５０２,,中山北口眼科,CODE,G002078,代表,中山北口眼科 横浜市緑区 公式サイト
313663163069,ふたば心のクリニック,1413306594,226-0025,神奈川県,横浜市緑区十日市場町８１９－１２,,ふたば心のクリニック,CODE,G002079,代表,ふたば心のクリニック 横浜市緑区 公式サイト
313561078461,医療法人社団湘仁会　鴨居おかだ眼科,1413310257,226-0003,神奈川県,横浜市緑区鴨居３－１－４　鴨居ユニオンビル４Ｆ,,湘仁会鴨居おかだ眼科,CODE,G002080,代表,医療法人社団湘仁会 鴨居おかだ眼科 横浜市緑区 公式サイト
313707925229,医療法人社団明芳会　イムス横浜旭リハビリテーション病院,1413210762,241-0801,神奈川県,横浜市旭区若葉台３－１２－１,,明芳会イムス横浜旭リハビリテション病院,CODE,G002081,代表,医療法人社団明芳会 イムス横浜旭リハビリテーション病院 横浜市旭区 公式サイト
313656144600,南まきがはら眼科,1413210143,241-0835,神奈川県,横浜市旭区柏町１２７　相鉄ライフ南まきが原１Ｆ,,南まきがはら眼科,CODE,G002082,代表,南まきがはら眼科 横浜市旭区 公式サイト
313707875061,スクエア眼科,1413110210,233-0002,神奈川県,横浜市港南区上大岡西１－１８－３　ｍｉｏｋａリストガーデンスクエア７Ｆ,,スクエア眼科,CODE,G002083,代表,スクエア眼科 横浜市港南区 公式サイト
313707875060,横浜鶴ヶ峰病院付属予防医療クリニック,1413204575,241-0022,神奈川県,横浜市旭区鶴ヶ峰２－８２－１ココロット鶴ヶ峰５Ｆ,,横浜鶴ヶ峰病院付属予防医療クリニック,CODE,G002084,代表,横浜鶴ヶ峰病院付属予防医療クリニック 横浜市旭区 公式サイト
313707845354,あさひの丘病院,1413200151,241-0803,神奈川県,横浜市旭区川井本町１２８－１,,あさひの丘病院,CODE,G002085,代表,あさひの丘病院 横浜市旭区 公式サイト
313700665051,けいら眼科クリニック,1413111051,233-0013,神奈川県,横浜市港南区丸山台一丁目５番７号　上永谷医療ビル３階,,けいら眼科クリニック,CODE,G002086,代表,けいら眼科クリニック 横浜市港南区 公式サイト
313553857235,下斗米医院,1413110152,234-0055,神奈川県,横浜市港南区日野南６－４４－２２,,下斗米医院,CODE,G002087,代表,下斗米医院 横浜市港南区 公式サイト
313700665050,吉原整形外科,1411004589,245-0062,神奈川県,横浜市戸塚区汲沢町４７１－３,,吉原整形外科,CODE,G002088,代表,吉原整形外科 横浜市戸塚区 公式サイト
313571676918,東條ウイメンズホスピタル,1413105673,233-0013,神奈川県,横浜市港南区丸山台２－３４－７,,東條ウイメンズホスピタル,CODE,G002089,代表,東條ウイメンズホスピタル 横浜市港南区 公式サイト
313504635641,医療法人睦会　岡部内科医院,1411010917,244-0813,神奈川県,横浜市戸塚区舞岡町３３番地,,睦会岡部内科医院,CODE,G002090,代表,医療法人睦会 岡部内科医院 横浜市戸塚区 公式サイト
313656144599,医療法人社団慈友会　山田内科,1410911149,222-0033,神奈川県,横浜市港北区新横浜２－２－３　新横浜第１竹生ビル４Ｆ,,慈友会山田内科,CODE,G002091,代表,医療法人社団慈友会 山田内科 横浜市港北区 公式サイト
313544879864,マスダクリニック　形成外科・皮フ科,1410910935,223-0053,神奈川県,横浜市港北区綱島西３－２－２０　綱島別所プラザ２Ｆ,,マスダクリニック形成外科皮フ科,CODE,G002092,代表,マスダクリニック 形成外科・皮フ科 横浜市港北区 公式サイト
313707925228,椎橋医院,1410904953,222-0032,神奈川県,横浜市港北区大豆戸町２００菊名レジデンシアプラザ１０１,,椎橋医院,CODE,G002093,代表,椎橋医院 横浜市港北区 公式サイト
313700784826,ノア皮フ科クリニック,1410907717,222-0037,神奈川県,横浜市港北区大倉山３－１－３　大和地所大倉山駅前ビル３－Ｂ・Ｃ,,ノア皮フ科クリニック,CODE,G002094,代表,ノア皮フ科クリニック 横浜市港北区 公式サイト
313656144598,八景駅前眼科,1410810416,236-0027,神奈川県,横浜市金沢区瀬戸１５－１　ウィングキッチン金沢八景２階,,八景駅前眼科,CODE,G002095,代表,八景駅前眼科 横浜市金沢区 公式サイト
313656144597,高見澤クリニック,1410904698,223-0062,神奈川県,横浜市港北区日吉本町１－２３－５高見沢ビル２ＦＢ,,高見澤クリニック,CODE,G002096,代表,高見澤クリニック 横浜市港北区 公式サイト
313700783865,稲村クリニック,1410802512,236-0004,神奈川県,横浜市金沢区福浦２－６－５,,稲村クリニック,CODE,G002097,代表,稲村クリニック 横浜市金沢区 公式サイト
313700783864,みやかわ眼科,1410802249,236-0042,神奈川県,横浜市金沢区釜利谷東２－２０－９クリニックビル３Ｆ,,みやかわ眼科,CODE,G002098,代表,みやかわ眼科 横浜市金沢区 公式サイト
313700818632,横浜権太坂中央クリニック,1410610642,240-0026,神奈川県,横浜市保土ケ谷区権太坂三丁目８番１６号　ロピア権太坂店２階,,横浜権太坂中央クリニック,CODE,G002099,代表,横浜権太坂中央クリニック 横浜市保土ケ谷区 公式サイト
313700711145,パークサイド柴田メンタルクリニック,1410405761,231-0023,神奈川県,横浜市中区山下町２５上田ビル２Ｆ,,パクサイド柴田メンタルクリニック,CODE,G002100,代表,パークサイド柴田メンタルクリニック 横浜市中区 公式サイト
313553857234,あらいクリニック,1410610105,240-0023,神奈川県,横浜市保土ケ谷区岩井町１２３－２　保土ヶ谷駅前ハイツ２号棟１０２,,あらいクリニック,CODE,G002101,代表,あらいクリニック 横浜市保土ケ谷区 公式サイト
313700711144,石川町内科クリニック,1410411769,231-0025,神奈川県,横浜市中区松影町１丁目３番地７　ロックヒルズⅧ３階,,石川町内科クリニック,CODE,G002102,代表,石川町内科クリニック 横浜市中区 公式サイト
313707875059,元町セントラルクリニック,1410406488,231-0861,神奈川県,横浜市中区元町４－１６８　元町第２ビル５Ｆ,,元町セントラルクリニック,CODE,G002103,代表,元町セントラルクリニック 横浜市中区 公式サイト
313587876538,医療法人社団メディカルフェニックス　メディカルスキャニング関内,1410411728,231-0016,神奈川県,横浜市中区真砂町３丁目２８番地　柳下ビルディング４階,,メディカルフェニックスメディカルスキャニング関内,CODE,G002104,代表,医療法人社団メディカルフェニックス メディカルスキャニング関内 横浜市中区 公式サイト
313700746972,横浜東口　中村クリニック,1410310300,220-0023,神奈川県,横浜市西区平沼１－２－２３　中村ビル１Ｆ,,横浜東口中村クリニック,CODE,G002105,代表,横浜東口 中村クリニック 横浜市西区 公式サイト
313587876539,横浜相鉄ビル皮膚泌尿器科医院,1410303388,220-0004,神奈川県,横浜市西区北幸１－１１－５相鉄ＫＳビル２Ｆ,,横浜相鉄ビル皮膚泌尿器科医院,CODE,G002106,代表,横浜相鉄ビル皮膚泌尿器科医院 横浜市西区 公式サイト
313571676917,医療法人社団　敬和会　平松整形外科クリニック,1410404780,231-0035,神奈川県,横浜市中区千歳町１－２横浜ＴＨビル１０１,,敬和会平松整形外科クリニック,CODE,G002107,代表,医療法人社団 敬和会 平松整形外科クリニック 横浜市中区 公式サイト
313707925227,消化器内科　横浜むらきクリニック,1410210047,221-0835,神奈川県,横浜市神奈川区鶴屋町２－２６－４第３安田ビル１Ｆ,,消化器内科横浜むらきクリニック,CODE,G002108,代表,消化器内科 横浜むらきクリニック 横浜市神奈川区 公式サイト
313707925226,医療法人こかげ　ねむの木訪問クリニック,,221-0834,神奈川県,横浜市神奈川区台町１４番地１５　栄ビル４階,,こかげねむの木訪問クリニック,ZIP+NAME,G002109,代表,医療法人こかげ ねむの木訪問クリニック 横浜市神奈川区 公式サイト
313707875058,なかきどクリニック,1410203992,221-0046,神奈川県,横浜市神奈川区神奈川本町１０－４－１０１,,なかきどクリニック,CODE,G002110,代表,なかきどクリニック 横浜市神奈川区 公式サイト
313700746971,公益財団法人神奈川県予防医学協会　ウェルポートみらい,1410311092,220-0012,神奈川県,横浜市西区みなとみらい三丁目３番３号　横浜コネクトスクエア４階,,神奈川県予防医学協会ウェルポトみらい,CODE,G002111,代表,公益財団法人神奈川県予防医学協会 ウェルポートみらい 横浜市西区 公式サイト
313700746970,横浜東口クリニック,1410302711,220-0011,神奈川県,横浜市西区高島２－１９－１２スカイビル１７Ｆ,,横浜東口クリニック,CODE,G002112,代表,横浜東口クリニック 横浜市西区 公式サイト
313700665049,三ッ沢整形外科,1410203307,221-0852,神奈川県,横浜市神奈川区三ッ沢下町１１－６,,三ッ沢整形外科,CODE,G002113,代表,三ッ沢整形外科 横浜市神奈川区 公式サイト
313561078460,おのだ皮膚科,1410310169,220-0073,神奈川県,横浜市西区岡野２－５－１８　２Ｆ,,おのだ皮膚科,CODE,G002114,代表,おのだ皮膚科 横浜市西区 公式サイト
313553857233,石井整形外科,1410204404,221-0822,神奈川県,横浜市神奈川区西神奈川１－１３－１２西神奈川アーバンビル２Ｆ,,石井整形外科,CODE,G002115,代表,石井整形外科 横浜市神奈川区 公式サイト
313553857232,おおぐり医院,1410203869,221-0061,神奈川県,横浜市神奈川区七島町１２７－９,,おおぐり医院,CODE,G002116,代表,おおぐり医院 横浜市神奈川区 公式サイト
313587875577,みどりレディースクリニック横浜,1410210492,221-0842,神奈川県,横浜市神奈川区泉町２－４　ＹＡＯＫＡＮ　ＣＬＩＮＩＣ　ＢＬＤＧ．５階,,みどりレディスクリニック横浜,CODE,G002117,代表,みどりレディースクリニック横浜 横浜市神奈川区 公式サイト
313553857231,公益財団法人紫雲会　横浜病院,1410200063,221-0801,神奈川県,横浜市神奈川区神大寺３－１－１２,,紫雲会横浜病院,CODE,G002118,代表,公益財団法人紫雲会 横浜病院 横浜市神奈川区 公式サイト
313707925225,医療法人社団　時正会　佐々健康管理クリニック,1315421987,188-0011,東京都,西東京市田無町四丁目１５番１２号　ＯＮＥ　ＦＯＲ　ＡＬＬ西東京３階,,時正会佐々健康管理クリニック,CODE,G002119,代表,医療法人社団 時正会 佐々健康管理クリニック 西東京市 公式サイト
313707845353,廣川クリニック,1315421623,202-0012,東京都,西東京市東町四丁目８番２８号　ＪＵＮ西東京市１０１,,廣川クリニック,CODE,G002120,代表,廣川クリニック 西東京市 公式サイト
313656144596,医療法人社団養心会　鶴見西井病院,1410102657,230-0074,神奈川県,横浜市鶴見区北寺尾３－３－１,,養心会鶴見西井病院,CODE,G002121,代表,医療法人社団養心会 鶴見西井病院 横浜市鶴見区 公式サイト
313504635640,坂本クリニック,1410104158,230-0052,神奈川県,横浜市鶴見区生麦５－６－２ネオマイムステーションスクエア１０２,,坂本クリニック,CODE,G002122,代表,坂本クリニック 横浜市鶴見区 公式サイト
313707875057,小菅医院,1410110155,230-0012,神奈川県,横浜市鶴見区下末吉１－２１－２２　１Ｆ,,小菅医院,CODE,G002123,代表,小菅医院 横浜市鶴見区 公式サイト
313663163068,川端こどもクリニック,1410104547,230-0052,神奈川県,横浜市鶴見区生麦５－２１－１６,,川端こどもクリニック,CODE,G002124,代表,川端こどもクリニック 横浜市鶴見区 公式サイト
313663163067,医療法人社団　古賀クリニック,1410103697,230-0076,神奈川県,横浜市鶴見区馬場７－３０－１,,古賀クリニック,CODE,G002125,代表,医療法人社団 古賀クリニック 横浜市鶴見区 公式サイト
313700783863,医療法人社団　明理会　田無皮フ科コンタニクリニック,1315421482,188-0011,東京都,西東京市田無町四丁目２８番１３号　おんべビル２・３階,,明理会田無皮フ科コンタニクリニック,CODE,G002126,代表,医療法人社団 明理会 田無皮フ科コンタニクリニック 西東京市 公式サイト
313700711143,医療法人社団　昂星会　多摩ゆうあいクリニック,1315022611,206-0034,東京都,多摩市鶴牧一丁目１番地１４　コージィーコート１階,,昂星会多摩ゆうあいクリニック,CODE,G002127,代表,医療法人社団 昂星会 多摩ゆうあいクリニック 多摩市 公式サイト
313700665048,医療法人社団　真胤会　馬場内科クリニック,1312422053,190-0181,東京都,西多摩郡日の出町大久野１０６２番地１　１階,,真胤会馬場内科クリニック,CODE,G002128,代表,医療法人社団 真胤会 馬場内科クリニック 西多摩郡日の出町 公式サイト
313700665047,かえで通り耳鼻科,1315421870,202-0013,東京都,西東京市中町４－８－２１　アル・ソーレ１階,,かえで通り耳鼻科,CODE,G002129,代表,かえで通り耳鼻科 西東京市 公式サイト
313571676916,医療法人社団　秀邦会　せいせき内科,1315022827,206-0011,東京都,東京都多摩市関戸二丁目３９番地１２　桜ケ丘ＮＫビル１階,,秀邦会せいせき内科,CODE,G002130,代表,医療法人社団 秀邦会 せいせき内科 東京都多摩市 公式サイト
313544879863,出川眼科,1315120910,206-0802,東京都,稲城市東長沼８００番地１,,出川眼科,CODE,G002131,代表,出川眼科 稲城市 公式サイト
313700818631,医療法人社団　光輝会　ひかりクリニック,1314421350,197-0022,東京都,福生市本町９５番地３　メディケア９５３－２階、３階、４階、５階,,光輝会ひかりクリニック,CODE,G002132,代表,医療法人社団 光輝会 ひかりクリニック 福生市 公式サイト
313700818630,医療法人社団　翔和仁誠会　若葉台みらいクリニック,1315121074,206-0822,東京都,稲城市坂浜四丁目２５番地の１　ＳＯＣＯＬＡ若葉台３１３号,,翔和仁誠会若葉台みらいクリニック,CODE,G002133,代表,医療法人社団 翔和仁誠会 若葉台みらいクリニック 稲城市 公式サイト
313561078459,医療法人社団　矢野口クリニック,1315120431,206-0812,東京都,稲城市矢野口３８０番地２　１０１号,,矢野口クリニック,CODE,G002134,代表,医療法人社団 矢野口クリニック 稲城市 公式サイト
313544879862,医療法人社団　敬生会　なかじょう内科,1315421144,202-0005,東京都,西東京市住吉町三丁目９番８号　ひばりヶ丘メディカルプラザ２階,,敬生会なかじょう内科,CODE,G002135,代表,医療法人社団 敬生会 なかじょう内科 西東京市 公式サイト
313587875576,医療法人社団　昭美会　新城医院,1314620704,207-0023,東京都,東大和市上北台三丁目４４６番地１５,,昭美会新城医院,CODE,G002136,代表,医療法人社団 昭美会 新城医院 東大和市 公式サイト
313707845352,東久留米こころのクリニック,1314821831,203-0053,東京都,東久留米市本町１－３－５　大森ビル２階,,東久留米こころのクリニック,CODE,G002137,代表,東久留米こころのクリニック 東久留米市 公式サイト
313707845351,清瀬元町しいのクリニック,1314720959,204-0021,東京都,清瀬市元町一丁目８番１９号　アーク清瀬１階,,清瀬元町しいのクリニック,CODE,G002138,代表,清瀬元町しいのクリニック 清瀬市 公式サイト
313587875575,喜多見駅前内科クリニック,1314521340,201-0004,東京都,狛江市岩戸北二丁目１９番１３号　ＡＸＩＡ　ＫＩＴＡＭＩ１０２,,喜多見駅前内科クリニック,CODE,G002139,代表,喜多見駅前内科クリニック 狛江市 公式サイト
313504635639,多摩心療クリニック,1315022348,206-0033,東京都,多摩市落合一丁目９番地９　多摩クレイドゥルビル２Ａ,,多摩心療クリニック,CODE,G002140,代表,多摩心療クリニック 多摩市 公式サイト
313553857230,国立市医師会休日診療所,1313420791,186-0003,東京都,国立市富士見台三丁目１６番地６,,国立市医師会休日診療所,CODE,G002141,代表,国立市医師会休日診療所 国立市 公式サイト
313700665046,国分寺在宅ケアクリニック,1313122926,185-0012,東京都,国分寺市本町四丁目１３番１２号　第五荒田ビル３１０,,国分寺在宅ケアクリニック,CODE,G002142,代表,国分寺在宅ケアクリニック 国分寺市 公式サイト
313707925224,マシュマロこどもクリニック,1313122496,185-0003,東京都,国分寺市戸倉四丁目４５番５号　Ｋエリタージュ,,マシュマロこどもクリニック,CODE,G002143,代表,マシュマロこどもクリニック 国分寺市 公式サイト
313700818629,医療法人社団　徹緑会　井上クリニック,1313522679,191-0031,東京都,日野市高幡１４５番地　岡崎ビル２０１号室,,徹緑会井上クリニック,CODE,G002144,代表,医療法人社団 徹緑会 井上クリニック 日野市 公式サイト
313571676915,花小金井きのしたクリニック,1314323697,187-0003,東京都,小平市花小金井南町一丁目１５番２９号,,花小金井きのしたクリニック,CODE,G002145,代表,花小金井きのしたクリニック 小平市 公式サイト
313707845350,原田内科クリニック,1314323879,187-0031,東京都,小平市小川東町４番地３　萩山団地１号棟１１０,,原田内科クリニック,CODE,G002146,代表,原田内科クリニック 小平市 公式サイト
313587875574,社会福祉法人　多摩済生医療団　多摩済生病院,1314314274,187-0041,東京都,小平市美園町三丁目１１番１号,,多摩済生医療団多摩済生病院,CODE,G002147,代表,社会福祉法人 多摩済生医療団 多摩済生病院 小平市 公式サイト
313700818628,こがねい耳鼻咽喉科クリニック,1314122842,184-0004,東京都,小金井市本町一丁目１８番３号　ユニーブル武蔵小金井スイート３階３０１号室,,こがねい耳鼻咽喉科クリニック,CODE,G002148,代表,こがねい耳鼻咽喉科クリニック 小金井市 公式サイト
313656144595,ひがこ北口内科クリニック,1314123287,184-0002,東京都,小金井市梶野町五丁目１１番１号　パピスプラザアネックス１階・２階,,ひがこ北口内科クリニック,CODE,G002149,代表,ひがこ北口内科クリニック 小金井市 公式サイト
313553857229,染地三丁目クリニック,1314225991,182-0023,東京都,調布市染地３－１－４３５,,染地三丁目クリニック,CODE,G002150,代表,染地三丁目クリニック 調布市 公式サイト
313707875056,土田医院,1312821916,198-0004,東京都,青梅市根ヶ布二丁目１３７０番地３７,,土田医院,CODE,G002151,代表,土田医院 青梅市 公式サイト
313707809486,医療法人社団　絢雄会　フォレスト呼吸器内科クリニック町田,1313228467,194-0013,東京都,町田市原町田六丁目２８番１５号　クロノス町田１階,,絢雄会フォレスト呼吸器内科クリニック町田,CODE,G002152,代表,医療法人社団 絢雄会 フォレスト呼吸器内科クリニック町田 町田市 公式サイト
313663163066,医療法人社団　ＪＳＩ　昭島整形外科,1314021952,196-0015,東京都,昭島市昭和町五丁目１５番１１号,,jsi昭島整形外科,CODE,G002153,代表,医療法人社団 JSI 昭島整形外科 昭島市 公式サイト
313587875573,さんりつ在宅クリニック町田,1313229358,194-0013,東京都,町田市原町田四丁目１７番１０号　アンセスターズＮ－１－６階,,さんりつ在宅クリニック町田,CODE,G002154,代表,さんりつ在宅クリニック町田 町田市 公式サイト
313587875572,医療法人社団　天恵会　敬愛クリニック,1313228152,194-0035,東京都,町田市忠生四丁目５番１０号　ウエルストンアネックス１階,,天恵会敬愛クリニック,CODE,G002155,代表,医療法人社団 天恵会 敬愛クリニック 町田市 公式サイト
313707925223,医療法人社団ながせ腎泌尿器科・外科　ながせ腎泌尿器科・外科,1314225512,182-0026,東京都,調布市小島町一丁目１４番地３　ヒューリック調布２階Ｅ,,ながせ腎泌尿器科外科ながせ腎泌尿器科外科,CODE,G002156,代表,医療法人社団ながせ腎泌尿器科・外科 ながせ腎泌尿器科・外科 調布市 公式サイト
313700818627,医療法人社団　緒方会　緒方医院,1314223186,182-0036,東京都,調布市飛田給二丁目２番地１２,,緒方会緒方医院,CODE,G002157,代表,医療法人社団 緒方会 緒方医院 調布市 公式サイト
313700711142,Ｄｒ．はん診療所,1313227121,194-0203,東京都,町田市図師町１７８２番地　吉野ビル１階,,drはん診療所,CODE,G002158,代表,Dr.はん診療所 町田市 公式サイト
313707875054,医療法人財団　良心会　青梅成木台病院,1312870798,198-0001,東京都,青梅市成木一丁目４４７番地,,良心会青梅成木台病院,CODE,G002159,代表,医療法人財団 良心会 青梅成木台病院 青梅市 公式サイト
313700818626,平山眼科医院,1313822137,183-0023,東京都,府中市宮町一丁目２０番地１９　大津ビル２階,,平山眼科医院,CODE,G002160,代表,平山眼科医院 府中市 公式サイト
313571676914,医療法人社団Ｑｍｅｄｉｃ　久米医院,1313823820,183-0015,東京都,府中市清水が丘二丁目３番地２６　２階,,qmedic久米医院,CODE,G002161,代表,医療法人社団Qmedic 久米医院 府中市 公式サイト
313553857228,医療法人社団　スタート　府中よつやクリニック,1313823960,183-0035,東京都,府中市四谷三丁目３７番地１４,,スタト府中よつやクリニック,CODE,G002162,代表,医療法人社団 スタート 府中よつやクリニック 府中市 公式サイト
313707809485,こみ内科クリニック,1312822492,198-0036,東京都,青梅市河辺町十丁目７番地の１,,こみ内科クリニック,CODE,G002163,代表,こみ内科クリニック 青梅市 公式サイト
313561078458,府中わかばクリニック,1313825494,183-0055,東京都,府中市府中町二丁目２２番地６　グレースコート府中　１階,,府中わかばクリニック,CODE,G002164,代表,府中わかばクリニック 府中市 公式サイト
313504635638,たなべ耳鼻咽喉科,1313624400,181-0012,東京都,三鷹市上連雀九丁目１５番２４号　メゾンドール１階,,たなべ耳鼻咽喉科,CODE,G002165,代表,たなべ耳鼻咽喉科 三鷹市 公式サイト
313707925222,武蔵境こころのクリニック,1313327244,180-0022,東京都,武蔵野市境二丁目２番２０号　スクエア武蔵境３階３０１号室,,武蔵境こころのクリニック,CODE,G002166,代表,武蔵境こころのクリニック 武蔵野市 公式サイト
313700783862,品沢整形外科,1313623121,181-0012,東京都,三鷹市上連雀二丁目１０番５号,,品沢整形外科,CODE,G002167,代表,品沢整形外科 三鷹市 公式サイト
313700711141,医療法人社団　虔結会　佐竹医院,1313624913,181-0013,東京都,三鷹市下連雀三丁目１４番２８号　１階,,虔結会佐竹医院,CODE,G002168,代表,医療法人社団 虔結会 佐竹医院 三鷹市 公式サイト
313663162105,牟礼高山診療所,1313624327,181-0002,東京都,三鷹市牟礼四丁目２番１４号,,牟礼高山診療所,CODE,G002169,代表,牟礼高山診療所 三鷹市 公式サイト
313587875571,医療法人社団　三田眼科,1312821080,198-0052,東京都,青梅市長淵一丁目５２番地,,三田眼科,CODE,G002170,代表,医療法人社団 三田眼科 青梅市 公式サイト
313707845349,斎藤医院,1312931236,192-0353,東京都,八王子市鹿島９４５－８９,,斎藤医院,CODE,G002171,代表,斎藤医院 八王子市 公式サイト
313707809484,まつもとファミリークリニック,1313325735,180-0023,東京都,武蔵野市境南町二丁目９番３号　大矢ビル２階,,まつもとファミリクリニック,CODE,G002172,代表,まつもとファミリークリニック 武蔵野市 公式サイト
313700783861,医療法人社団　諸星会　吉祥寺もろほし耳鼻咽喉科,1313326394,180-0004,東京都,武蔵野市吉祥寺本町一丁目７番４号　丸二清水ビル３階,,諸星会吉祥寺もろほし耳鼻咽喉科,CODE,G002173,代表,医療法人社団 諸星会 吉祥寺もろほし耳鼻咽喉科 武蔵野市 公式サイト
313700746969,ファミリーケアクリニック吉祥寺,1313327210,180-0002,東京都,武蔵野市吉祥寺東町２－７－３　丸田ビル１階,,ファミリケアクリニック吉祥寺,CODE,G002174,代表,ファミリーケアクリニック吉祥寺 武蔵野市 公式サイト
313700746968,やまでらクリニック,1313327194,180-0006,東京都,武蔵野市中町１－２２－２　ナッツビル５階,,やまでらクリニック,CODE,G002175,代表,やまでらクリニック 武蔵野市 公式サイト
313656144594,立川心療内科ゆうメンタルクリニック立川院,1313025624,190-0012,東京都,立川市曙町二丁目３番１号４階,,立川心療内科ゆうメンタルクリニック立川院,CODE,G002176,代表,立川心療内科ゆうメンタルクリニック立川院 立川市 公式サイト
313571676913,医療法人　啓仁会　吉祥寺南病院,1313370152,180-0003,東京都,武蔵野市吉祥寺南町三丁目１４番４号,,啓仁会吉祥寺南病院,CODE,G002177,代表,医療法人 啓仁会 吉祥寺南病院 武蔵野市 公式サイト
313707845348,医療法人社団みのり会　おおくま内科小児科,1312924983,193-0816,東京都,八王子市大楽寺町１３７番地,,みのり会おおくま内科小児科,CODE,G002178,代表,医療法人社団みのり会 おおくま内科小児科 八王子市 公式サイト
313700665045,宮本整形外科医院,1313024700,190-0011,東京都,立川市高松町二丁目３９番１２号,,宮本整形外科医院,CODE,G002179,代表,宮本整形外科医院 立川市 公式サイト
313700665044,鳥羽クリニック,1312926640,192-0014,東京都,八王子市みつい台一丁目１８番１号,,鳥羽クリニック,CODE,G002180,代表,鳥羽クリニック 八王子市 公式サイト
313656144593,たもり内科クリニック,1313024064,190-0022,東京都,立川市錦町二丁目１番３３号　立川南口ＨＭビル１階,,たもり内科クリニック,CODE,G002181,代表,たもり内科クリニック 立川市 公式サイト
313553857227,八王子整形外科,1312929271,192-0056,東京都,八王子市追分町９番５号,,八王子整形外科,CODE,G002182,代表,八王子整形外科 八王子市 公式サイト
313504635637,めぐみクリニック,1313323649,180-0022,東京都,武蔵野市境一丁目３番２号　セントラルＶＩＶＯ１３２　３階Ａ,,めぐみクリニック,CODE,G002183,代表,めぐみクリニック 武蔵野市 公式サイト
313700746967,立川駅南泌尿器科皮膚科クリニック,1313024940,190-0022,東京都,立川市錦町二丁目１番３３号　立川南口ＨＭビル３階Ａ号,,立川駅南泌尿器科皮膚科クリニック,CODE,G002184,代表,立川駅南泌尿器科皮膚科クリニック 立川市 公式サイト
313544879861,山と空こどもアレルギークリニック,1312931137,192-0074,東京都,八王子市天神町２４番地３　プラムフィールド１０１号室,,山と空こどもアレルギクリニック,CODE,G002185,代表,山と空こどもアレルギークリニック 八王子市 公式サイト
313544879860,医療法人社団　新山会　希望の丘八王子病院,1312971232,193-0802,東京都,八王子市犬目町６４１番地,,新山会希望の丘八王子病院,CODE,G002186,代表,医療法人社団 新山会 希望の丘八王子病院 八王子市 公式サイト
313587875570,医療法人社団　三真会　勝田医院,1312924827,193-0803,東京都,八王子市楢原町５５６番地１,,三真会勝田医院,CODE,G002187,代表,医療法人社団 三真会 勝田医院 八王子市 公式サイト
313561077497,富岡クリニック,1312924637,192-0081,東京都,八王子市横山町８番２号　小野原ビル２階,,富岡クリニック,CODE,G002188,代表,富岡クリニック 八王子市 公式サイト
313553857226,医療法人社団　恵容会　南大沢クリニック,1312925519,192-0364,東京都,八王子市南大沢五丁目１４番地４－１,,恵容会南大沢クリニック,CODE,G002189,代表,医療法人社団 恵容会 南大沢クリニック 八王子市 公式サイト
313700783860,医療法人社団　新穂会　みらい整形外科一之江,1312334761,132-0024,東京都,江戸川区一之江八丁目１３番９　ＦＲＯＮＴ５－３,,新穂会みらい整形外科一之江,CODE,G002190,代表,医療法人社団 新穂会 みらい整形外科一之江 江戸川区 公式サイト
313707875053,医療法人社団　慶風会　増田産婦人科,1312226330,125-0041,東京都,葛飾区東金町一丁目１３番５号,,慶風会増田産婦人科,CODE,G002191,代表,医療法人社団 慶風会 増田産婦人科 葛飾区 公式サイト
313707845347,竹ノ塚医院,1312133940,121-0813,東京都,足立区竹の塚三丁目５番１２号,,竹ノ塚医院,CODE,G002192,代表,竹ノ塚医院 足立区 公式サイト
313700783859,ご小児科クリニック,1312128866,121-0075,東京都,足立区一ツ家三丁目２４番２５号,,ご小児科クリニック,CODE,G002193,代表,ご小児科クリニック 足立区 公式サイト
313700665043,伊谷医院,1312331049,133-0073,東京都,江戸川区鹿骨五丁目１１番地１,,伊谷医院,CODE,G002194,代表,伊谷医院 江戸川区 公式サイト
313656144592,アンカークリニック船堀,1312335305,134-0091,東京都,江戸川区船堀四丁目３番６号　メゾンドサントル船堀１階,,アンカクリニック船堀,CODE,G002195,代表,アンカークリニック船堀 江戸川区 公式サイト
313587875569,中田医院,1312133031,123-0864,東京都,足立区鹿浜四丁目２２番１６号,,中田医院,CODE,G002196,代表,中田医院 足立区 公式サイト
313571676912,医療法人財団　岩井医療財団　岩井整形外科病院,1312370120,133-0056,東京都,江戸川区南小岩八丁目１７番２号,,岩井医療財団岩井整形外科病院,CODE,G002197,代表,医療法人財団 岩井医療財団 岩井整形外科病院 江戸川区 公式サイト
313561077496,西一之江クリニック,1312328011,132-0023,東京都,江戸川区西一之江三丁目１２番３４号,,西一之江クリニック,CODE,G002198,代表,西一之江クリニック 江戸川区 公式サイト
313553857225,髙野医院,1312333375,133-0061,東京都,江戸川区篠崎町四丁目１２番１２号,,髙野医院,CODE,G002199,代表,髙野医院 江戸川区 公式サイト
313707845346,西葛西メディカルクリニック,1312333953,134-0088,東京都,江戸川区西葛西六丁目１８番３号　ＫＩＲＡＫＵ２　Ｂ棟１階－Ａ,,西葛西メディカルクリニック,CODE,G002200,代表,西葛西メディカルクリニック 江戸川区 公式サイト
313700746966,医療法人社団　城東桐和会　タムス総合クリニック小岩,1312331528,133-0052,東京都,江戸川区東小岩四丁目５番２号　神奈川ビル２階,,城東桐和会タムス総合クリニック小岩,CODE,G002201,代表,医療法人社団 城東桐和会 タムス総合クリニック小岩 江戸川区 公式サイト
313700711140,医療法人社団　洪泳会　東京洪誠病院,1312171288,123-0843,東京都,足立区西新井栄町一丁目１７番２５号,,洪泳会東京洪誠病院,CODE,G002202,代表,医療法人社団 洪泳会 東京洪誠病院 足立区 公式サイト
313700665042,医療法人社団　ほまれ　尾花循環器クリニック,1312334308,134-0088,東京都,江戸川区西葛西五丁目４－１２号　　レジデンスⅢ　１０１号室,,ほまれ尾花循環器クリニック,CODE,G002203,代表,医療法人社団 ほまれ 尾花循環器クリニック 江戸川区 公式サイト
313663162104,医療法人社団　ナイズ　キャップスクリニック板橋,1311934124,175-0083,東京都,板橋区徳丸二丁目６番１号　イオン板橋ショッピングセンター４階,,ナイズキャップスクリニック板橋,CODE,G002204,代表,医療法人社団 ナイズ キャップスクリニック板橋 板橋区 公式サイト
313587875568,中村内科,1312227916,125-0062,東京都,葛飾区青戸三丁目３９番１５号,,中村内科,CODE,G002205,代表,中村内科 葛飾区 公式サイト
313587875567,綾瀬うえむら眼科,1312133270,120-0005,東京都,足立区綾瀬四丁目８番１７号　相善ビル２・３階,,綾瀬うえむら眼科,CODE,G002206,代表,綾瀬うえむら眼科 足立区 公式サイト
313571676911,医療法人社団　千風会　なかじま整形外科・小児科クリニック,1312132876,123-0862,東京都,足立区皿沼一丁目１６番５号,,千風会なかじま整形外科小児科クリニック,CODE,G002207,代表,医療法人社団 千風会 なかじま整形外科・小児科クリニック 足立区 公式サイト
313561077495,川本皮膚科医院,1312128346,121-0813,東京都,足立区竹の塚五丁目６番９号,,川本皮膚科医院,CODE,G002208,代表,川本皮膚科医院 足立区 公式サイト
313553857224,医療法人社団司洋会　篠崎司歯科・皮膚科,1312335081,133-0061,東京都,江戸川区篠崎町二丁目７番１号　イーストハイム篠崎２階,,司洋会篠崎司歯科皮膚科,CODE,G002209,代表,医療法人社団司洋会 篠崎司歯科・皮膚科 江戸川区 公式サイト
313544879859,医療法人社団　宗仁会　スミレ小児科・アレルギー科医院,1312332476,134-0088,東京都,江戸川区西葛西四丁目２番３４号　メディカルプラザ西葛西２階,,宗仁会スミレ小児科アレルギ科医院,CODE,G002210,代表,医療法人社団 宗仁会 スミレ小児科・アレルギー科医院 江戸川区 公式サイト
313504635636,医療法人社団　顕伊会　さい整形外科クリニック,1312232148,124-0006,東京都,葛飾区堀切三丁目３５番１０号　ｙビル１０１号２階３階,,顕伊会さい整形外科クリニック,CODE,G002211,代表,医療法人社団 顕伊会 さい整形外科クリニック 葛飾区 公式サイト
313707925221,船堀プライム皮膚科,1312333169,134-0091,東京都,江戸川区船堀三丁目８番１号　ザ・パークハウス船堀１階,,船堀プライム皮膚科,CODE,G002212,代表,船堀プライム皮膚科 江戸川区 公式サイト
313707925220,医療法人社団　フィデリア　せんじゅ眼科,1312135010,120-0026,東京都,足立区千住旭町１番１４号　スカイエ北千住東口２階３階,,フィデリアせんじゅ眼科,CODE,G002213,代表,医療法人社団 フィデリア せんじゅ眼科 足立区 公式サイト
313707845345,医療法人社団　裕栄会　高砂診療所,1312232601,125-0054,東京都,葛飾区高砂三丁目６番９号－１０１号,,裕栄会高砂診療所,CODE,G002214,代表,医療法人社団 裕栄会 高砂診療所 葛飾区 公式サイト
313707809483,メディケアクリニック上石神井,1312038586,177-0044,東京都,練馬区上石神井二丁目１番１６号　上石神井メディカルビレッジＢ棟１階,,メディケアクリニック上石神井,CODE,G002215,代表,メディケアクリニック上石神井 練馬区 公式サイト
313656144591,西新井ほった内科皮フ科,1312135572,121-0816,東京都,足立区梅島３丁目３３番４号　岡田ビル１階,,西新井ほった内科皮フ科,CODE,G002216,代表,西新井ほった内科皮フ科 足立区 公式サイト
313553857223,双葉皮ふ科クリニック,1312231017,124-0006,東京都,葛飾区堀切三丁目７番２号,,双葉皮ふ科クリニック,CODE,G002217,代表,双葉皮ふ科クリニック 葛飾区 公式サイト
313707875052,医療法人社団　リード会　南葛西整形外科・リウマチ科,1312332179,134-0085,東京都,江戸川区南葛西六丁目１２番７号,,リド会南葛西整形外科リウマチ科,CODE,G002218,代表,医療法人社団 リード会 南葛西整形外科・リウマチ科 江戸川区 公式サイト
313707875051,辻医院,1312328490,134-0084,東京都,江戸川区東葛西三丁目３番６号,,辻医院,CODE,G002219,代表,辻医院 江戸川区 公式サイト
313707809482,三原眼科医院,1312127751,123-0857,東京都,足立区本木北町１４番６号,,三原眼科医院,CODE,G002220,代表,三原眼科医院 足立区 公式サイト
313700818625,医療法人社団　じあい会　メディカルスキャニング富士見台,1312036465,176-0023,東京都,練馬区中村北四丁目２４番１０号　原島ビル１階,,じあい会メディカルスキャニング富士見台,CODE,G002221,代表,医療法人社団 じあい会 メディカルスキャニング富士見台 練馬区 公式サイト
313700711139,医療法人社団　佐藤医院,1312326817,134-0083,東京都,江戸川区中葛西一丁目４番１６号,,佐藤医院,CODE,G002222,代表,医療法人社団 佐藤医院 江戸川区 公式サイト
313700711138,北綾瀬駅前せたクリニック,1312134161,120-0006,東京都,足立区谷中二丁目５番１０号　クイーンハイツ浅伊２階,,北綾瀬駅前せたクリニック,CODE,G002223,代表,北綾瀬駅前せたクリニック 足立区 公式サイト
313587875566,医療法人社団　法爾会　髙木皮膚科医院,1312226918,125-0061,東京都,葛飾区亀有三丁目３３番４号,,法爾会髙木皮膚科医院,CODE,G002224,代表,医療法人社団 法爾会 髙木皮膚科医院 葛飾区 公式サイト
313504635635,たべ内科クリニック,1312331593,134-0081,東京都,江戸川区北葛西一丁目３番２５号,,たべ内科クリニック,CODE,G002225,代表,たべ内科クリニック 江戸川区 公式サイト
313700818624,大竹耳鼻咽喉科,1312027316,177-0051,東京都,練馬区関町北二丁目２６番１８号　斜塔ビル１階,,大竹耳鼻咽喉科,CODE,G002226,代表,大竹耳鼻咽喉科 練馬区 公式サイト
313663162103,医療法人社団　圭信会　奥戸整形外科リウマチ科クリニック,1312230639,124-0022,東京都,葛飾区奥戸三丁目２２番９号　志美津ビル２階２０２号室,,圭信会奥戸整形外科リウマチ科クリニック,CODE,G002227,代表,医療法人社団 圭信会 奥戸整形外科リウマチ科クリニック 葛飾区 公式サイト
313656144590,医療法人社団明幸会　ときわ台村中眼科,1311934850,174-0071,東京都,板橋区常盤台二丁目５番２０号２階,,明幸会ときわ台村中眼科,CODE,G002228,代表,医療法人社団明幸会 ときわ台村中眼科 板橋区 公式サイト
313553857222,竹の塚休日応急診療所,1312130987,121-0822,東京都,足立区西竹の塚一丁目１１番２号　エミエルタワー竹の塚２階,,竹の塚休日応急診療所,CODE,G002229,代表,竹の塚休日応急診療所 足立区 公式サイト
313544879858,桜台診療所,1312032936,176-0002,東京都,練馬区桜台一丁目７番５号　吉本ビル１階,,桜台診療所,CODE,G002230,代表,桜台診療所 練馬区 公式サイト
313707809481,関町内科クリニック,1312031680,177-0051,東京都,練馬区関町北五丁目６番１号　トパーズハイム１０１号,,関町内科クリニック,CODE,G002231,代表,関町内科クリニック 練馬区 公式サイト
313700783858,医療法人社団　蘭松会　立野町蘭松医院,1312028124,177-0054,東京都,練馬区立野町２５番５号,,蘭松会立野町蘭松医院,CODE,G002232,代表,医療法人社団 蘭松会 立野町蘭松医院 練馬区 公式サイト
313656144589,医療法人社団　弘和会　歌橋医院,1312028082,176-0021,東京都,練馬区貫井四丁目２５番３１号,,弘和会歌橋医院,CODE,G002233,代表,医療法人社団 弘和会 歌橋医院 練馬区 公式サイト
313561077494,すずき眼科クリニック,1311933886,174-0056,東京都,板橋区志村三丁目２６番７号　サブリナハウス１階,,すずき眼科クリニック,CODE,G002234,代表,すずき眼科クリニック 板橋区 公式サイト
313707925219,医療法人　栄視会　横山眼科医院,1312127892,121-0061,東京都,足立区花畑一丁目７番１９号,,栄視会横山眼科医院,CODE,G002235,代表,医療法人 栄視会 横山眼科医院 足立区 公式サイト
313700746965,医療法人社団　弘健会　菅原医院,1312030542,177-0041,東京都,練馬区石神井町三丁目９番１６号,,弘健会菅原医院,CODE,G002236,代表,医療法人社団 弘健会 菅原医院 練馬区 公式サイト
313587875565,澤田皮膚科医院,1312037588,176-0005,東京都,練馬区旭丘一丁目７６番８号　レスタ江古田３階,,澤田皮膚科医院,CODE,G002237,代表,澤田皮膚科医院 練馬区 公式サイト
313571676910,医療法人社団　友徳会　ふなどファミリークリニック,1311932839,174-0041,東京都,板橋区舟渡二丁目４番１号　サンアートビル１階－Ａ号室,,友徳会ふなどファミリクリニック,CODE,G002238,代表,医療法人社団 友徳会 ふなどファミリークリニック 板橋区 公式サイト
313544879857,テル皮膚科,1312034270,176-0023,東京都,練馬区中村北一丁目１０番１２号,,テル皮膚科,CODE,G002239,代表,テル皮膚科 練馬区 公式サイト
313700665041,一般財団法人　精神医学研究所　附属東京武蔵野病院,1311915131,173-0037,東京都,板橋区小茂根四丁目１１番１１号,,精神医学研究所附属東京武蔵野病院,CODE,G002240,代表,一般財団法人 精神医学研究所 附属東京武蔵野病院 板橋区 公式サイト
313700818623,医療法人社団　幸真会　板橋すばる眼科,1311931948,173-0016,東京都,板橋区中板橋２０番５号　モダ・ビエント中板橋３０２,,幸真会板橋すばる眼科,CODE,G002241,代表,医療法人社団 幸真会 板橋すばる眼科 板橋区 公式サイト
313561077493,平成ホームクリニック,1311932813,173-0036,東京都,板橋区向原三丁目７番７号　コーシャハイム向原７号棟　２階,,平成ホムクリニック,CODE,G002242,代表,平成ホームクリニック 板橋区 公式サイト
313544879856,医療法人社団　藤昭会　後藤こどもクリニック,1311931229,173-0037,東京都,板橋区小茂根一丁目２７番１９号,,藤昭会後藤こどもクリニック,CODE,G002243,代表,医療法人社団 藤昭会 後藤こどもクリニック 板橋区 公式サイト
313700746964,日暮里・三河島内科クリニック,1311827286,116-0002,東京都,荒川区荒川３－７８－２　Ｎａｇｕｒａ　Ｍｅｄｉｃｓ　Ｂｌｄｇ．１階１０１,,日暮里三河島内科クリニック,CODE,G002244,代表,日暮里・三河島内科クリニック 荒川区 公式サイト
313700711137,熊野前かと内科医院,1311826957,116-0012,東京都,荒川区東尾久六丁目３９番１３号,,熊野前かと内科医院,CODE,G002245,代表,熊野前かと内科医院 荒川区 公式サイト
313707809480,日暮里レディースクリニック,1311826577,116-0013,東京都,荒川区西日暮里二丁目２０番１号　ステーションポートタワー５階５０１号,,日暮里レディスクリニック,CODE,G002246,代表,日暮里レディースクリニック 荒川区 公式サイト
313553857221,医療法人社団　天使の梯子　せき・ぜんそくクリニック十条,1311732601,114-0031,東京都,北区十条仲原一丁目２８番１３号　ラファエーラ十条１階,,天使の梯子せきぜんそくクリニック十条,CODE,G002247,代表,医療法人社団 天使の梯子 せき・ぜんそくクリニック十条 北区 公式サイト
313571676909,医療法人社団　十条銀座診療所,1311732346,114-0034,東京都,北区上十条二丁目３０番４号　ミツヤビル１階Ｂ号室,,十条銀座診療所,CODE,G002248,代表,医療法人社団 十条銀座診療所 北区 公式サイト
313707875050,赤羽ウェルネスクリニック,1311731959,115-0045,東京都,北区赤羽二丁目１５番１０号　山田ビル３階,,赤羽ウェルネスクリニック,CODE,G002249,代表,赤羽ウェルネスクリニック 北区 公式サイト
313700665040,駒込東口クリニック,1311730480,114-0015,東京都,北区中里二丁目５番６号　２階,,駒込東口クリニック,CODE,G002250,代表,駒込東口クリニック 北区 公式サイト
313700818622,医療法人社団　田端放射線科クリニック,1311729953,114-0013,東京都,北区東田端二丁目１０番４号　ベルク田端１階・地下１階、ベルク田端Ⅱ３階・２階・１階・地下１階,,田端放射線科クリニック,CODE,G002251,代表,医療法人社団 田端放射線科クリニック 北区 公式サイト
313700783857,佐久間医院,1311729060,114-0022,東京都,北区王子本町一丁目２７番４号,,佐久間医院,CODE,G002252,代表,佐久間医院 北区 公式サイト
313544879855,アスカクリニック,,114-0023,東京都,北区滝野川一丁目７７番２号,,アスカクリニック,ZIP+NAME,G002253,代表,アスカクリニック 北区 公式サイト
313700665039,医療法人社団　鶉山会　鶉山医院,1311631563,171-0032,東京都,豊島区雑司が谷三丁目８番１０号　セレナ目白雑司が谷１０１号,,鶉山会鶉山医院,CODE,G002254,代表,医療法人社団 鶉山会 鶉山医院 豊島区 公式サイト
313656144588,村井耳鼻咽喉科医院,1311631894,171-0031,東京都,豊島区目白四丁目７番１２号,,村井耳鼻咽喉科医院,CODE,G002255,代表,村井耳鼻咽喉科医院 豊島区 公式サイト
313587875564,ゆうりんクリニック,1311638022,171-0044,東京都,豊島区千早四丁目３４番７号　１階２階,,ゆうりんクリニック,CODE,G002256,代表,ゆうりんクリニック 豊島区 公式サイト
313700711136,医療法人社団櫻和会　櫻和メンタルクリニック,1311636562,170-0002,東京都,豊島区巣鴨一丁目１９番１２号　八木下ビル２階・３階,,櫻和会櫻和メンタルクリニック,CODE,G002257,代表,医療法人社団櫻和会 櫻和メンタルクリニック 豊島区 公式サイト
313707925218,下高井戸脳神経外科クリニック,1315921325,168-0073,東京都,杉並区下高井戸１丁目１番７号　ＳＡＫＵＲＡレジデンス１０１号室,,下高井戸脳神経外科クリニック,CODE,G002258,代表,下高井戸脳神経外科クリニック 杉並区 公式サイト
313707845344,せきや内科クリニック,1311635358,170-0012,東京都,豊島区上池袋一丁目３７番２２号　レジディアタワー上池袋　１階,,せきや内科クリニック,CODE,G002259,代表,せきや内科クリニック 豊島区 公式サイト
313700818621,渡辺胃腸科医院,1311627744,170-0005,東京都,豊島区南大塚一丁目５３番１号,,渡辺胃腸科医院,CODE,G002260,代表,渡辺胃腸科医院 豊島区 公式サイト
313700746963,医療法人社団　快生会　山口クリニック,1311631530,170-6007,東京都,豊島区東池袋三丁目１番１号　サンシャイン６０　７階,,快生会山口クリニック,CODE,G002261,代表,医療法人社団 快生会 山口クリニック 豊島区 公式サイト
313571676908,小林内科クリニック,1311632397,170-0002,東京都,豊島区巣鴨一丁目４番１号,,小林内科クリニック,CODE,G002262,代表,小林内科クリニック 豊島区 公式サイト
313561077492,医療法人社団　慶参会　鈴木眼科クリニック,1311634054,171-0052,東京都,豊島区南長崎五丁目６番１０号　アマデウス２１　１階,,慶参会鈴木眼科クリニック,CODE,G002263,代表,医療法人社団 慶参会 鈴木眼科クリニック 豊島区 公式サイト
313707809479,西公園前クリニック,1311535210,166-0001,東京都,杉並区阿佐谷北二丁目３３番１１号,,西公園前クリニック,CODE,G002264,代表,西公園前クリニック 杉並区 公式サイト
313656144587,医療法人社団　紫芳会　広沢眼科,1311535400,168-0082,東京都,杉並区久我山五丁目７番２０号,,紫芳会広沢眼科,CODE,G002265,代表,医療法人社団 紫芳会 広沢眼科 杉並区 公式サイト
313700818620,医療法人社団　清亮会　やないクリニック,1315920400,167-0042,東京都,杉並区西荻北三丁目１９番３号　ベルフォート西荻駅前２１０,,清亮会やないクリニック,CODE,G002266,代表,医療法人社団 清亮会 やないクリニック 杉並区 公式サイト
313700711135,根岸医院,1311538578,167-0032,東京都,杉並区天沼三丁目３６番１７号,,根岸医院,CODE,G002267,代表,根岸医院 杉並区 公式サイト
313544879854,医療法人社団　里翠会　井上耳鼻咽喉科,1311537745,166-0003,東京都,杉並区高円寺南二丁目４９番１８号　コスモリード高円寺１階Ａ号室,,里翠会井上耳鼻咽喉科,CODE,G002268,代表,医療法人社団 里翠会 井上耳鼻咽喉科 杉並区 公式サイト
313663162102,けいこクリニック,1311536135,168-0074,東京都,杉並区上高井戸一丁目８番１８号　サンハイツ八幡山１階Ｂ－１１０,,けいこクリニック,CODE,G002269,代表,けいこクリニック 杉並区 公式サイト
313587875563,ふるや皮フ科,1311536697,167-0042,東京都,杉並区西荻北三丁目３２番１２号　ルミノール西荻窪,,ふるや皮フ科,CODE,G002270,代表,ふるや皮フ科 杉並区 公式サイト
313707809478,杉田眼科,1311530708,167-0043,東京都,杉並区上荻一丁目８番１０号　みほしのビル５階,,杉田眼科,CODE,G002271,代表,杉田眼科 杉並区 公式サイト
313700783856,杉並協同クリニック,1311529965,168-0082,東京都,杉並区久我山三丁目１８番１１号,,杉並協同クリニック,CODE,G002272,代表,杉並協同クリニック 杉並区 公式サイト
313571676907,中野こどもハート・アレルギークリニック,1311434158,164-0001,東京都,中野区中野二丁目２６番１１号　こどもでぱーと中野２階,,中野こどもハトアレルギクリニック,CODE,G002273,代表,中野こどもハート・アレルギークリニック 中野区 公式サイト
313707875049,かみさぎ皮フ科医院,1311431980,165-0031,東京都,中野区上鷺宮四丁目３番１６号　１階,,かみさぎ皮フ科医院,CODE,G002274,代表,かみさぎ皮フ科医院 中野区 公式サイト
313700746962,新中野なべよこ内科,1311433937,164-0012,東京都,中野区本町４－４３－１１　鍋横ビルディング　３階,,新中野なべよこ内科,CODE,G002275,代表,新中野なべよこ内科 中野区 公式サイト
313561077491,トライハートクリニック中野,1311433887,164-0001,東京都,中野区中野３－３６－１５　中野ニュークリアビル５階,,トライハトクリニック中野,CODE,G002276,代表,トライハートクリニック中野 中野区 公式サイト
313700818619,医療法人社団　怜美会　東京エビスクリニック,1316021695,150-0022,東京都,渋谷区恵比寿南一丁目２番９号　小林ビル３階,,怜美会東京エビスクリニック,CODE,G002277,代表,医療法人社団 怜美会 東京エビスクリニック 渋谷区 公式サイト
313544879853,Ｈａｒｍｏ　Ｌａｄｉｅｓ　Ｃｌｉｎｉｃ　新宿,1316022313,151-0051,東京都,渋谷区千駄ヶ谷５丁目２７番５号　リンクスクエア新宿３０１,,harmoladiesclinic新宿,CODE,G002278,代表,Harmo Ladies Clinic 新宿 渋谷区 公式サイト
313707809477,医療法人社団　春香会　春川内科クリニック,1311431030,165-0024,東京都,中野区松が丘一丁目３３番１５号　アリスコート１階１－Ａ,,春香会春川内科クリニック,CODE,G002279,代表,医療法人社団 春香会 春川内科クリニック 中野区 公式サイト
313504635634,社会医療法人社団　健友会　江古田沼袋診療所,1311431873,165-0025,東京都,中野区沼袋四丁目２７番１５号　フォーシーズンビル１階,,社会健友会江古田沼袋診療所,CODE,G002280,代表,社会医療法人社団 健友会 江古田沼袋診療所 中野区 公式サイト
313707875048,白浜医院,1311431642,165-0034,東京都,中野区大和町二丁目６番７号　１階,,白浜医院,CODE,G002281,代表,白浜医院 中野区 公式サイト
313561077490,中野眼科,1311431865,164-0001,東京都,中野区中野四丁目３番１号　なかのサンクォーレ地下１階,,中野眼科,CODE,G002282,代表,中野眼科 中野区 公式サイト
313707845343,代々木上原こどもクリニック,1316020101,151-0066,東京都,渋谷区西原三丁目７番８号　フィールド代々木上原３階,,代々木上原こどもクリニック,CODE,G002283,代表,代々木上原こどもクリニック 渋谷区 公式サイト
313587875562,はなふさ皮膚科渋谷院,1316021075,150-0042,東京都,渋谷区宇田川町３６番１号　ＳＡＮＷＡ　ＳＨＩＢＵＹＡ　Ｂｌｄｇ．５階,,はなふさ皮膚科渋谷院,CODE,G002284,代表,はなふさ皮膚科渋谷院 渋谷区 公式サイト
313571676906,医療法人社団　育心会　稲垣クリニック,1311334978,151-0053,東京都,渋谷区代々木五丁目７番１７号　稲垣クリニックビル１階,,育心会稲垣クリニック,CODE,G002285,代表,医療法人社団 育心会 稲垣クリニック 渋谷区 公式サイト
313700711134,東松原駅前いけざき内科・内視鏡クリニック,1315533823,156-0043,東京都,世田谷区松原５丁目５６－１２　丸山ビル１階,,東松原駅前いけざき内科内視鏡クリニック,CODE,G002286,代表,東松原駅前いけざき内科・内視鏡クリニック 世田谷区 公式サイト
313663162101,医療法人社団　バイオファミリー　バイオクリニック東京,1311333889,150-0002,東京都,渋谷区渋谷三丁目１６番２号　ニュー三水ビル４階,,バイオファミリバイオクリニック東京,CODE,G002287,代表,医療法人社団 バイオファミリー バイオクリニック東京 渋谷区 公式サイト
313587875561,医療法人社団　慶友整形外科渋谷,1311334176,150-0002,東京都,渋谷区渋谷三丁目２９番１７号　ホテルメッツ渋谷２階,,慶友整形外科渋谷,CODE,G002288,代表,医療法人社団 慶友整形外科渋谷 渋谷区 公式サイト
313707925217,下北沢小児科・アレルギークリニック,1315532676,155-0031,東京都,世田谷区北沢２－１３－３　下北ＭＫ３階,,下北沢小児科アレルギクリニック,CODE,G002289,代表,下北沢小児科・アレルギークリニック 世田谷区 公式サイト
313700783855,ふたばクリニック,1315533211,154-0024,東京都,世田谷区三軒茶屋二丁目８番１１号　カーサＭＬ１０１号室,,ふたばクリニック,CODE,G002290,代表,ふたばクリニック 世田谷区 公式サイト
313700746961,医療法人社団　Ｆｏｒ　ｔｈｅ　ｐａｔｉｅｎｔｓ　二子玉川ライズひろ内科内視鏡健診クリニック,,158-0094,東京都,世田谷区玉川二丁目２番１号　二子玉川ライズバーズモール２０４号室,,forthepatients二子玉川ライズひろ内科内視鏡健診クリニック,ZIP+NAME,G002291,代表,医療法人社団 For the patients 二子玉川ライズひろ内科内視鏡健診クリニック 世田谷区 公式サイト
313707925216,下北沢ＤＯクリニック,1315532650,155-0031,東京都,世田谷区北沢二丁目１４番１４号　北沢ビル,,下北沢doクリニック,CODE,G002292,代表,下北沢DOクリニック 世田谷区 公式サイト
313707809476,ＮＥＳ駒沢クリニック,1315531009,154-0011,東京都,世田谷区上馬４－５－６　上馬４丁目ビル２階３階,,nes駒沢クリニック,CODE,G002293,代表,NES駒沢クリニック 世田谷区 公式サイト
313587875560,千歳船橋いずも内科クリニック,1315533880,156-0055,東京都,世田谷区船橋１丁目１１番１号　Ｆ医療モール２階,,千歳船橋いずも内科クリニック,CODE,G002294,代表,千歳船橋いずも内科クリニック 世田谷区 公式サイト
313553857220,三軒茶屋整形外科・スポーツクリニック,1315529862,154-0024,東京都,世田谷区三軒茶屋一丁目３７番２号　ＳＡＮＣＨＡビル４０１,,三軒茶屋整形外科スポツクリニック,CODE,G002295,代表,三軒茶屋整形外科・スポーツクリニック 世田谷区 公式サイト
313700665038,ふるはた皮ふ科クリニック,1315528914,154-0001,東京都,世田谷区池尻二丁目３７番２１号　アビタシオン池尻１０１,,ふるはた皮ふ科クリニック,CODE,G002296,代表,ふるはた皮ふ科クリニック 世田谷区 公式サイト
313553857219,かどた内科クリニック,1315529128,155-0032,東京都,世田谷区代沢五丁目１８番１号　２階,,かどた内科クリニック,CODE,G002297,代表,かどた内科クリニック 世田谷区 公式サイト
313700818618,医療法人社団　六然会　臼井内科,1315526504,156-0053,東京都,世田谷区桜一丁目６５番８号　エンブレム経堂１階,,六然会臼井内科,CODE,G002298,代表,医療法人社団 六然会 臼井内科 世田谷区 公式サイト
313656144586,駒場皮膚科,1315526058,155-0032,東京都,世田谷区代沢一丁目２３番１号　Ｊ’Ｓコート駒場東大１階,,駒場皮膚科,CODE,G002299,代表,駒場皮膚科 世田谷区 公式サイト
313700711133,吉澤内科ハートクリニック,1315525787,157-0071,東京都,世田谷区千歳台二丁目２６番２０号,,吉澤内科ハトクリニック,CODE,G002300,代表,吉澤内科ハートクリニック 世田谷区 公式サイト
313700665037,医療法人社団　樹立会　本間医院,1315525720,154-0023,東京都,世田谷区若林四丁目２１番１６号,,樹立会本間医院,CODE,G002301,代表,医療法人社団 樹立会 本間医院 世田谷区 公式サイト
313656144585,とみやまクリニック,1315522313,157-0073,東京都,世田谷区砧四丁目２０番１１号　リバンドール砧１階,,とみやまクリニック,CODE,G002302,代表,とみやまクリニック 世田谷区 公式サイト
313553857218,医療法人社団　土筆会　桜丘クリニック,1315524491,156-0054,東京都,世田谷区桜丘五丁目１７番４号　直井ビル１階,,土筆会桜丘クリニック,CODE,G002303,代表,医療法人社団 土筆会 桜丘クリニック 世田谷区 公式サイト
313656144584,慶仁クリニック,1311236876,157-0061,東京都,世田谷区北烏山三丁目３番５号,,慶仁クリニック,CODE,G002304,代表,慶仁クリニック 世田谷区 公式サイト
313571676905,更家内科クリニック,1315521828,158-0082,東京都,世田谷区等々力八丁目１４番１４号　１階,,更家内科クリニック,CODE,G002305,代表,更家内科クリニック 世田谷区 公式サイト
313707845342,園田耳鼻咽喉科医院,1311239383,154-0024,東京都,世田谷区三軒茶屋一丁目３５番２０号,,園田耳鼻咽喉科医院,CODE,G002306,代表,園田耳鼻咽喉科医院 世田谷区 公式サイト
313707809475,桜上水クリニック,1315520119,156-0045,東京都,世田谷区桜上水四丁目７番４号　三星Ｋビル２階,,桜上水クリニック,CODE,G002307,代表,桜上水クリニック 世田谷区 公式サイト
313707875047,うえぼう耳鼻咽喉科,1311238849,158-0094,東京都,世田谷区玉川三丁目３９番２７号,,うえぼう耳鼻咽喉科,CODE,G002308,代表,うえぼう耳鼻咽喉科 世田谷区 公式サイト
313700665036,井上医院,1311237536,156-0043,東京都,世田谷区松原六丁目１番１０号,,井上医院,CODE,G002309,代表,井上医院 世田谷区 公式サイト
313663162100,山王ウィメンズ＆キッズクリニック大森,1315624069,143-0023,東京都,大田区山王２－１－６　キャビックビル地下１階,,山王ウィメンズ&キッズクリニック大森,CODE,G002310,代表,山王ウィメンズ&キッズクリニック大森 大田区 公式サイト
313587875559,すぎうら糖尿病・甲状腺　内科クリニック,1315623988,146-0095,東京都,大田区多摩川一丁目２１番６号　ハイライズ新倉１階,,すぎうら糖尿病甲状腺内科クリニック,CODE,G002311,代表,すぎうら糖尿病・甲状腺 内科クリニック 大田区 公式サイト
313700665035,ゆうレディースクリニック池上,1315623046,146-0082,東京都,大田区池上三丁目４０番３号　パラッシオ池上１０２号室,,ゆうレディスクリニック池上,CODE,G002312,代表,ゆうレディースクリニック池上 大田区 公式サイト
313707845341,あさもとクリニック,1311137496,144-0052,東京都,大田区蒲田三丁目１８番１２号　１０２号,,あさもとクリニック,CODE,G002313,代表,あさもとクリニック 大田区 公式サイト
313707809474,志匠会雪谷クリニック,1315622204,145-0067,東京都,大田区雪谷大塚町９番１３号　ＢＩＡＮＣＯＮＥＲＯ　ＹＵＫＩＧＡＹＡＯＴＳＵＫＡ２０２号,,志匠会雪谷クリニック,CODE,G002314,代表,志匠会雪谷クリニック 大田区 公式サイト
313700711132,南馬込おかばやし耳鼻咽喉科,1315622477,143-0025,東京都,大田区南馬込六丁目４番２３号　ファミネス梅田１階,,南馬込おかばやし耳鼻咽喉科,CODE,G002315,代表,南馬込おかばやし耳鼻咽喉科 大田区 公式サイト
313656144583,耳鼻咽喉科　光吉医院,1311136118,145-0064,東京都,大田区上池台一丁目１７番１１号,,耳鼻咽喉科光吉医院,CODE,G002316,代表,耳鼻咽喉科 光吉医院 大田区 公式サイト
313587875558,舞子ウィメンズクリニック自由が丘,1311032705,152-0035,東京都,目黒区自由が丘２－１６－１１　メイプルヒルズⅡ,,舞子ウィメンズクリニック自由が丘,CODE,G002317,代表,舞子ウィメンズクリニック自由が丘 目黒区 公式サイト
313571676904,医療法人社団　仁治会　緒方眼科クリニック,1315620083,144-0051,東京都,大田区西蒲田五丁目２０番３号,,仁治会緒方眼科クリニック,CODE,G002318,代表,医療法人社団 仁治会 緒方眼科クリニック 大田区 公式サイト
313544879852,医療法人社団　弘久会　堀越医院,1311135490,146-0084,東京都,大田区南久が原二丁目５番２１号　１階,,弘久会堀越医院,CODE,G002319,代表,医療法人社団 弘久会 堀越医院 大田区 公式サイト
313700817657,自由が丘すずらんメンタルクリニック,1311031715,152-0035,東京都,目黒区自由が丘一丁目７番１３号　クレオビル３０１,,自由が丘すずらんメンタルクリニック,CODE,G002320,代表,自由が丘すずらんメンタルクリニック 目黒区 公式サイト
313700711131,医療法人社団　菫会　目黒病院,1311070705,152-0001,東京都,目黒区中央町二丁目１２番６号,,菫会目黒病院,CODE,G002321,代表,医療法人社団 菫会 目黒病院 目黒区 公式サイト
313656144582,医療法人社団　永康会　中目黒クリニック,1311028596,153-0061,東京都,目黒区中目黒一丁目１０番２３号　３０１号シティホームズ中目黒,,永康会中目黒クリニック,CODE,G002322,代表,医療法人社団 永康会 中目黒クリニック 目黒区 公式サイト
313587875557,平川医院,1311027143,152-0012,東京都,目黒区洗足一丁目９番１０号,,平川医院,CODE,G002323,代表,平川医院 目黒区 公式サイト
313707925214,花谷クリニック,1311027952,153-0064,東京都,目黒区下目黒二丁目１８番３号　花谷ビル２階,,花谷クリニック,CODE,G002324,代表,花谷クリニック 目黒区 公式サイト
313700817656,医療法人社団　恒和会　仲村医院,1311027135,153-0053,東京都,目黒区五本木一丁目８番９号,,恒和会仲村医院,CODE,G002325,代表,医療法人社団 恒和会 仲村医院 目黒区 公式サイト
313504635633,わかばやし眼科,1310935924,142-0053,東京都,東京都品川区中延三丁目２番１８号　中延レジデンス１階,,わかばやし眼科,CODE,G002326,代表,わかばやし眼科 東京都品川区 公式サイト
313707809473,あおば在宅クリニック品川,1310937342,140-0004,東京都,品川区南品川３丁目４番１７号　ＰＡＬ南品川３階,,あおば在宅クリニック品川,CODE,G002327,代表,あおば在宅クリニック品川 品川区 公式サイト
313700746960,医療法人社団　梨慶会　山内クリニック,1311026913,152-0035,東京都,目黒区自由が丘一丁目１５番１９号,,梨慶会山内クリニック,CODE,G002328,代表,医療法人社団 梨慶会 山内クリニック 目黒区 公式サイト
313561077489,東京大森エンゼルクリニック,1310937946,140-0013,東京都,品川区南大井６丁目２８－１２　４階,,東京大森エンゼルクリニック,CODE,G002329,代表,東京大森エンゼルクリニック 品川区 公式サイト
313707925213,医療法人社団　柊会　大崎眼科クリニック,1310933838,141-0032,東京都,品川区大崎一丁目６番４号　新大崎勧業ビルディング２階,,柊会大崎眼科クリニック,CODE,G002330,代表,医療法人社団 柊会 大崎眼科クリニック 品川区 公式サイト
313707845340,久保眼科クリニック,1310930016,142-0053,東京都,品川区中延六丁目６番３号,,久保眼科クリニック,CODE,G002331,代表,久保眼科クリニック 品川区 公式サイト
313663162099,クリニックフォア亀戸,1310833202,136-0071,東京都,江東区亀戸六丁目５８番１３号　亀戸Ｓ＆Ｓビル５階,,クリニックフォア亀戸,CODE,G002332,代表,クリニックフォア亀戸 江東区 公式サイト
313700746959,おかもとこどもクリニック,1310832279,136-0076,東京都,江東区南砂二丁目３２番５号　２階２Ｃ号室,,おかもとこどもクリニック,CODE,G002333,代表,おかもとこどもクリニック 江東区 公式サイト
313504635632,クリニック東陽町,1310832493,135-0016,東京都,江東区東陽二丁目４番２６号　飯田ビル２階,,クリニック東陽町,CODE,G002334,代表,クリニック東陽町 江東区 公式サイト
313700783854,医療法人社団　公雄会　豊洲寺沢クリニック,1310830224,135-0061,東京都,江東区豊洲二丁目５番３号　パークシティ豊洲１階,,公雄会豊洲寺沢クリニック,CODE,G002335,代表,医療法人社団 公雄会 豊洲寺沢クリニック 江東区 公式サイト
313571676903,ベビースマイル　レディースクリニック有明,1310832188,135-0063,東京都,江東区有明二丁目１番８号　住友不動産ショッピングシティ　有明ガーデン４階,,ベビスマイルレディスクリニック有明,CODE,G002336,代表,ベビースマイル レディースクリニック有明 江東区 公式サイト
313707875046,医療法人社団　順立会　五ノ橋クリニック,1310826339,136-0071,東京都,江東区亀戸一丁目２８番８号,,順立会五ノ橋クリニック,CODE,G002337,代表,医療法人社団 順立会 五ノ橋クリニック 江東区 公式サイト
313707809472,医療法人社団　藤優会　曳舟駅前そらの木皮膚科,1310729897,131-0046,東京都,墨田区京島一丁目４４番１号　ＢＬＥＳＳ曳舟１階,,藤優会曳舟駅前そらの木皮膚科,CODE,G002338,代表,医療法人社団 藤優会 曳舟駅前そらの木皮膚科 墨田区 公式サイト
313700817655,東陽整形外科クリニック,1310829333,135-0016,東京都,江東区東陽四丁目８番２２号　　ＴＳＫビル２階,,東陽整形外科クリニック,CODE,G002339,代表,東陽整形外科クリニック 江東区 公式サイト
313544879851,百合レディスクリニック,1310827188,136-0071,東京都,江東区亀戸四丁目１８番４号　亀戸メディカルビル５階,,百合レディスクリニック,CODE,G002340,代表,百合レディスクリニック 江東区 公式サイト
313561077488,すみだカーネルクリニック,1310729814,130-0012,東京都,墨田区太平三丁目４番８号　ＫＯＩＫＥ　Ｂｌｄ．６階,,すみだカネルクリニック,CODE,G002341,代表,すみだカーネルクリニック 墨田区 公式サイト
313700665034,増田外科医院,1310728295,130-0015,東京都,墨田区横網一丁目１２番２４号,,増田外科医院,CODE,G002342,代表,増田外科医院 墨田区 公式サイト
313707845339,コパーズ・茗荷谷クリニック,1310528422,112-0006,東京都,文京区小日向四丁目７番２０号　コパーズ茗荷谷ビル１階,,コパズ茗荷谷クリニック,CODE,G002343,代表,コパーズ・茗荷谷クリニック 文京区 公式サイト
313707809471,東京内視鏡クリニック,1315722673,160-0023,東京都,新宿区西新宿七丁目１０番１号　Ｏ－ＧＵＡＲＤ新宿４階,,東京内視鏡クリニック,CODE,G002344,代表,東京内視鏡クリニック 新宿区 公式サイト
313700665033,向島医院,1310727321,131-0032,東京都,墨田区東向島三丁目１５番１６号　１階,,向島医院,CODE,G002345,代表,向島医院 墨田区 公式サイト
313587875556,みんなのふるさと診療所,1315726468,160-0002,東京都,新宿区四谷坂町７－１７　Ｒａ　Ｇｒａｎｄｅ　ＹＯＴＳＵＹＡ　１０３号室,,みんなのふるさと診療所,CODE,G002346,代表,みんなのふるさと診療所 新宿区 公式サイト
313553857217,若松河田クリニック,1315725692,162-0054,東京都,新宿区河田町１０－７　グリーンヒルズ河田町２０１,,若松河田クリニック,CODE,G002347,代表,若松河田クリニック 新宿区 公式サイト
313707875045,ゆめのきクリニック,1310530600,113-0033,東京都,文京区本郷４－３７－１５　吉田ビル４階,,ゆめのきクリニック,CODE,G002348,代表,ゆめのきクリニック 文京区 公式サイト
313707845338,医療法人社団　慶潤会　新都心十二社クリニック,1315722335,160-0023,東京都,新宿区西新宿五丁目５番１号－２０３号　ザ・パークハウス西新宿タワー６０,,慶潤会新都心十二社クリニック,CODE,G002349,代表,医療法人社団 慶潤会 新都心十二社クリニック 新宿区 公式サイト
313700817654,西新宿パークサイドクリニック,1315724992,160-0023,東京都,新宿区西新宿五丁目８番２号　惠徳ビル３階,,西新宿パクサイドクリニック,CODE,G002350,代表,西新宿パークサイドクリニック 新宿区 公式サイト
313700746958,医療法人社団　幸真会　新宿コスモ眼科,1315723663,160-0023,東京都,新宿区西新宿一丁目１８番６号　新宿須田ビル地下１階,,幸真会新宿コスモ眼科,CODE,G002351,代表,医療法人社団 幸真会 新宿コスモ眼科 新宿区 公式サイト
313663162098,マルファン・大動脈・ハートクリニック　青見循環器外科・内科,1315723747,162-0054,東京都,新宿区河田町７番１号　有馬ビル１階,,マルファン大動脈ハトクリニック青見循環器外科内科,CODE,G002352,代表,マルファン・大動脈・ハートクリニック 青見循環器外科・内科 新宿区 公式サイト
313587875555,医療法人社団　従容会　戸塚ロイヤルクリニック,1310439844,169-0071,東京都,新宿区戸塚町一丁目１０４番１９号　リーガロイヤルホテル東京５階,,従容会戸塚ロイヤルクリニック,CODE,G002353,代表,医療法人社団 従容会 戸塚ロイヤルクリニック 新宿区 公式サイト
313571676902,医療法人社団　秀志会　松平小児科,1310527846,112-0014,東京都,文京区関口一丁目１５番９号　１階,,秀志会松平小児科,CODE,G002354,代表,医療法人社団 秀志会 松平小児科 文京区 公式サイト
313553857216,斉藤整形外科,1310526129,112-0012,東京都,文京区大塚三丁目７番１５号,,斉藤整形外科,CODE,G002355,代表,斉藤整形外科 文京区 公式サイト
313553857215,織田消化器科クリニック,1310629519,110-0004,東京都,台東区下谷三丁目７番２号,,織田消化器科クリニック,CODE,G002356,代表,織田消化器科クリニック 台東区 公式サイト
313544879850,新宿グリーンタワー内科クリニック,1315724059,160-0023,東京都,新宿区西新宿六丁目１４番１号　新宿グリーンタワービル２階,,新宿グリンタワ内科クリニック,CODE,G002357,代表,新宿グリーンタワー内科クリニック 新宿区 公式サイト
313504635631,東京保健生活協同組合　橋場診療所,1310630335,111-0023,東京都,台東区橋場二丁目２番５号　２階３階,,東京保健生活協同組合橋場診療所,CODE,G002358,代表,東京保健生活協同組合 橋場診療所 台東区 公式サイト
313504635630,アジアン美容外科クリニック,1310629253,110-0005,東京都,台東区上野二丁目１１番１０号　小島ビル３階,,アジアン美容外科クリニック,CODE,G002359,代表,アジアン美容外科クリニック 台東区 公式サイト
313700711130,すやすやクリニック,1315725478,160-0023,東京都,新宿区西新宿７－２２－３１　柏木ＭＵＲＡ５１３,,すやすやクリニック,CODE,G002360,代表,すやすやクリニック 新宿区 公式サイト
313587875554,塩川内科医院,1310629303,111-0031,東京都,台東区千束一丁目４番１１号,,塩川内科医院,CODE,G002361,代表,塩川内科医院 台東区 公式サイト
313700711129,須田医院,1310434837,160-0018,東京都,新宿区須賀町１番地,,須田医院,CODE,G002362,代表,須田医院 新宿区 公式サイト
313587875553,ＫＮＯＴ　ＣＬＩＮＩＣ　ＡＯＹＡＭＡ,1315827233,107-0062,東京都,港区南青山５－１１－２　ＳＡＮＷＡ南青山ビル　５階,,knotclinicaoyama,CODE,G002363,代表,KNOT CLINIC AOYAMA 港区 公式サイト
313707809470,信濃町眼科クリニック,1310434209,160-0016,東京都,新宿区信濃町１１番地　カシマビル２階,,信濃町眼科クリニック,CODE,G002364,代表,信濃町眼科クリニック 新宿区 公式サイト
313700783853,ＡＺＡＢＵーＪＵＢＡＮ　ＴＴ　ＨＥＡＲＴ　ＣＬＩＮＩＣ,1315826839,106-0045,東京都,港区麻布十番三丁目１０番１号　ＬＡ　ＣＩＴＹ麻布十番ＣＥＬＥＳＴＥ６階,,azabujubanttheartclinic,CODE,G002365,代表,AZABUーJUBAN TT HEART CLINIC 港区 公式サイト
313700746957,高輪往診クリニック,1315826524,108-0074,東京都,港区高輪２丁目１番４５号,,高輪往診クリニック,CODE,G002366,代表,高輪往診クリニック 港区 公式サイト
313571676901,三田ハウスクリニック,1315826185,108-0073,東京都,港区三田五丁目２番１８号　三田ハウス１０９号室１０７号室１１０号室,,三田ハウスクリニック,CODE,G002367,代表,三田ハウスクリニック 港区 公式サイト
313707925212,Ｔｏｋｙｏ　Ｂｅａｕｔｙ　Ｍａｓｔｅｒ　ｃｌｉｎｉｃ,1315825682,106-0032,東京都,港区六本木７－８－８　ミクニ六本木ビル４階,,tokyobeautymasterclinic,CODE,G002368,代表,Tokyo Beauty Master clinic 港区 公式サイト
313707845337,ＤＮ画像診断クリニック東京,1315824248,105-0012,東京都,港区芝大門二丁目５番５号　住友芝大門ビル１階,,dn画像診断クリニック東京,CODE,G002369,代表,DN画像診断クリニック東京 港区 公式サイト
313700665032,ヤマウチクリニック,1310335612,105-0004,東京都,港区新橋二丁目１６番１号　ニュー新橋ビル４３３,,ヤマウチクリニック,CODE,G002370,代表,ヤマウチクリニック 港区 公式サイト
313663162097,ＮＡＧ整形外科,1315825088,108-0071,東京都,港区白金台５－６－９　ウィンドベース白金５階,,nag整形外科,CODE,G002371,代表,NAG整形外科 港区 公式サイト
313656144581,中尾形成外科,1315825542,105-0001,東京都,港区虎ノ門５－１２－１　虎ノ門ワイコービル１階,,中尾形成外科,CODE,G002372,代表,中尾形成外科 港区 公式サイト
313656144580,医療法人社団　豊穣会　品川ベイ・サイド眼科,1315822564,108-0075,東京都,港区港南二丁目１６番１号　品川イーストワンタワー３階,,豊穣会品川ベイサイド眼科,CODE,G002373,代表,医療法人社団 豊穣会 品川ベイ・サイド眼科 港区 公式サイト
313571676900,六本木ブレストレディースクリニック,1315821996,106-0032,東京都,港区六本木六丁目７番１０号　簗場ビル地下１階,,六本木ブレストレディスクリニック,CODE,G002374,代表,六本木ブレストレディースクリニック 港区 公式サイト
313544879849,医療法人財団　檜扇会　クリニック　東京虎ノ門ＣＯＲ,1315824172,105-0001,東京都,港区虎ノ門四丁目１番１７号　神谷町プライムプレイス２階,,檜扇会クリニック東京虎ノ門cor,CODE,G002375,代表,医療法人財団 檜扇会 クリニック 東京虎ノ門COR 港区 公式サイト
313553857214,六本木ＨＡＴクリニック,1315820220,106-0032,東京都,港区六本木三丁目１番１号　六本木ティーキューブ　２階,,六本木hatクリニック,CODE,G002376,代表,六本木HATクリニック 港区 公式サイト
313656144579,東京ＡＲＴクリニック,1316220446,103-0028,東京都,中央区八重洲一丁目３番１８号　ＶＯＲＴ東京八重洲ｍａｘｉｍ２階,,東京artクリニック,CODE,G002377,代表,東京ARTクリニック 中央区 公式サイト
313700711128,医療法人社団　健若会　東京予防医療クリニック,1310337865,107-0052,東京都,港区赤坂三丁目１３番１０号　新赤坂ビル３階～５階,,健若会東京予防医療クリニック,CODE,G002378,代表,医療法人社団 健若会 東京予防医療クリニック 港区 公式サイト
313587875552,青山整形外科クリニック,1315820063,107-0062,東京都,港区南青山二丁目１３番１１号　マストライフ南青山ビル２階,,青山整形外科クリニック,CODE,G002379,代表,青山整形外科クリニック 港区 公式サイト
313553857213,汐留みらいクリニック,1310332346,105-0004,東京都,港区新橋二丁目１９番２号　リプロ新橋ビル３階,,汐留みらいクリニック,CODE,G002380,代表,汐留みらいクリニック 港区 公式サイト
313544879848,アヴェニュー銀座クリニック,1310239897,104-0061,東京都,中央区銀座二丁目５番１１号　Ｖ８８ビルディング８階,,アヴェニュ銀座クリニック,CODE,G002381,代表,アヴェニュー銀座クリニック 中央区 公式サイト
313707925211,医療法人社団ＳＵＮＳＥＴ　Ｚｅｔｉｔｈ　Ｂｅａｕｔｙ　Ｃｌｉｎｉｃ,1310239962,104-0061,東京都,中央区銀座４丁目２－１７　銀座１１１レジャービル１０階、１３階,,sunsetzetithbeautyclinic,CODE,G002382,代表,医療法人社団SUNSET Zetith Beauty Clinic 中央区 公式サイト
313700746956,勝どき駅前　ネネクリニック,1316220214,104-0054,東京都,中央区勝どき三丁目５番１号　ＴＨＥ　ＣＩＴＹ勝どき５階,,勝どき駅前ネネクリニック,CODE,G002383,代表,勝どき駅前 ネネクリニック 中央区 公式サイト
313707875044,クリニックビューティー銀座,1310239632,104-0061,東京都,中央区銀座二丁目６番９号　ＧＩＮＺＡ２６９ビル６階,,クリニックビュティ銀座,CODE,G002384,代表,クリニックビューティー銀座 中央区 公式サイト
313700783852,リーボイスクリニック銀座　声の耳鼻咽喉科,1316220008,104-0061,東京都,中央区銀座１－２４－３　Ｂｉｚ　Ｆｅｅｌ　ＧＩＮＺＡ　ＰＡＲＫ　ＳＩＤＥ２階,,リボイスクリニック銀座声の耳鼻咽喉科,CODE,G002385,代表,リーボイスクリニック銀座 声の耳鼻咽喉科 中央区 公式サイト
313504635629,おおた心療内科クリニック,1310239681,104-0045,東京都,中央区築地３丁目２－５　第２平和田ビル２階,,おおた心療内科クリニック,CODE,G002386,代表,おおた心療内科クリニック 中央区 公式サイト
313700817653,八丁堀山下内科クリニック,1310237974,104-0032,東京都,中央区八丁堀２丁目４－１－２０２,,八丁堀山下内科クリニック,CODE,G002387,代表,八丁堀山下内科クリニック 中央区 公式サイト
313707809469,ワーカーズクリニック銀座,,104-0061,東京都,中央区銀座六丁目７番１号　みゆきガーデンビル地下２階,,ワカズクリニック銀座,ZIP+NAME,G002388,代表,ワーカーズクリニック銀座 中央区 公式サイト
313707925210,医療法人社団宏和会　エビハラ病院,1213910163,299-2862,千葉県,鴨川市太海６３０－１０,,宏和会エビハラ病院,CODE,G002389,代表,医療法人社団宏和会 エビハラ病院 鴨川市 公式サイト
313700817652,坂本医院,1215210125,287-0001,千葉県,香取市佐原ロ２０２８‐４３,,坂本医院,CODE,G002390,代表,坂本医院 香取市 公式サイト
313700746955,木挽町医院,1316220719,104-0061,東京都,中央区銀座四丁目１１番４号　木挽町ビル,,木挽町医院,CODE,G002391,代表,木挽町医院 中央区 公式サイト
313700746954,八重洲のぞみクリニック,1310234682,103-0027,東京都,中央区日本橋三丁目４番１４号　八重洲Ｎ３ビル３階,,八重洲のぞみクリニック,CODE,G002392,代表,八重洲のぞみクリニック 中央区 公式サイト
313700665031,医療法人社団　優薫会　志保日比谷皮膚科クリニック,1310132969,100-0011,東京都,千代田区内幸町二丁目２番１号　日本プレスセンタービル地下１階,,優薫会志保日比谷皮膚科クリニック,CODE,G002393,代表,医療法人社団 優薫会 志保日比谷皮膚科クリニック 千代田区 公式サイト
313700665030,医療法人社団　恵明会　柴眼科,1214411294,284-0003,千葉県,四街道市鹿渡９３３－８２,,恵明会柴眼科,CODE,G002394,代表,医療法人社団 恵明会 柴眼科 四街道市 公式サイト
313663162096,後藤眼科,,103-0027,東京都,中央区日本橋一丁目２番８号　ニホンバシビル４階,,後藤眼科,ZIP+NAME,G002395,代表,後藤眼科 中央区 公式サイト
313663162095,医療法人社団愛弘会　みらいウィメンズクリニック,1214610549,270-1335,千葉県,印西市原４－２－２,,愛弘会みらいウィメンズクリニック,CODE,G002396,代表,医療法人社団愛弘会 みらいウィメンズクリニック 印西市 公式サイト
313656144578,山本亜希メンタルクリニック,1310133470,102-0073,東京都,千代田区九段北一丁目３番２号　大橋ビル６階,,山本亜希メンタルクリニック,CODE,G002397,代表,山本亜希メンタルクリニック 千代田区 公式サイト
313561077486,中山眼科医院,1310227108,103-0027,東京都,中央区日本橋二丁目１番１９号,,中山眼科医院,CODE,G002398,代表,中山眼科医院 中央区 公式サイト
313553857212,さくらクリニック,1210712018,289-1727,千葉県,山武郡横芝光町宮川１１９４９－１,,さくらクリニック,CODE,G002399,代表,さくらクリニック 山武郡横芝光町 公式サイト
313553857211,小嶋医院,1215110093,295-0004,千葉県,南房総市千倉町瀬戸２３５０,,小嶋医院,CODE,G002400,代表,小嶋医院 南房総市 公式サイト
313544879847,大手町フィナンシャルシティ西山クリニック,1310133462,100-0004,東京都,千代田区大手町一丁目９番４号　大手町フィナンシャルシティノースタワー４階,,大手町フィナンシャルシティ西山クリニック,CODE,G002401,代表,大手町フィナンシャルシティ西山クリニック 千代田区 公式サイト
313504635628,医療法人社団福寿会　八街眼科,1214510475,289-1115,千葉県,八街市八街ほ２５０－８,,福寿会八街眼科,CODE,G002402,代表,医療法人社団福寿会 八街眼科 八街市 公式サイト
313700711127,医療法人社団誠徹会　千葉ニュータウン駅前腎クリニック,1214610879,270-1340,千葉県,印西市中央南１－８　千葉ニュータウン中央駅前センタービル１階,,誠徹会千葉ニュタウン駅前腎クリニック,CODE,G002403,代表,医療法人社団誠徹会 千葉ニュータウン駅前腎クリニック 印西市 公式サイト
313656144577,総合診療クリニック大網,1215410196,299-3251,千葉県,大網白里市大網６５８－２,,総合診療クリニック大網,CODE,G002404,代表,総合診療クリニック大網 大網白里市 公式サイト
313587875551,医療法人社団　千鍛会　ひあり内科医院,1214910162,298-0002,千葉県,いすみ市日在１９４７－１０,,千鍛会ひあり内科医院,CODE,G002405,代表,医療法人社団 千鍛会 ひあり内科医院 いすみ市 公式サイト
313571676899,医療法人社団　令和祥仁会　湖北台四季の道ぐんじクリニック,1212511541,270-1132,千葉県,我孫子市湖北台８－１８－６,,令和祥仁会湖北台四季の道ぐんじクリニック,CODE,G002406,代表,医療法人社団 令和祥仁会 湖北台四季の道ぐんじクリニック 我孫子市 公式サイト
313553857210,医療法人社団すずき小倉台医院,1214610275,270-1356,千葉県,印西市小倉台４－１２,,すずき小倉台医院,CODE,G002407,代表,医療法人社団すずき小倉台医院 印西市 公式サイト
313707925209,公益財団法人　早期胃癌検診協会　附属茅場町クリニック,1310225334,103-0025,東京都,中央区日本橋茅場町二丁目６番１２号,,早期胃癌検診協会附属茅場町クリニック,CODE,G002408,代表,公益財団法人 早期胃癌検診協会 附属茅場町クリニック 中央区 公式サイト
313707875043,おおくすの郷クリニック,1215210406,289-0411,千葉県,香取市府馬３７２３,,おおくすの郷クリニック,CODE,G002409,代表,おおくすの郷クリニック 香取市 公式サイト
313587875550,医療法人社団　秀友会　松信ウィメンズクリニック・こどもクリニック,1210211136,275-0012,千葉県,習志野市本大久保３－５－２７,,秀友会松信ウィメンズクリニックこどもクリニック,CODE,G002410,代表,医療法人社団 秀友会 松信ウィメンズクリニック・こどもクリニック 習志野市 公式サイト
313561077485,医療法人社団順世会德重小児科医院　分室,1212312510,270-0163,千葉県,流山市南流山４－１－１４　パティーナ南流山２０２号室,,順世会德重小児科医院分室,CODE,G002411,代表,医療法人社団順世会德重小児科医院 分室 流山市 公式サイト
313553856249,医療法人社団　芳雅会　内神田皮膚科,1310134650,101-0047,東京都,千代田区内神田二丁目１３番７号　石原ビル１階,,芳雅会内神田皮膚科,CODE,G002412,代表,医療法人社団 芳雅会 内神田皮膚科 千代田区 公式サイト
313504635627,南子安眼科,1211110725,299-1162,千葉県,君津市南子安２－８－３０,,南子安眼科,CODE,G002413,代表,南子安眼科 君津市 公式サイト
313707845336,医療法人社団康喜会　辻仲柏クリニック,1212114437,277-0005,千葉県,柏市柏４－８－１　６階,,康喜会辻仲柏クリニック,CODE,G002414,代表,医療法人社団康喜会 辻仲柏クリニック 柏市 公式サイト
313700817651,医療法人社団国宏会　野本耳鼻咽喉科医院,1214111548,285-0922,千葉県,印旛郡酒々井町中央台２－２０－１１,,国宏会野本耳鼻咽喉科医院,CODE,G002415,代表,医療法人社団国宏会 野本耳鼻咽喉科医院 印旛郡酒々井町 公式サイト
313700746953,銀座レンガ通りクリニック,1310234518,104-0061,東京都,中央区銀座一丁目６番１６号　銀座１６１６ビル　４階,,銀座レンガ通りクリニック,CODE,G002416,代表,銀座レンガ通りクリニック 中央区 公式サイト
313700711126,内閣共済組合内閣府診療所,1310133918,100-8914,東京都,千代田区永田町一丁目６番１号　中央合同庁舎　第８号館２階,,内閣共済組合内閣府診療所,CODE,G002417,代表,内閣共済組合内閣府診療所 千代田区 公式サイト
313656144576,医療法人社団藤光会　藤澤内科クリニック,1212311041,270-0176,千葉県,流山市加４－１８－２,,藤光会藤澤内科クリニック,CODE,G002418,代表,医療法人社団藤光会 藤澤内科クリニック 流山市 公式サイト
313587875549,医療法人社団航星会わたなべ皮フ科形成外科クリニック,1210910554,299-0257,千葉県,袖ケ浦市神納７０７－１,,航星会わたなべ皮フ科形成外科クリニック,CODE,G002419,代表,医療法人社団航星会わたなべ皮フ科形成外科クリニック 袖ケ浦市 公式サイト
313587875548,原田メンタルクリニック,1310131649,102-0072,東京都,千代田区飯田橋一丁目５番８号　アクサンビル４階,,原田メンタルクリニック,CODE,G002420,代表,原田メンタルクリニック 千代田区 公式サイト
313571676898,医療法人社団　なな耳鼻咽喉科,1211911676,279-0012,千葉県,浦安市入船４－１－１　新浦安中央ビル２０１号,,なな耳鼻咽喉科,CODE,G002421,代表,医療法人社団 なな耳鼻咽喉科 浦安市 公式サイト
313571676897,医療法人社団天宣会　北柏リハビリ総合病院,1212112423,277-0004,千葉県,柏市柏下２６５,,天宣会北柏リハビリ総合病院,CODE,G002422,代表,医療法人社団天宣会 北柏リハビリ総合病院 柏市 公式サイト
313553856248,宮下眼科医院,1310231837,104-0031,東京都,中央区京橋二丁目５番１８号　京橋創生館３階,,宮下眼科医院,CODE,G002423,代表,宮下眼科医院 中央区 公式サイト
313544879846,あかつきオンライン診療所,1212117091,277-0843,千葉県,柏市明原１－１１－８　サンパチビル３階,,あかつきオンライン診療所,CODE,G002424,代表,あかつきオンライン診療所 柏市 公式サイト
313504635626,医療法人社団　隆風会　藤井隆広クリニック,1310230813,104-0061,東京都,中央区銀座四丁目１３番１１号　銀座Ｍ＆Ｓビル７階,,隆風会藤井隆広クリニック,CODE,G002425,代表,医療法人社団 隆風会 藤井隆広クリニック 中央区 公式サイト
313707875042,松屋通りクリニック,1310230730,104-0061,東京都,中央区銀座三丁目１２番１１号　銀座加藤ビル３階,,松屋通りクリニック,CODE,G002426,代表,松屋通りクリニック 中央区 公式サイト
313707809468,はやしＡＲＴクリニック半蔵門,1310137547,102-0082,東京都,千代田区一番町１０－２　一番町Ｍビル２階・３階,,はやしartクリニック半蔵門,CODE,G002427,代表,はやしARTクリニック半蔵門 千代田区 公式サイト
313700665029,医療法人社団　千葉医心会　千葉ニュータウンサザンクリニック,1214610614,270-1340,千葉県,印西市中央南１－７－４,,千葉医心会千葉ニュタウンサザンクリニック,CODE,G002428,代表,医療法人社団 千葉医心会 千葉ニュータウンサザンクリニック 印西市 公式サイト
313561077484,医療法人社団　鴻志会　日吉台レディースクリニック,1214810255,286-0201,千葉県,富里市日吉台２－９－６,,鴻志会日吉台レディスクリニック,CODE,G002429,代表,医療法人社団 鴻志会 日吉台レディースクリニック 富里市 公式サイト
313544879845,中山クリニック,1212511061,270-1151,千葉県,我孫子市本町２－２－１７　中山ビル１Ｆ,,中山クリニック,CODE,G002430,代表,中山クリニック 我孫子市 公式サイト
313707925208,医療法人社団　江祐会　はっとり内科クリニック,1210810689,283-0002,千葉県,東金市求名７６－１,,江祐会はっとり内科クリニック,CODE,G002431,代表,医療法人社団 江祐会 はっとり内科クリニック 東金市 公式サイト
313700783851,浅井医院,1310132894,102-0083,東京都,千代田区麹町三丁目７番地２４　東急ドエルグラフィオ麹町１０１,,浅井医院,CODE,G002432,代表,浅井医院 千代田区 公式サイト
313707925207,医療法人社団誠優の杜　谷津干潟こどもアレルギークリニック,1210212548,275-0026,千葉県,習志野市谷津７－７－１　Ｌｏｈａｒｕ津田沼　Ａ棟４階,,誠優の杜谷津干潟こどもアレルギクリニック,CODE,G002433,代表,医療法人社団誠優の杜 谷津干潟こどもアレルギークリニック 習志野市 公式サイト
313707845335,君津市国保小櫃診療所,1211110303,292-0451,千葉県,君津市末吉１０４６,,君津市国保小櫃診療所,CODE,G002434,代表,君津市国保小櫃診療所 君津市 公式サイト
313700817650,医療法人新都市医療研究会「君津」会　玄々堂佐貫クリニック,1211210475,293-0057,千葉県,富津市亀田４４５－３,,新都市医療研究会「君津」会玄々堂佐貫クリニック,CODE,G002435,代表,医療法人新都市医療研究会「君津」会 玄々堂佐貫クリニック 富津市 公式サイト
313700746952,柏の葉スキンクリニック,1212117257,277-0871,千葉県,柏市若柴２２７－６　柏の葉キャンパス１４７街区　Ｅ－３,,柏の葉スキンクリニック,CODE,G002436,代表,柏の葉スキンクリニック 柏市若柴227-6 柏の葉キャンパス147街区 公式サイト
313587875547,セブンパークアリオ柏眼科,1212116697,277-0922,千葉県,柏市大島田１－６－１　セブンパークアリオ柏２階,,セブンパクアリオ柏眼科,CODE,G002437,代表,セブンパークアリオ柏眼科 柏市 公式サイト
313700711125,戸澤内科消化器科クリニック,2217200233,432-8068,静岡県,浜松市中央区大平台１－２２－３３,,戸澤内科消化器科クリニック,CODE,G002438,代表,戸澤内科消化器科クリニック 浜松市中央区 公式サイト
313707875041,高橋整形リハビリクリニック,2217111539,430-0949,静岡県,浜松市中央区尾張町１２５ー１９,,高橋整形リハビリクリニック,CODE,G002439,代表,高橋整形リハビリクリニック 浜松市中央区 公式サイト
313707809467,はやしクリニック,1610118216,930-0873,富山県,富山市金屋（４区）３８２７－７,,はやしクリニック,CODE,G002440,代表,はやしクリニック 富山市金屋(4区 公式サイト
313700665028,岡本眼科クリニック,2217112040,432-8063,静岡県,浜松市中央区小沢渡町６８９ー２,,岡本眼科クリニック,CODE,G002441,代表,岡本眼科クリニック 浜松市中央区 公式サイト
313700665027,ほり眼科クリニック,1610115725,931-8325,富山県,富山市城川原２丁目１番１１号,,ほり眼科クリニック,CODE,G002442,代表,ほり眼科クリニック 富山市 公式サイト
313561077483,ほんごうハヤシ整形外科クリニック,1610213108,933-0954,富山県,高岡市美幸町１丁目１番４５号,,ほんごうハヤシ整形外科クリニック,CODE,G002443,代表,ほんごうハヤシ整形外科クリニック 高岡市 公式サイト
313707925206,福岡町たぐちクリニック,1610214312,939-0131,富山県,高岡市福岡町荒屋敷６３０,,福岡町たぐちクリニック,CODE,G002444,代表,福岡町たぐちクリニック 高岡市 公式サイト
313700746950,真生会　富山病院,1611910769,939-0243,富山県,射水市下若８９－１０,,真生会富山病院,CODE,G002445,代表,真生会 富山病院 射水市 公式サイト
313700746949,砺波サナトリウム福井病院,1610810606,939-1315,富山県,砺波市太田５７０番地,,砺波サナトリウム福井病院,CODE,G002446,代表,砺波サナトリウム福井病院 砺波市 公式サイト
313571676896,医療法人社団　佐伯医院,1612010742,939-1610,富山県,南砺市福光１３１７番地,,佐伯医院,CODE,G002447,代表,医療法人社団 佐伯医院 南砺市 公式サイト
313553856247,水谷診療所,1611610690,930-1406,富山県,中新川郡立山町芦峅寺字松尾３番地,,水谷診療所,CODE,G002448,代表,水谷診療所 中新川郡立山町 公式サイト
313544879844,けやきひふ科,1610810846,939-1387,富山県,砺波市となみ町１１－１１,,けやきひふ科,CODE,G002449,代表,けやきひふ科 砺波市 公式サイト
313544879843,西野内科病院,1610910620,932-0057,富山県,小矢部市本町３－３３,,西野内科病院,CODE,G002450,代表,西野内科病院 小矢部市 公式サイト
313707925205,内科小児科中田医院,1610117333,939-2718,富山県,富山市婦中町分田２５４,,内科小児科中田医院,CODE,G002451,代表,内科小児科中田医院 富山市 公式サイト
313707875040,かみやま脳神経クリニック,1610118687,939-8071,富山県,富山市上袋３５８番地,,かみやま脳神経クリニック,CODE,G002452,代表,かみやま脳神経クリニック 富山市 公式サイト
313707845334,富山医療生活協同組合　水橋診療所,1610115014,939-0526,富山県,富山市水橋舘町５９番１号,,富山医療生活協同組合水橋診療所,CODE,G002453,代表,富山医療生活協同組合 水橋診療所 富山市 公式サイト
313707809466,医療法人財団正友会中村記念病院,1610510586,935-0032,富山県,氷見市島尾８２５,,正友会中村記念病院,CODE,G002454,代表,医療法人財団正友会中村記念病院 氷見市 公式サイト
313700817649,アイ・クリニック,,939-8271,富山県,富山市太郎丸西町二丁目８番地６,,アイクリニック,ZIP+NAME,G002455,代表,アイ・クリニック 富山市 公式サイト
313700817648,なかの呼吸器・アレルギークリニック,2217211115,433-8112,静岡県,浜松市中央区初生町３８１－２,,なかの呼吸器アレルギクリニック,CODE,G002456,代表,なかの呼吸器・アレルギークリニック 浜松市中央区 公式サイト
313700783850,内科なぐら医院,2217112149,433-8105,静岡県,浜松市中央区三方原町５７ー５,,内科なぐら医院,CODE,G002457,代表,内科なぐら医院 浜松市中央区 公式サイト
313663162094,いぬづかアレルギークリニック,2217210737,430-0901,静岡県,浜松市中央区曳馬６－８－１６,,いぬづかアレルギクリニック,CODE,G002458,代表,いぬづかアレルギークリニック 浜松市中央区 公式サイト
313587875546,サンバリー福岡病院,1610213629,939-0118,富山県,高岡市福岡町大野１５０,,サンバリ福岡病院,CODE,G002459,代表,サンバリー福岡病院 高岡市 公式サイト
313504635625,八木産婦人科医院,1610118273,930-0068,富山県,富山市西四十物町２－１８,,八木産婦人科医院,CODE,G002460,代表,八木産婦人科医院 富山市 公式サイト
313561077482,東金たまクリニック,1210810663,283-0005,千葉県,東金市田間３－３４－３,,東金たまクリニック,CODE,G002461,代表,東金たまクリニック 東金市 公式サイト
313700817647,さわいこどもクリニック,1214211512,285-0845,千葉県,佐倉市西志津８－７－２７,,さわいこどもクリニック,CODE,G002462,代表,さわいこどもクリニック 佐倉市 公式サイト
313700711124,今田屋内科,1214212205,285-0811,千葉県,佐倉市表町１－７－６,,今田屋内科,CODE,G002463,代表,今田屋内科 佐倉市 公式サイト
313504635624,なめかわ内科クリニック,1214211405,285-0865,千葉県,佐倉市南臼井台６－３,,なめかわ内科クリニック,CODE,G002464,代表,なめかわ内科クリニック 佐倉市 公式サイト
313707808505,国際医療福祉大学健康管理センター,1214312559,286-8686,千葉県,成田市公津の杜４－２ＷＡ棟１階,,国際医療福祉大学健康管理センタ,CODE,G002465,代表,国際医療福祉大学健康管理センター 成田市 公式サイト
313544879842,武田医院,,297-0078,千葉県,茂原市高師台３－３－３,,武田医院,ZIP+NAME,G002466,代表,武田医院 茂原市 公式サイト
313587875545,東部台医院,1213110434,297-0015,千葉県,茂原市東部台３‐２１‐６,,東部台医院,CODE,G002467,代表,東部台医院 茂原市 公式サイト
313707925204,医療法人社団奈真会　山口眼科,1212416097,270-2261,千葉県,松戸市常盤平５－１７－８,,奈真会山口眼科,CODE,G002468,代表,医療法人社団奈真会 山口眼科 松戸市 公式サイト
313700817646,平野医院,1212413664,271-0091,千葉県,松戸市本町５－１０,,平野医院,CODE,G002469,代表,平野医院 松戸市 公式サイト
313561077481,千葉いぐさクリニック,1212416006,271-0064,千葉県,松戸市上本郷８６７－５サポ－レ北松戸３０１号,,千葉いぐさクリニック,CODE,G002470,代表,千葉いぐさクリニック 松戸市 公式サイト
313571676895,医療法人社団緑星会　どうたれ内科診療所,1212413375,270-2261,千葉県,松戸市常盤平１－２０－３,,緑星会どうたれ内科診療所,CODE,G002471,代表,医療法人社団緑星会 どうたれ内科診療所 松戸市 公式サイト
313700665026,医療法人社団英信会　きさらづ皮膚科クリニック,1211011378,292-0805,千葉県,木更津市大和２－２１－１６,,英信会きさらづ皮膚科クリニック,CODE,G002472,代表,医療法人社団英信会 きさらづ皮膚科クリニック 木更津市 公式サイト
313561077480,医療法人社団　中原耳鼻咽喉科クリニック,1211011188,292-0826,千葉県,木更津市畑沢南４－１－１０,,中原耳鼻咽喉科クリニック,CODE,G002473,代表,医療法人社団 中原耳鼻咽喉科クリニック 木更津市 公式サイト
313707845333,木更津乳腺クリニック・さか本,1211011832,292-0835,千葉県,木更津市築地１－４イオンモール木更津２Ｆ,,木更津乳腺クリニックさか本,CODE,G002474,代表,木更津乳腺クリニック・さか本 木更津市 公式サイト
313700817645,医療法人南陽会　田村病院,1213610110,294-0036,千葉県,館山市館山１８３,,南陽会田村病院,CODE,G002475,代表,医療法人南陽会 田村病院 館山市 公式サイト
313700746948,やまなか小児科・内科,1212818433,273-0044,千葉県,船橋市行田１－５０－２　フォルテ船橋２階,,やまなか小児科内科,CODE,G002476,代表,やまなか小児科・内科 船橋市 公式サイト
313587875544,桜井医院,1211011162,292-0038,千葉県,木更津市ほたる野１－２８－３,,桜井医院,CODE,G002477,代表,桜井医院 木更津市 公式サイト
313700817644,しんふなキッズクリニック,1212818219,273-0045,千葉県,船橋市山手３－１－１２新船橋クリニックファーム２階Ｂ,,しんふなキッズクリニック,CODE,G002478,代表,しんふなキッズクリニック 船橋市 公式サイト
313663162093,医療法人社団怜慈会　山﨑内科外科クリニック,1212816684,273-0045,千葉県,船橋市山手１－１－３号ルネ・アクシアム,,怜慈会山﨑内科外科クリニック,CODE,G002479,代表,医療法人社団怜慈会 山﨑内科外科クリニック 船橋市 公式サイト
313587875543,医療法人社団　慈進会　ほそかわクリニック,1212818169,273-0005,千葉県,船橋市本町３－１３－２２,,慈進会ほそかわクリニック,CODE,G002480,代表,医療法人社団 慈進会 ほそかわクリニック 船橋市 公式サイト
313544879841,船橋中央眼科,1212814739,274-0822,千葉県,船橋市飯山満町１－８３６－５,,船橋中央眼科,CODE,G002481,代表,船橋中央眼科 船橋市 公式サイト
313700711123,こころクリニック船橋,1212814317,273-0005,千葉県,船橋市本町６－２－１９日光屋ビル３階,,こころクリニック船橋,CODE,G002482,代表,こころクリニック船橋 船橋市 公式サイト
313553856246,かじかわ内科,1212819829,274-0822,千葉県,船橋市飯山満町１－８３２－５,,かじかわ内科,CODE,G002483,代表,かじかわ内科 船橋市 公式サイト
313700711122,日髙医院,1212801751,274-0063,千葉県,船橋市習志野台６‐１４‐１６,,日髙医院,CODE,G002484,代表,日髙医院 船橋市 公式サイト
313571676894,医療法人社団祐希会　ひまわり行徳クリニック,1212718013,272-0133,千葉県,市川市行徳駅前２－８－１　ＭｅｌｌｏｗＧｙｏｔｏｋｕ２階,,祐希会ひまわり行徳クリニック,CODE,G002485,代表,医療法人社団祐希会 ひまわり行徳クリニック 市川市 公式サイト
313504635623,医療法人社団　薫友会　藤井皮膚科クリニック,1212716363,272-0035,千葉県,市川市新田３－２３－１６　３階,,薫友会藤井皮膚科クリニック,CODE,G002486,代表,医療法人社団 薫友会 藤井皮膚科クリニック 市川市 公式サイト
313707925203,井上医院,1212714459,272-0034,千葉県,市川市市川４－３－９,,井上医院,CODE,G002487,代表,井上医院 市川市 公式サイト
313587875542,医療法人社団　心身実践政策研究全人医会　若松町ひまわりクリニック,1210125385,264-0021,千葉県,千葉市若葉区若松町５４５－６,,心身実践政策研究全人医会若松町ひまわりクリニック,CODE,G002488,代表,医療法人社団 心身実践政策研究全人医会 若松町ひまわりクリニック 千葉市若葉区 公式サイト
313553856245,医療法人社団五月会　とけレディースクリニック,1210116343,267-0066,千葉県,千葉市緑区あすみが丘３－４－３,,五月会とけレディスクリニック,CODE,G002489,代表,医療法人社団五月会 とけレディースクリニック 千葉市緑区 公式サイト
313707808504,こんだこども医院,1210117390,266-0032,千葉県,千葉市緑区おゆみ野中央１－２５－７,,こんだこども医院,CODE,G002490,代表,こんだこども医院 千葉市緑区 公式サイト
313700746947,医療法人社団　こま内科・呼吸器内科,1210113803,264-0032,千葉県,千葉市若葉区みつわ台２‐３８‐１０,,こま内科呼吸器内科,CODE,G002491,代表,医療法人社団 こま内科・呼吸器内科 千葉市若葉区 公式サイト
313700783848,いなげ三浦アイクリニック,1210126482,263-0043,千葉県,千葉市稲毛区小仲台６－２０－３,,いなげ三浦アイクリニック,CODE,G002492,代表,いなげ三浦アイクリニック 千葉市稲毛区 公式サイト
313707925202,医療法人社団オリーブ会　いとう新検見川クリニック,1210123190,262-0025,千葉県,千葉市花見川区花園１－９－１８クリニックガーデン花園３Ｂ,,オリブ会いとう新検見川クリニック,CODE,G002493,代表,医療法人社団オリーブ会 いとう新検見川クリニック 千葉市花見川区 公式サイト
313587875541,医療法人社団悠翔会　悠翔会在宅クリニック稲毛,1210124818,263-0051,千葉県,千葉市稲毛区園生町１１０７－７,,悠翔会悠翔会在宅クリニック稲毛,CODE,G002494,代表,医療法人社団悠翔会 悠翔会在宅クリニック稲毛 千葉市稲毛区 公式サイト
313553856244,医療法人社団松育会　むらまつクリニック,1210121244,263-0002,千葉県,千葉市稲毛区山王町１３８－４,,松育会むらまつクリニック,CODE,G002495,代表,医療法人社団松育会 むらまつクリニック 千葉市稲毛区 公式サイト
313544879840,坂口医院,1210120089,262-0044,千葉県,千葉市花見川区長作町６００－７,,坂口医院,CODE,G002496,代表,坂口医院 千葉市花見川区 公式サイト
313700817643,一般社団法人　巨樹の会　千葉みなとリハビリテーション病院,1210122895,260-0024,千葉県,千葉市中央区中央港１－１７－１８,,巨樹の会千葉みなとリハビリテション病院,CODE,G002497,代表,一般社団法人 巨樹の会 千葉みなとリハビリテーション病院 千葉市中央区 公式サイト
313553856243,医療法人社団　煌和会　國分クリニック,1210118018,260-0805,千葉県,千葉市中央区宮崎町２３５－８,,煌和会國分クリニック,CODE,G002498,代表,医療法人社団 煌和会 國分クリニック 千葉市中央区 公式サイト
313504635622,医療法人社団春鈴会　寺田クリニック,1210119404,260-0015,千葉県,千葉市中央区富士見２－３－１塚本大千葉ビル６階,,春鈴会寺田クリニック,CODE,G002499,代表,医療法人社団春鈴会 寺田クリニック 千葉市中央区 公式サイト
313707808503,もろやま眼科,1112403509,350-0465,埼玉県,入間郡毛呂山町岩井西２丁目１１番地８,,もろやま眼科,CODE,G002500,代表,もろやま眼科 入間郡毛呂山町 公式サイト
313663162092,宮里医院,1111102680,343-0111,埼玉県,北葛飾郡松伏町松伏３８１７,,宮里医院,CODE,G002501,代表,宮里医院 北葛飾郡松伏町 公式サイト
313561077479,医療法人　研秀会　大関内科医院,1114200614,369-0306,埼玉県,児玉郡上里町大字七本木字下原２４０１－３２,,研秀会大関内科医院,CODE,G002502,代表,医療法人 研秀会 大関内科医院 児玉郡上里町 公式サイト
313571676893,うめだクリニック,1114201059,367-0118,埼玉県,児玉郡美里町広木９７０番地,,うめだクリニック,CODE,G002503,代表,うめだクリニック 児玉郡美里町 公式サイト
313656144574,鳩山第一クリニック,1113201456,350-0313,埼玉県,比企郡鳩山町松ケ丘三丁目７番２号,,鳩山第一クリニック,CODE,G002504,代表,鳩山第一クリニック 比企郡鳩山町 公式サイト
313700746946,世沢整形外科,1111303569,362-0806,埼玉県,北足立郡伊奈町大字小室２２１６番地１,,世沢整形外科,CODE,G002505,代表,世沢整形外科 北足立郡伊奈町 公式サイト
313707875039,新白岡駅前内科,1116600142,349-0212,埼玉県,白岡市新白岡４－１３－８　イーストサイド新白岡１０２,,新白岡駅前内科,CODE,G002506,代表,新白岡駅前内科 白岡市 公式サイト
313707808502,ゆりのき皮膚科,1110501940,349-0212,埼玉県,白岡市新白岡七丁目１５番地３,,ゆりのき皮膚科,CODE,G002507,代表,ゆりのき皮膚科 白岡市 公式サイト
313707925201,矢部医院,1110501403,349-0221,埼玉県,白岡市上野田６１５,,矢部医院,CODE,G002508,代表,矢部医院 白岡市 公式サイト
313587875540,まみ内科クリニック,1113001773,356-0057,埼玉県,ふじみ野市市沢１－９－１,,まみ内科クリニック,CODE,G002509,代表,まみ内科クリニック ふじみ野市 公式サイト
313561077478,医療法人社団　埼忠禎会　埼葛クリニック,1116400444,342-0037,埼玉県,吉川市富新田２４５番地,,埼忠禎会埼葛クリニック,CODE,G002510,代表,医療法人社団 埼忠禎会 埼葛クリニック 吉川市 公式サイト
313571676892,医療法人　幸篤会　冨田整形外科,1116200307,350-2206,埼玉県,鶴ケ島市藤金８３５－５９,,幸篤会冨田整形外科,CODE,G002511,代表,医療法人 幸篤会 冨田整形外科 鶴ケ島市 公式サイト
313707808501,根本整形外科医院,1116000814,350-0225,埼玉県,坂戸市日の出町２－１６,,根本整形外科医院,CODE,G002512,代表,根本整形外科医院 坂戸市 公式サイト
313700746945,医療法人社団　秀人会　原田内科クリニック,1116001697,350-0272,埼玉県,坂戸市末広町５番地１　シャンボールビル１０５号,,秀人会原田内科クリニック,CODE,G002513,代表,医療法人社団 秀人会 原田内科クリニック 坂戸市 公式サイト
313700817642,久喜東クリニック,1110901579,346-0011,埼玉県,久喜市青毛四丁目３番地１２くき翔裕館１階,,久喜東クリニック,CODE,G002514,代表,久喜東クリニック 久喜市 公式サイト
313504635621,医療法人社団　一城会　一城クリニック,1111201623,341-0011,埼玉県,三郷市釆女１丁目８２番地,,一城会一城クリニック,CODE,G002515,代表,医療法人社団 一城会 一城クリニック 三郷市 公式サイト
313587875539,医療法人社団香眞会　　みずほ台泌尿器科,1112901692,354-0015,埼玉県,富士見市東みずほ台一丁目７番地２　２階,,香眞会みずほ台泌尿器科,CODE,G002516,代表,医療法人社団香眞会  みずほ台泌尿器科 富士見市 公式サイト
313707875038,あずま内科クリニック,1115101142,352-0021,埼玉県,新座市あたご３丁目１番８号,,あずま内科クリニック,CODE,G002517,代表,あずま内科クリニック 新座市 公式サイト
313707845332,平塚整形外科クリニック,1112901452,354-0021,埼玉県,富士見市鶴馬３３７１番地１,,平塚整形外科クリニック,CODE,G002518,代表,平塚整形外科クリニック 富士見市 公式サイト
313561077477,志木ファミリークリニック,1112201093,353-0004,埼玉県,志木市本町５－１２－２１　ＧＲＡＣＥ１階,,志木ファミリクリニック,CODE,G002519,代表,志木ファミリークリニック 志木市 公式サイト
313553856242,宮崎内科クリニック,1111000322,340-0816,埼玉県,八潮市中央４－１１－４５　司ビル１Ｆ,,宮崎内科クリニック,CODE,G002520,代表,宮崎内科クリニック 八潮市 公式サイト
313544879839,医療法人　坂本医院,1115100821,352-0017,埼玉県,新座市菅沢１－１－３６,,坂本医院,CODE,G002521,代表,医療法人 坂本医院 新座市 公式サイト
313707875037,戸田耳鼻咽喉科,1111902345,335-0021,埼玉県,戸田市大字新曽２２３５番地　ライフコート２Ｆ,,戸田耳鼻咽喉科,CODE,G002522,代表,戸田耳鼻咽喉科 戸田市 公式サイト
313707845331,安城内科小児科クリニック,1110810325,343-0845,埼玉県,越谷市南越谷四丁目１１番５　トラビ南越谷１ＦＢ区画,,安城内科小児科クリニック,CODE,G002523,代表,安城内科小児科クリニック 越谷市南越谷四丁目11番5 トラビ南越谷1FB区 公式サイト
313700783847,わかばこどもクリニック,1112200996,353-0004,埼玉県,志木市本町５－１９－１５　アドリアフレスカ２Ｆ,,わかばこどもクリニック,CODE,G002524,代表,わかばこどもクリニック 志木市 公式サイト
313700746944,下枝医院,1112801249,358-0014,埼玉県,入間市宮寺２６６１－１８,,下枝医院,CODE,G002525,代表,下枝医院 入間市 公式サイト
313663162091,谷合眼科,1112100873,351-0025,埼玉県,朝霞市三原５－１１－１,,谷合眼科,CODE,G002526,代表,谷合眼科 朝霞市 公式サイト
313504635620,白石はなももレディースクリニック,1111901669,335-0021,埼玉県,戸田市大字新曽２２００－２　ロイヤルメドゥ北戸田２Ｆ,,白石はなももレディスクリニック,CODE,G002527,代表,白石はなももレディースクリニック 戸田市 公式サイト
313571676891,ＴーＦＲＯＮＴＥ　消化器内科・外科クリニック,1111902022,335-0021,埼玉県,戸田市新曽６６２　Ｔ－ＦＲＯＮＴＥ３階,,tfronte消化器内科外科クリニック,CODE,G002528,代表,TーFRONTE 消化器内科・外科クリニック 戸田市 公式サイト
313544879838,医療法人社団　朋百会　戸田本町クリニック,1111901586,335-0023,埼玉県,戸田市本町３－９－１６,,朋百会戸田本町クリニック,CODE,G002529,代表,医療法人社団 朋百会 戸田本町クリニック 戸田市 公式サイト
313700711121,本町こどもクリニック,1111901495,335-0023,埼玉県,戸田市本町３－５－４,,本町こどもクリニック,CODE,G002530,代表,本町こどもクリニック 戸田市 公式サイト
313700817641,あさひ診療所,1110805564,343-0803,埼玉県,越谷市砂原字東１００２－７　１０３号室,,あさひ診療所,CODE,G002531,代表,あさひ診療所 越谷市 公式サイト
313707925200,かがわ医院,1111803170,340-0043,埼玉県,草加市草加３－８－２１,,かがわ医院,CODE,G002532,代表,かがわ医院 草加市 公式サイト
313663162090,石川医院,1114602322,366-0824,埼玉県,深谷市西島町３丁目１７番６５,,石川医院,CODE,G002533,代表,石川医院 深谷市 公式サイト
313561077476,医療法人社団　貴昌会　岡野クリニック,1110803825,343-0808,埼玉県,越谷市赤山本町７－２,,貴昌会岡野クリニック,CODE,G002534,代表,医療法人社団 貴昌会 岡野クリニック 越谷市 公式サイト
313587875538,横内整形外科クリニック,1111801786,340-0041,埼玉県,草加市松原４－５－８,,横内整形外科クリニック,CODE,G002535,代表,横内整形外科クリニック 草加市 公式サイト
313544879837,臼田診療所,1111803105,340-0041,埼玉県,草加市松原二丁目４番２１号　コンフォール松原２１号棟１０１号,,臼田診療所,CODE,G002536,代表,臼田診療所 草加市 公式サイト
313656144573,医療法人社団　翡翠会　上平内科クリニック,1111602655,362-0074,埼玉県,上尾市春日２丁目２４番１号,,翡翠会上平内科クリニック,CODE,G002537,代表,医療法人社団 翡翠会 上平内科クリニック 上尾市 公式サイト
313700783846,上野医院,1114600854,366-0810,埼玉県,深谷市宿根字東原７０６―１・７０６―２,,上野医院,CODE,G002538,代表,上野医院 深谷市 公式サイト
313553856241,花園耳鼻咽喉科医院,1114601761,369-1246,埼玉県,深谷市小前田２０６０－１,,花園耳鼻咽喉科医院,CODE,G002539,代表,花園耳鼻咽喉科医院 深谷市 公式サイト
313707875036,いぶき山整形外科クリニック,1112701944,350-1316,埼玉県,狭山市南入曽９７２番５,,いぶき山整形外科クリニック,CODE,G002540,代表,いぶき山整形外科クリニック 狭山市 公式サイト
313707808500,医療法人社団　はやしだ産婦人科医院,1111701028,365-0028,埼玉県,鴻巣市鴻巣１００５－２,,はやしだ産婦人科医院,CODE,G002541,代表,医療法人社団 はやしだ産婦人科医院 鴻巣市 公式サイト
313707808499,医療法人　共立医療会　吹上共立診療所,1111701358,369-0121,埼玉県,鴻巣市吹上富士見３－１－１９,,共立医療会吹上共立診療所,CODE,G002542,代表,医療法人 共立医療会 吹上共立診療所 鴻巣市 公式サイト
313700665025,田嶋医院,1111701721,369-0112,埼玉県,鴻巣市鎌塚三丁目９番１４号,,田嶋医院,CODE,G002543,代表,田嶋医院 鴻巣市 公式サイト
313587875537,いしばし糖尿病内分泌内科クリニック,1113901063,348-0022,埼玉県,羽生市下手子林１４４８,,いしばし糖尿病内分泌内科クリニック,CODE,G002544,代表,いしばし糖尿病内分泌内科クリニック 羽生市 公式サイト
313504635619,織田医院,1112701878,350-1305,埼玉県,狭山市入間川３－２０－４,,織田医院,CODE,G002545,代表,織田医院 狭山市 公式サイト
313656144572,医療法人　益子会（社団）　児玉中央病院,1114301461,367-0218,埼玉県,本庄市児玉町児玉南３丁目３番１号,,益子会社団児玉中央病院,CODE,G002546,代表,医療法人 益子会(社団) 児玉中央病院 本庄市 公式サイト
313656144571,木田内科医院,1110603324,344-0067,埼玉県,春日部市中央１－１１－４,,木田内科医院,CODE,G002547,代表,木田内科医院 春日部市 公式サイト
313707925199,東町眼科,1112506624,359-0025,埼玉県,所沢市上安松１２４６－４,,東町眼科,CODE,G002548,代表,東町眼科 所沢市 公式サイト
313561077475,医療法人　古川医院,1112601524,357-0036,埼玉県,飯能市南町９番１０号　飯能南口医療ビル１・２階,,古川医院,CODE,G002549,代表,医療法人 古川医院 飯能市 公式サイト
313707808498,葵クリニック,1112506764,359-0001,埼玉県,所沢市下富１２０２番１,,葵クリニック,CODE,G002550,代表,葵クリニック 所沢市 公式サイト
313700817640,福島医院,1113800620,347-0034,埼玉県,加須市常泉１３－１,,福島医院,CODE,G002551,代表,福島医院 加須市 公式サイト
313700711120,医療法人社団　水野クリニック,1112601243,357-0045,埼玉県,飯能市笠縫７０－４,,水野クリニック,CODE,G002552,代表,医療法人社団 水野クリニック 飯能市 公式サイト
313571676890,医療法人社団　みのり会　メイプルクリニック,1112506475,359-1145,埼玉県,所沢市山口３３－１　グランディール２０２,,みのり会メイプルクリニック,CODE,G002553,代表,医療法人社団 みのり会 メイプルクリニック 所沢市 公式サイト
313700817639,医療法人　花仁会　秩父病院,1114901823,369-1874,埼玉県,秩父市和泉町２０番,,花仁会秩父病院,CODE,G002554,代表,医療法人 花仁会 秩父病院 秩父市 公式サイト
313700746943,医療法人社団　邦正会　けやき内科,1112504587,359-0042,埼玉県,所沢市並木３丁目１番地所沢パークタウン駅前通り団地７号棟１０２号室,,邦正会けやき内科,CODE,G002555,代表,医療法人社団 邦正会 けやき内科 所沢市 公式サイト
313700665024,くわのみ本郷クリニック,1112505774,359-0022,埼玉県,所沢市本郷２６８－１,,くわのみ本郷クリニック,CODE,G002556,代表,くわのみ本郷クリニック 所沢市 公式サイト
313707845330,竹越医院,1114901799,368-0035,埼玉県,秩父市上町１丁目６番７号,,竹越医院,CODE,G002557,代表,竹越医院 秩父市 公式サイト
313587875536,いせき脳神経外科クリニック,1110210765,332-0034,埼玉県,川口市並木３－１－８　ＭＥＤＩＣＡＬ　ＳＱＵＡＲＥ　Ｋａｗａｇｕｃｈｉ　Ｎａｍｉｋｉ　１階・２階,,いせき脳神経外科クリニック,CODE,G002558,代表,いせき脳神経外科クリニック 川口市 公式サイト
313700817638,医療法人こども未来　ひろ小児科ファミリークリニック,1110210484,333-0844,埼玉県,川口市上青木三丁目３番１号,,こども未来ひろ小児科ファミリクリニック,CODE,G002559,代表,医療法人こども未来 ひろ小児科ファミリークリニック 川口市 公式サイト
313553856240,医療法人社団新穂会　川口駅前タワー皮膚科,1110210393,332-0017,埼玉県,川口市栄町三丁目１３番１号　樹モールプラザ３階,,新穂会川口駅前タワ皮膚科,CODE,G002560,代表,医療法人社団新穂会 川口駅前タワー皮膚科 川口市 公式サイト
313700711119,ひふみクリニック,1110209171,332-0003,埼玉県,川口市東領家３丁目７番地１２号,,ひふみクリニック,CODE,G002561,代表,ひふみクリニック 川口市 公式サイト
313656144570,北村医院,1110209940,333-0801,埼玉県,川口市東川口四丁目１９番１２号１階,,北村医院,CODE,G002562,代表,北村医院 川口市 公式サイト
313700783845,ほり皮フ科クリニック,1110207712,332-0017,埼玉県,川口市栄町１－１２－２１　シティデュオタワー川口２０８号,,ほり皮フ科クリニック,CODE,G002563,代表,ほり皮フ科クリニック 川口市 公式サイト
313553856239,医療法人　徳優会　ぬかが医院,1110207290,333-0842,埼玉県,川口市前川４丁目２３番１４号,,徳優会ぬかが医院,CODE,G002564,代表,医療法人 徳優会 ぬかが医院 川口市 公式サイト
313700817637,山之内医院,1612010924,939-1576,富山県,南砺市やかた２２３－１,,山之内医院,CODE,G002565,代表,山之内医院 南砺市 公式サイト
313587875535,医療法人　サンライズ　村中医院,1110205013,332-0001,埼玉県,川口市朝日３－１５－２１,,サンライズ村中医院,CODE,G002566,代表,医療法人 サンライズ 村中医院 川口市 公式サイト
313707875035,とよた小児科クリニック,1611910520,939-0274,富山県,射水市小島７３０－２,,とよた小児科クリニック,CODE,G002567,代表,とよた小児科クリニック 射水市 公式サイト
313571676889,独立行政法人国立病院機構富山病院,1618010019,939-2692,富山県,富山市婦中町新町３１４５番地,,国立病院機構富山病院,CODE,G002568,代表,独立行政法人国立病院機構富山病院 富山市 公式サイト
313700746942,南砺市民病院,1612010395,932-0211,富山県,南砺市井波９３８,,南砺市民病院,CODE,G002569,代表,南砺市民病院 南砺市 公式サイト
313707808497,とよだ眼科クリニック,1610810564,939-1363,富山県,砺波市太郎丸１丁目８番２,,とよだ眼科クリニック,CODE,G002570,代表,とよだ眼科クリニック 砺波市 公式サイト
313707845329,医療法人社団双星会　渡辺整形外科医院,1611610724,930-0352,富山県,中新川郡上市町上法音寺１２,,双星会渡辺整形外科医院,CODE,G002571,代表,医療法人社団双星会 渡辺整形外科医院 中新川郡上市 公式サイト
313656143609,サイトウクリニック,2216900262,438-0205,静岡県,磐田市堀之内１６７８－２,,サイトウクリニック,CODE,G002572,代表,サイトウクリニック 磐田市 公式サイト
313700783844,せきおか整形外科,2216601555,438-0235,静岡県,磐田市白羽５９１－１,,せきおか整形外科,CODE,G002573,代表,せきおか整形外科 磐田市 公式サイト
313571676888,医療法人社団健勝会　鈴木診療院,2216610200,431-4101,静岡県,浜松市天竜区水窪町奥領家２６３２番地の２の１,,健勝会鈴木診療院,CODE,G002574,代表,医療法人社団健勝会 鈴木診療院 浜松市天竜区 公式サイト
313700665023,本江整形外科医院,1610113969,930-0857,富山県,富山市奥田新町１７－１,,本江整形外科医院,CODE,G002575,代表,本江整形外科医院 富山市 公式サイト
313663162089,越野クリニック,,934-0091,富山県,高岡市下牧野埋田２６４－１,,越野クリニック,ZIP+NAME,G002576,代表,越野クリニック 高岡市 公式サイト
313561077474,中野眼科,1610213827,933-0813,富山県,高岡市下伏間江３８３番地イオン高岡ショッピングセンター１階,,中野眼科,CODE,G002577,代表,中野眼科 高岡市 公式サイト
313504635618,砺波誠友病院,1610810507,939-1303,富山県,砺波市大窪１７番１,,砺波誠友病院,CODE,G002578,代表,砺波誠友病院 砺波市 公式サイト
313707808496,岡田産科婦人科,1610118836,930-0058,富山県,富山市古鍜冶町５－３４,,岡田産科婦人科,CODE,G002579,代表,岡田産科婦人科 富山市 公式サイト
313571676887,あべ耳鼻咽喉科クリニック,1610213926,933-0857,富山県,高岡市木津６０２－１,,あべ耳鼻咽喉科クリニック,CODE,G002580,代表,あべ耳鼻咽喉科クリニック 高岡市 公式サイト
313700783843,やまだメディカルクリニック,1610511014,935-0037,富山県,氷見市上泉６２３番,,やまだメディカルクリニック,CODE,G002581,代表,やまだメディカルクリニック 氷見市 公式サイト
313587875534,くれはキッズクリニック,1610119685,930-0138,富山県,富山市呉羽町３０２２－１,,くれはキッズクリニック,CODE,G002582,代表,くれはキッズクリニック 富山市 公式サイト
313561077473,脳とこころと眠りのサポートクリニック富山,1610119925,930-0856,富山県,富山市牛島新町５番５号　インテックビル１階,,脳とこころと眠りのサポトクリニック富山,CODE,G002583,代表,脳とこころと眠りのサポートクリニック富山 富山市 公式サイト
313707875034,山西医院,1610119974,930-0859,富山県,富山市牛島本町２－６－８,,山西医院,CODE,G002584,代表,山西医院 富山市 公式サイト
313700746941,キブネ眼科医院,2218310148,434-0037,静岡県,浜松市浜名区沼１０４－１,,キブネ眼科医院,CODE,G002585,代表,キブネ眼科医院 浜松市浜名区 公式サイト
313700711118,笠原産婦人科医院,2216400552,437-0016,静岡県,袋井市葵町１丁目７番地の１,,笠原産婦人科医院,CODE,G002586,代表,笠原産婦人科医院 袋井市 公式サイト
313707808495,たむら内科クリニック,2217211982,434-0031,静岡県,浜松市浜名区小林１２６４番地の１,,たむら内科クリニック,CODE,G002587,代表,たむら内科クリニック 浜松市浜名区 公式サイト
313656143608,仁瓶整形外科医院,2218201180,431-0102,静岡県,浜松市中央区雄踏町宇布見８１１３,,仁瓶整形外科医院,CODE,G002588,代表,仁瓶整形外科医院 浜松市中央区 公式サイト
313707875033,たなか循環器内科クリニック,2217310214,437-0023,静岡県,袋井市高尾１７６６－１,,たなか循環器内科クリニック,CODE,G002589,代表,たなか循環器内科クリニック 袋井市 公式サイト
313707845328,やまだ皮膚科クリニック,2217211776,431-3122,静岡県,浜松市中央区有玉南町５３７－１,,やまだ皮膚科クリニック,CODE,G002590,代表,やまだ皮膚科クリニック 浜松市中央区 公式サイト
313700711117,小泉医院,2216300372,437-0625,静岡県,浜松市天竜区春野町堀之内９８４～２,,小泉医院,CODE,G002591,代表,小泉医院 浜松市天竜区 公式サイト
313553856238,胃カメラと大腸内視鏡のかがみ消化器内科クリニック,2217211875,431-3122,静岡県,浜松市中央区有玉南町７２５,,胃カメラと大腸内視鏡のかがみ消化器内科クリニック,CODE,G002592,代表,胃カメラと大腸内視鏡のかがみ消化器内科クリニック 浜松市中央区 公式サイト
313707808494,エールこころのクリニック,2217202429,432-8001,静岡県,浜松市中央区西山町１３２８－２,,エルこころのクリニック,CODE,G002593,代表,エールこころのクリニック 浜松市中央区 公式サイト
313553856237,いで内科・呼吸器内科クリニック,2217211610,434-0014,静岡県,浜松市浜名区本沢合８０１番地の４,,いで内科呼吸器内科クリニック,CODE,G002594,代表,いで内科・呼吸器内科クリニック 浜松市浜名区 公式サイト
313700817636,かしわばら消化器クリニック,2217211362,433-8113,静岡県,浜松市中央区小豆餅３－２２－２９,,かしわばら消化器クリニック,CODE,G002595,代表,かしわばら消化器クリニック 浜松市中央区 公式サイト
313587875533,ＥＮＴ名倉クリニック,2217210570,430-0919,静岡県,浜松市中央区野口町３５７,,ent名倉クリニック,CODE,G002596,代表,ENT名倉クリニック 浜松市中央区 公式サイト
313587875532,おおば小児科,2217210810,433-8105,静岡県,浜松市中央区三方原町１２９３－１,,おおば小児科,CODE,G002597,代表,おおば小児科 浜松市中央区 公式サイト
313700817635,いとう耳鼻咽喉科,2217200274,431-3124,静岡県,浜松市中央区半田町１３３－１,,いとう耳鼻咽喉科,CODE,G002598,代表,いとう耳鼻咽喉科 浜松市中央区 公式サイト
313561077472,近藤外科消化器科医院,2217201652,430-0841,静岡県,浜松市中央区寺脇町６６４－２,,近藤外科消化器科医院,CODE,G002599,代表,近藤外科消化器科医院 浜松市中央区 公式サイト
313544879836,海辺のこどもクリニック　小児科・アレルギー科,2217112032,431-0202,静岡県,静岡県浜松市中央区坪井町４６９３ー１,,海辺のこどもクリニック小児科アレルギ科,CODE,G002600,代表,海辺のこどもクリニック 小児科・アレルギー科 静岡県浜松市中央区 公式サイト
313700783842,アクト眼科,2217200662,430-7702,静岡県,浜松市中央区板屋町１１１－２アクトプラザ２Ｆ,,アクト眼科,CODE,G002601,代表,アクト眼科 浜松市中央区 公式サイト
313700746940,森の家クリニック,2216310116,437-0215,静岡県,周智郡森町森１５６２－１,,森の家クリニック,CODE,G002602,代表,森の家クリニック 周智郡森町 公式サイト
313656143607,相羽内科消化器科医院,2217111067,431-2102,静岡県,浜松市浜名区都田町８１１０－３,,相羽内科消化器科医院,CODE,G002603,代表,相羽内科消化器科医院 浜松市浜名区 公式サイト
313571676886,かしの樹クリニック,2217201710,433-8122,静岡県,浜松市中央区上島６丁目３ー４１,,かしの樹クリニック,CODE,G002604,代表,かしの樹クリニック 浜松市中央区 公式サイト
313553856236,マスダクリニック,2217105481,432-8021,静岡県,浜松市中央区佐鳴台３丁目２９番２２号,,マスダクリニック,CODE,G002605,代表,マスダクリニック 浜松市中央区 公式サイト
313707845327,たきいクリニック,2215200276,421-0216,静岡県,焼津市相川１２１５番２号,,たきいクリニック,CODE,G002606,代表,たきいクリニック 焼津市 公式サイト
313663162088,静岡みらいスポーツ・整形外科,2214211266,422-8008,静岡県,静岡市駿河区栗原６－２５静鉄栗原ビル１階,,静岡みらいスポツ整形外科,CODE,G002607,代表,静岡みらいスポーツ・整形外科 静岡市駿河区 公式サイト
313700711116,サニーメディカルクリニック,2215310638,426-0034,静岡県,藤枝市駅前２丁目１９番１５号,,サニメディカルクリニック,CODE,G002608,代表,サニーメディカルクリニック 藤枝市 公式サイト
313587875531,池ヶ谷内科医院,2216110326,439-0011,静岡県,菊川市仲島２ー１ー５,,池ヶ谷内科医院,CODE,G002609,代表,池ヶ谷内科医院 菊川市 公式サイト
313707925198,医療法人社団綾和会　駿河西病院,2215110202,425-0062,静岡県,焼津市中根新田１３１５番地,,綾和会駿河西病院,CODE,G002610,代表,医療法人社団綾和会 駿河西病院 焼津市 公式サイト
313707808493,するがこどもクリニック,2214211662,422-8057,静岡県,静岡市駿河区見瀬２２９－２,,するがこどもクリニック,CODE,G002611,代表,するがこどもクリニック 静岡市駿河区 公式サイト
313700665022,静岡市立静岡病院,2214211332,420-8630,静岡県,静岡市葵区追手町１０－９３,,静岡市立静岡病院,CODE,G002612,代表,静岡市立静岡病院 静岡市葵区 公式サイト
313656143606,清水城西クリニック,2214211613,424-0002,静岡県,静岡市清水区山原３２０－１３,,清水城西クリニック,CODE,G002613,代表,清水城西クリニック 静岡市清水区 公式サイト
313707845326,樋口内科,2216200739,436-0019,静岡県,掛川市青葉台２１ー１６,,樋口内科,CODE,G002614,代表,樋口内科 掛川市 公式サイト
313700817634,菊川眼科,2216110318,439-0031,静岡県,菊川市加茂５１３４,,菊川眼科,CODE,G002615,代表,菊川眼科 菊川市 公式サイト
313707925197,たぐちクリニック,2215710043,427-0029,静岡県,島田市日之出町４－８　島田テクノビル１階,,たぐちクリニック,CODE,G002616,代表,たぐちクリニック 島田市 公式サイト
313707845325,田沼脳神経クリニック,2215301777,426-0061,静岡県,藤枝市田沼２丁目９番３３号,,田沼脳神経クリニック,CODE,G002617,代表,田沼脳神経クリニック 藤枝市 公式サイト
313707808492,東静岡腎クリニック,2214211795,420-0816,静岡県,静岡市葵区沓谷六丁目１８番地の８,,東静岡腎クリニック,CODE,G002618,代表,東静岡腎クリニック 静岡市葵区 公式サイト
313571676885,鈴木医院,2215510161,428-0104,静岡県,島田市川根町家山３４５－１,,鈴木医院,CODE,G002619,代表,鈴木医院 島田市 公式サイト
313707808491,こんどうクリニック,2214200111,422-8037,静岡県,静岡市駿河区下島３２４　平瓮ビル　パート１　１０１号,,こんどうクリニック,CODE,G002620,代表,こんどうクリニック 静岡市駿河区 公式サイト
313700783841,みずほ腎クリニック,2214211159,421-0115,静岡県,静岡市駿河区みずほ２－１８－１,,みずほ腎クリニック,CODE,G002621,代表,みずほ腎クリニック 静岡市駿河区 公式サイト
313544879835,ふじかわ腎泌尿器科クリニック,2214203875,421-0112,静岡県,静岡市駿河区東新田１－１３－２８,,ふじかわ腎泌尿器科クリニック,CODE,G002622,代表,ふじかわ腎泌尿器科クリニック 静岡市駿河区 公式サイト
313504635617,飯山内科クリニック,2214211118,422-8072,静岡県,静岡市駿河区小黒２－９－１３,,飯山内科クリニック,CODE,G002623,代表,飯山内科クリニック 静岡市駿河区 公式サイト
313656143605,ゆきえ整形外科クリニック,2214203925,420-0873,静岡県,静岡市葵区籠上１２番４０号,,ゆきえ整形外科クリニック,CODE,G002624,代表,ゆきえ整形外科クリニック 静岡市葵区 公式サイト
313587875530,髙橋眼科クリニック,2214201028,422-8007,静岡県,静岡市駿河区聖一色３６－１２,,髙橋眼科クリニック,CODE,G002625,代表,髙橋眼科クリニック 静岡市駿河区 公式サイト
313587875529,宮地医院,2213210368,424-0012,静岡県,静岡市清水区下野西７番７号,,宮地医院,CODE,G002626,代表,宮地医院 静岡市清水区 公式サイト
313700711115,船越クリニック,2213202829,424-0865,静岡県,静岡市清水区船越３－１０－１９,,船越クリニック,CODE,G002627,代表,船越クリニック 静岡市清水区 公式サイト
313707925196,望月クリニック,2213202704,424-0858,静岡県,静岡市清水区大沢町２番１４号,,望月クリニック,CODE,G002628,代表,望月クリニック 静岡市清水区 公式サイト
313587875528,鮒橋医院,2213110048,421-3104,静岡県,静岡市清水区由比北田４６７,,鮒橋医院,CODE,G002629,代表,鮒橋医院 静岡市清水区 公式サイト
313504635616,いそえ脳神経外科クリニック,2212311001,416-0919,静岡県,富士市松富町５１－１,,いそえ脳神経外科クリニック,CODE,G002630,代表,いそえ脳神経外科クリニック 富士市 公式サイト
313656143604,富士健康クリニック,2212310276,417-0847,静岡県,富士市比奈１２９６－１１,,富士健康クリニック,CODE,G002631,代表,富士健康クリニック 富士市 公式サイト
313707808490,医療法人社団一寿会　関野記念クリニック,2210610404,411-0039,静岡県,三島市寿町９－２３,,一寿会関野記念クリニック,CODE,G002632,代表,医療法人社団一寿会 関野記念クリニック 三島市 公式サイト
313700746939,医療法人社団真養会　田沢医院,2211110701,410-0801,静岡県,沼津市大手町３－７－１,,真養会田沢医院,CODE,G002633,代表,医療法人社団真養会 田沢医院 沼津市 公式サイト
313663162087,公益財団法人復康会　鷹岡病院,2212310102,419-0205,静岡県,富士市天間１５８５,,復康会鷹岡病院,CODE,G002634,代表,公益財団法人復康会 鷹岡病院 富士市 公式サイト
313700665021,富士市救急医療センター,2212310169,417-0034,静岡県,富士市津田２１７－２,,富士市救急医療センタ,CODE,G002635,代表,富士市救急医療センター 富士市 公式サイト
313544879834,鈴木クリニック,2210200560,415-0011,静岡県,下田市河内２７７－８,,鈴木クリニック,CODE,G002636,代表,鈴木クリニック 下田市 公式サイト
313707845324,山本康孝循環器内科・内科クリニック,2212302844,417-0001,静岡県,富士市今泉５－１２－１５,,山本康孝循環器内科内科クリニック,CODE,G002637,代表,山本康孝循環器内科・内科クリニック 富士市 公式サイト
313707808489,小山消化器・内科,2210610271,411-0824,静岡県,三島市長伏２２６番地－１,,小山消化器内科,CODE,G002638,代表,小山消化器・内科 三島市 公式サイト
313700783840,ヒロ内科クリニック,2212101733,418-0001,静岡県,富士宮市万野原新田３９２５－４,,ヒロ内科クリニック,CODE,G002639,代表,ヒロ内科クリニック 富士宮市 公式サイト
313571676884,上町医院,2211210220,412-0028,静岡県,御殿場市御殿場字上町２４－１,,上町医院,CODE,G002640,代表,上町医院 御殿場市 公式サイト
313553856235,医療法人　海山会　世古口クリニック,2413005162,519-3406,三重県,北牟婁郡紀北町相賀１９４１－４,,海山会世古口クリニック,CODE,G002641,代表,医療法人 海山会 世古口クリニック 北牟婁郡紀北町 公式サイト
313707875032,田島医院,2210410136,414-0001,静岡県,伊東市宇佐美１１３７－７,,田島医院,CODE,G002642,代表,田島医院 伊東市 公式サイト
313707925195,宮村眼科,2412900801,517-0501,三重県,志摩市阿児町鵜方３１６３ー７,,宮村眼科,CODE,G002643,代表,宮村眼科 志摩市 公式サイト
313707845323,とういん眼科クリニック,2412100600,511-0242,三重県,員弁郡東員町大字六把野新田字薮の内１５３,,とういん眼科クリニック,CODE,G002644,代表,とういん眼科クリニック 員弁郡東員町 公式サイト
313707808488,医療法人　西村整形外科,2411005149,519-3611,三重県,尾鷲市朝日町１１－１７,,西村整形外科,CODE,G002645,代表,医療法人 西村整形外科 尾鷲市 公式サイト
313700817633,やまなかこどもクリニック,2410805572,519-0502,三重県,伊勢市小俣町相合４８０番地,,やまなかこどもクリニック,CODE,G002646,代表,やまなかこどもクリニック 伊勢市 公式サイト
313700817632,紀南病院附属小森診療所,2411105139,519-5401,三重県,熊野市紀和町小森６１９,,紀南病院附属小森診療所,CODE,G002647,代表,紀南病院附属小森診療所 熊野市 公式サイト
313700817631,いまむら整形外科,2411205558,518-0843,三重県,伊賀市久米町字大坪６６６番,,いまむら整形外科,CODE,G002648,代表,いまむら整形外科 伊賀市 公式サイト
313700817630,はしづめクリニック,2411005214,519-3811,三重県,尾鷲市三木里町２９４番地３,,はしづめクリニック,CODE,G002649,代表,はしづめクリニック 尾鷲市 公式サイト
313700783839,みなみ整形外科,2411400142,511-0276,三重県,いなべ市大安町石榑下字野間２２５の２,,みなみ整形外科,CODE,G002650,代表,みなみ整形外科 いなべ市 公式サイト
313700665020,たけざわクリニック,2411205319,518-0825,三重県,伊賀市小田町７４９－１,,たけざわクリニック,CODE,G002651,代表,たけざわクリニック 伊賀市 公式サイト
313700817629,医療法人中田整形外科,2410705236,515-0062,三重県,松阪市小黒田町４９０－３,,中田整形外科,CODE,G002652,代表,医療法人中田整形外科 松阪市 公式サイト
313663162086,なかせ在宅診療所,2410715060,515-0063,三重県,松阪市大黒田町字西出１２３８番３,,なかせ在宅診療所,CODE,G002653,代表,なかせ在宅診療所 松阪市 公式サイト
313571676883,多田クリニック,2410702506,515-2321,三重県,松阪市嬉野中川町１１１０－４,,多田クリニック,CODE,G002654,代表,多田クリニック 松阪市 公式サイト
313707875031,医療法人赤塚クリニック,2410515031,514-2211,三重県,津市芸濃町椋本８９０番地１,,赤塚クリニック,CODE,G002655,代表,医療法人赤塚クリニック 津市 公式サイト
313700665019,あめさら耳鼻咽喉科,2410515239,514-0062,三重県,津市観音寺町７９９番地７,,あめさら耳鼻咽喉科,CODE,G002656,代表,あめさら耳鼻咽喉科 津市 公式サイト
313707925194,津田クリニック,2410505982,514-1118,三重県,津市久居新町３００６,,津田クリニック,CODE,G002657,代表,津田クリニック 津市 公式サイト
313700746938,川口整形外科,2410400341,519-0165,三重県,亀山市野村４丁目４ー１９,,川口整形外科,CODE,G002658,代表,川口整形外科 亀山市 公式サイト
313707925193,はしもと総合診療クリニック,2411305192,518-0753,三重県,名張市蔵持町里３２５８－２,,はしもと総合診療クリニック,CODE,G002659,代表,はしもと総合診療クリニック 名張市 公式サイト
313707845322,野尻こどもファミリークリニック,2212101659,418-0067,静岡県,富士宮市宮町５ー３０,,野尻こどもファミリクリニック,CODE,G002660,代表,野尻こどもファミリークリニック 富士宮市 公式サイト
313700817628,医療法人　おかべ泌尿器科皮フ科,2410305540,510-0235,三重県,鈴鹿市南江島町１０ー２７,,おかべ泌尿器科皮フ科,CODE,G002661,代表,医療法人 おかべ泌尿器科皮フ科 鈴鹿市 公式サイト
313700817627,まちしクリニック,2411205434,519-1412,三重県,伊賀市下柘植１０９２,,まちしクリニック,CODE,G002662,代表,まちしクリニック 伊賀市 公式サイト
313700783838,北村医院内科,2214110690,420-0071,静岡県,静岡市葵区一番町９,,北村医院内科,CODE,G002663,代表,北村医院内科 静岡市葵区 公式サイト
313700711114,医療法人　上久保整形外科クリニック,2411305028,518-0722,三重県,名張市松崎町１４４３番地,,上久保整形外科クリニック,CODE,G002664,代表,医療法人 上久保整形外科クリニック 名張市 公式サイト
313700665018,まさき耳鼻科医院,2210401572,414-0001,静岡県,伊東市宇佐美１９３６－２９,,まさき耳鼻科医院,CODE,G002665,代表,まさき耳鼻科医院 伊東市 公式サイト
313663162085,こもの風の丘内科クリニック,2412200723,510-1233,三重県,三重郡菰野町菰野９８７－１,,こもの風の丘内科クリニック,CODE,G002666,代表,こもの風の丘内科クリニック 三重郡菰野町 公式サイト
313656143603,もといちば内科クリニック,2212302992,416-0954,静岡県,富士市本市場町９０６,,もといちば内科クリニック,CODE,G002667,代表,もといちば内科クリニック 富士市 公式サイト
313561077471,さざ波てんかん神経クリニック,2214211043,420-0852,静岡県,静岡市葵区紺屋町４－８　ガーデンスクエア第３ビル２階Ｂ,,さざ波てんかん神経クリニック,CODE,G002668,代表,さざ波てんかん神経クリニック 静岡市葵区 公式サイト
313561077470,こうのファミリークリニック,2214200921,424-0925,静岡県,静岡市清水区清水村松地先新田１０－８,,こうのファミリクリニック,CODE,G002669,代表,こうのファミリークリニック 静岡市清水区 公式サイト
313504635615,中山医院,2212310490,417-0057,静岡県,富士市瓜島町１０４－３,,中山医院,CODE,G002670,代表,中山医院 富士市 公式サイト
313707808487,医療法人社団万年青会　坂口医院,2410505784,514-0821,三重県,津市垂水１８８９番３０,,万年青会坂口医院,CODE,G002671,代表,医療法人社団万年青会 坂口医院 津市 公式サイト
313700745977,こどもクリニックみなと,2214201515,420-0841,静岡県,静岡市葵区上足洗２－４－１０,,こどもクリニックみなと,CODE,G002672,代表,こどもクリニックみなと 静岡市葵区 公式サイト
313656143602,医療法人　玉石産婦人科,2410805531,516-0804,三重県,伊勢市御薗町長屋２０４９,,玉石産婦人科,CODE,G002673,代表,医療法人 玉石産婦人科 伊勢市 公式サイト
313544879833,いちかわ内科クリニック,2410302133,510-0258,三重県,鈴鹿市秋永町７６３－１,,いちかわ内科クリニック,CODE,G002674,代表,いちかわ内科クリニック 鈴鹿市 公式サイト
313544879832,遠山内科医院,2213202621,424-0826,静岡県,静岡市清水区万世町１丁目３番２５号,,遠山内科医院,CODE,G002675,代表,遠山内科医院 静岡市清水区 公式サイト
313707925192,医療法人　むらしま整形外科,2410505743,514-0826,三重県,津市大字野田３３番地３,,むらしま整形外科,CODE,G002676,代表,医療法人 むらしま整形外科 津市 公式サイト
313700745976,鈴木医院,2210510141,413-0021,静岡県,熱海市清水町２５番２２号,,鈴木医院,CODE,G002677,代表,鈴木医院 熱海市 公式サイト
313700745975,山室内科,2410105676,511-0105,三重県,桑名市多度町小山１８７５番地,,山室内科,CODE,G002678,代表,山室内科 桑名市 公式サイト
313700664057,河崎クリニック,2410805184,516-0009,三重県,伊勢市河崎１丁目９番３７号,,河崎クリニック,CODE,G002679,代表,河崎クリニック 伊勢市 公式サイト
313663162084,社会福祉法人　高田福祉事業協会附属診療所,2410505750,514-0122,三重県,津市大里野田町字宮下１１２４－１,,高田福祉事業協会附属診療所,CODE,G002680,代表,社会福祉法人 高田福祉事業協会附属診療所 津市 公式サイト
313561077469,メディトピア沼津・内科クリニック,2211110271,410-0012,静岡県,沼津市岡一色５７５－１,,メディトピア沼津内科クリニック,CODE,G002681,代表,メディトピア沼津・内科クリニック 沼津市 公式サイト
313707845321,御殿場かいせい病院,2211210337,412-0034,静岡県,御殿場市大坂５７番地の８,,御殿場かいせい病院,CODE,G002682,代表,御殿場かいせい病院 御殿場市 公式サイト
313700783837,一般財団法人富士脳障害研究所附属病院,2212110163,418-0021,静岡県,富士宮市杉田２７０番地の１２,,富士脳障害研究所附属病院,CODE,G002683,代表,一般財団法人富士脳障害研究所附属病院 富士宮市 公式サイト
313700711113,医療法人社団成徳会　田中医院,2212110445,418-0015,静岡県,富士宮市舞々木町７１１ー２,,成徳会田中医院,CODE,G002684,代表,医療法人社団成徳会 田中医院 富士宮市 公式サイト
313571676882,横割皮ふ科クリニック,2212310987,416-0944,静岡県,富士市横割３－１０－８,,横割皮ふ科クリニック,CODE,G002685,代表,横割皮ふ科クリニック 富士市 公式サイト
313553856233,伊豆医療福祉センター,2210810061,410-2122,静岡県,伊豆の国市寺家２０２,,伊豆医療福祉センタ,CODE,G002686,代表,伊豆医療福祉センター 伊豆の国市 公式サイト
313553856232,医療法人社団清明会　静岡リハビリテーション病院,2214111763,421-1201,静岡県,静岡市葵区新間３１８番地の１,,清明会静岡リハビリテション病院,CODE,G002687,代表,医療法人社団清明会 静岡リハビリテーション病院 静岡市葵区 公式サイト
313707925191,とりい内科クリニック,2211104373,410-0033,静岡県,沼津市杉崎町１３－４２,,とりい内科クリニック,CODE,G002688,代表,とりい内科クリニック 沼津市 公式サイト
313707875030,伊勢志摩腎クリニック松阪分院,2410705921,515-0015,三重県,松阪市宮町字堂ノ後１５３－１,,伊勢志摩腎クリニック松阪分院,CODE,G002689,代表,伊勢志摩腎クリニック松阪分院 松阪市 公式サイト
313700711112,伊藤整形外科・内科クリニック,1710118215,921-8112,石川県,金沢市長坂３丁目２番２１号,,伊藤整形外科内科クリニック,CODE,G002690,代表,伊藤整形外科・内科クリニック 金沢市 公式サイト
313700664056,内科　胃腸科　八木医院,2214111821,420-0873,静岡県,静岡市葵区籠上２８－２４,,内科胃腸科八木医院,CODE,G002691,代表,内科 胃腸科 八木医院 静岡市葵区 公式サイト
313587875527,水野眼科,2214210185,424-0865,静岡県,静岡市清水区船越３－５－７,,水野眼科,CODE,G002692,代表,水野眼科 静岡市清水区 公式サイト
313587875526,医療法人社団桑梓の会　文教町クリニック,2210610628,411-0033,静岡県,三島市文教町２－１－２９,,桑梓の会文教町クリニック,CODE,G002693,代表,医療法人社団桑梓の会 文教町クリニック 三島市 公式サイト
313587875525,汐入きむらクリニック,2214210151,422-8036,静岡県,静岡市駿河区敷地２ー１１ー２１,,汐入きむらクリニック,CODE,G002694,代表,汐入きむらクリニック 静岡市駿河区 公式サイト
313571676881,寺本クリニック,2413100286,519-5701,三重県,南牟婁郡紀宝町鵜殿７７８ー１,,寺本クリニック,CODE,G002695,代表,寺本クリニック 南牟婁郡紀宝町 公式サイト
313504635614,みやび眼科,2410215889,510-0834,三重県,四日市市ときわ二丁目９番１３号,,みやび眼科,CODE,G002696,代表,みやび眼科 四日市 公式サイト
313707925190,奥島クリニック,2410204537,510-0075,三重県,四日市市安島１丁目４番１６号カネニビルディング２Ｆ,,奥島クリニック,CODE,G002697,代表,奥島クリニック 四日市 公式サイト
313707875029,小西内科医院,1711510428,929-1332,石川県,羽咋郡宝達志水町北川尻レー４１,,小西内科医院,CODE,G002698,代表,小西内科医院 羽咋郡宝達志水町 公式サイト
313700783836,丸の内在宅クリニック,2410504845,514-0035,三重県,津市西丸之内５の９,,丸の内在宅クリニック,CODE,G002699,代表,丸の内在宅クリニック 津市 公式サイト
313656143601,佐藤クリニック,2410205849,510-0048,三重県,四日市市中納屋町４番１号,,佐藤クリニック,CODE,G002700,代表,佐藤クリニック 四日市 公式サイト
313561077468,セントラル硝子プロダクツ株式会社診療所,2410705129,515-0001,三重県,松阪市大口町１５２１番地２,,セントラル硝子プロダクツ株式会社診療所,CODE,G002701,代表,セントラル硝子プロダクツ株式会社診療所 松阪市 公式サイト
313553856231,医療法人（社団）佐藤病院　長島中央病院,2410105643,511-1137,三重県,桑名市長島町福吉２７１番地,,社団佐藤病院長島中央病院,CODE,G002702,代表,医療法人(社団)佐藤病院 長島中央病院 桑名市 公式サイト
313707808486,小村整形外科,1711311579,921-8812,石川県,野々市市扇が丘２４番１１号,,小村整形外科,CODE,G002703,代表,小村整形外科 野々市 公式サイト
313707845320,谷内科歯科クリニック,,924-0015,石川県,白山市新田町８６番地２,,谷内科歯科クリニック,ZIP+NAME,G002704,代表,谷内科歯科クリニック 白山市 公式サイト
313700817626,津田内科医院,1712210697,924-0020,石川県,白山市新成四丁目２３０番地,,津田内科医院,CODE,G002705,代表,津田内科医院 白山市 公式サイト
313700817625,恵愛会松南病院,1712210119,924-0805,石川県,白山市若宮３丁目６３番地,,恵愛会松南病院,CODE,G002706,代表,恵愛会松南病院 白山市 公式サイト
313544879831,上出内科クリニック,1710611466,922-0331,石川県,加賀市動橋町イ２０４,,上出内科クリニック,CODE,G002707,代表,上出内科クリニック 加賀市 公式サイト
313700711111,鈴鹿回生病院,2410305177,513-0836,三重県,鈴鹿市国府町字保子里１１２番地の１,,鈴鹿回生病院,CODE,G002708,代表,鈴鹿回生病院 鈴鹿市 公式サイト
313561077467,岩間眼科,2410302612,510-0241,三重県,鈴鹿市白子駅前２番２０号,,岩間眼科,CODE,G002709,代表,岩間眼科 鈴鹿市 公式サイト
313707875028,よこずみ整形外科,2410215038,512-0932,三重県,四日市市小生町７８２,,よこずみ整形外科,CODE,G002710,代表,よこずみ整形外科 四日市 公式サイト
313553856230,医療法人　常磐会　落合クリニック,2410205534,510-0834,三重県,四日市市ときわ二丁目７番８号,,常磐会落合クリニック,CODE,G002711,代表,医療法人 常磐会 落合クリニック 四日市 公式サイト
313561077466,皮フ科サンクリニック,2410203174,510-0072,三重県,四日市市九の城町４ー１６　メゾン鹿　１Ｆ,,皮フ科サンクリニック,CODE,G002712,代表,皮フ科サンクリニック 四日市 公式サイト
313707845319,大川眼科,2410204511,510-0072,三重県,四日市市九の城町１－９,,大川眼科,CODE,G002713,代表,大川眼科 四日市 公式サイト
313700745974,ヨナハレディースクリニック,2410105940,511-0838,三重県,桑名市大字和泉イノ割２１９番地,,ヨナハレディスクリニック,CODE,G002714,代表,ヨナハレディースクリニック 桑名市 公式サイト
313656143600,貝沼内科小児科,2410205559,510-0892,三重県,四日市市泊山崎町１０番１号,,貝沼内科小児科,CODE,G002715,代表,貝沼内科小児科 四日市 公式サイト
313656143599,ふくい心クリニック,2410105833,511-0819,三重県,桑名市大字北別所１８４１番地１,,ふくい心クリニック,CODE,G002716,代表,ふくい心クリニック 桑名市 公式サイト
313504635612,医療法人大仲会大仲ファミリークリニック,2410105544,511-0947,三重県,桑名市大仲新田屋敷３２７－２,,大仲会大仲ファミリクリニック,CODE,G002717,代表,医療法人大仲会大仲ファミリークリニック 桑名市 公式サイト
313587875524,きせ腎泌尿器科・かんぽうクリニック,2410101915,511-0934,三重県,桑名市赤尾２０２７番地２,,きせ腎泌尿器科かんぽうクリニック,CODE,G002718,代表,きせ腎泌尿器科・かんぽうクリニック 桑名市 公式サイト
313700711110,ペルソナクリニック,2410101782,511-0002,三重県,桑名市福島８５０番地３,,ペルソナクリニック,CODE,G002719,代表,ペルソナクリニック 桑名市 公式サイト
313553856229,金沢古府記念病院,1710122324,920-0362,石川県,金沢市古府１丁目１５０番地,,金沢古府記念病院,CODE,G002720,代表,金沢古府記念病院 金沢市 公式サイト
313544879830,アイリスメディカルクリニック,1712310356,923-1245,石川県,能美市辰口町９７１番地,,アイリスメディカルクリニック,CODE,G002721,代表,アイリスメディカルクリニック 能美市 公式サイト
313700817624,たつのくちクリニック,1712310307,923-1245,石川県,能美市辰口町５２１－１,,たつのくちクリニック,CODE,G002722,代表,たつのくちクリニック 能美市 公式サイト
313700745973,なかでクリニック,1712210887,929-0206,石川県,白山市鹿島平１１番地６０,,なかでクリニック,CODE,G002723,代表,なかでクリニック 白山市 公式サイト
313700817623,やまぐち内科クリニック,1710121391,920-1155,石川県,金沢市田上本町３丁目２０５番地１,,やまぐち内科クリニック,CODE,G002724,代表,やまぐち内科クリニック 金沢市 公式サイト
313571676880,医療法人社団　山崎外科胃腸科医院,1711411098,929-0325,石川県,河北郡津幡町加賀爪リ－２０,,山崎外科胃腸科医院,CODE,G002725,代表,医療法人社団 山崎外科胃腸科医院 河北郡津幡町 公式サイト
313700664055,此花診療所,1710117555,920-0852,石川県,金沢市此花町１番４号,,此花診療所,CODE,G002726,代表,此花診療所 金沢市 公式サイト
313663162083,Ｊクリニック,1710119601,920-0024,石川県,金沢市西念３丁目３０番１０号,,jクリニック,CODE,G002727,代表,Jクリニック 金沢市 公式サイト
313707925189,おりた内科クリニック　おなかとカメラと糖尿病　金沢院,1711311827,921-8801,石川県,野々市市御経塚１丁目４４５番,,おりた内科クリニックおなかとカメラと糖尿病金沢院,CODE,G002728,代表,おりた内科クリニック おなかとカメラと糖尿病 金沢院 野々市 公式サイト
313656143598,ちくだ医院,1712211059,924-0865,石川県,白山市倉光六丁目３５番地,,ちくだ医院,CODE,G002729,代表,ちくだ医院 白山市 公式サイト
313561077465,あらきクリニック,1710312412,923-0832,石川県,小松市若杉町９５番地,,あらきクリニック,CODE,G002730,代表,あらきクリニック 小松市 公式サイト
313700817622,紺谷内科婦人科クリニック,1710116342,920-0344,石川県,金沢市畝田東２丁目１２５番地,,紺谷内科婦人科クリニック,CODE,G002731,代表,紺谷内科婦人科クリニック 金沢市 公式サイト
313707875027,北村クリニック,1710119858,920-0853,石川県,金沢市本町二丁目５番５号,,北村クリニック,CODE,G002732,代表,北村クリニック 金沢市 公式サイト
313707808485,北野内科クリニック,1710117639,920-0968,石川県,金沢市幸町５番２７号,,北野内科クリニック,CODE,G002733,代表,北野内科クリニック 金沢市 公式サイト
313707808484,蘇春館　藤掛内科,2113101279,505-0130,岐阜県,可児市兼山６３０番地,,蘇春館藤掛内科,CODE,G002734,代表,蘇春館 藤掛内科 可児市 公式サイト
313700783835,的場医院,1710120328,920-3115,石川県,金沢市弥勒町ニ１番地１,,的場医院,CODE,G002735,代表,的場医院 金沢市 公式サイト
313700711109,県北西部地域医療センター白川村国民健康保険白川診療所,2112900515,501-5629,岐阜県,大野郡白川村鳩谷２８番地,,県北西部地域医療センタ白川村国民健康保険白川診療所,CODE,G002736,代表,県北西部地域医療センター白川村国民健康保険白川診療所 大野郡白川村 公式サイト
313656143597,いろは在宅ケアクリニック,2112103920,503-0864,岐阜県,大垣市南頬町１－１１８－１,,いろは在宅ケアクリニック,CODE,G002737,代表,いろは在宅ケアクリニック 大垣市 公式サイト
313504635611,ひまわりファミリークリニック,2113100669,509-0241,岐阜県,可児市坂戸八幡前８１８,,ひまわりファミリクリニック,CODE,G002738,代表,ひまわりファミリークリニック 可児市 公式サイト
313707845318,やまだ内科クリニック,2113100966,509-0262,岐阜県,可児市菅刈字乗定８３９－５西可児メディカルセンター１Ｆ,,やまだ内科クリニック,CODE,G002739,代表,やまだ内科クリニック 可児市 公式サイト
313544879829,なかしまクリニック,2112702028,506-0053,岐阜県,高山市昭和町三丁目１８０番１,,なかしまクリニック,CODE,G002740,代表,なかしまクリニック 高山市 公式サイト
313700745972,医療法人清澄会　不破ノ関病院,2112400243,503-2121,岐阜県,不破郡垂井町９４－１,,清澄会不破ノ関病院,CODE,G002741,代表,医療法人清澄会 不破ノ関病院 不破郡垂井町 公式サイト
313707808483,田近ハートクリニック,2112701087,506-0054,岐阜県,高山市岡本町４－１－１,,田近ハトクリニック,CODE,G002742,代表,田近ハートクリニック 高山市 公式サイト
313700817621,光華眼科医院,2112701327,506-0054,岐阜県,高山市岡本町１－２２－８,,光華眼科医院,CODE,G002743,代表,光華眼科医院 高山市 公式サイト
313700817620,多賀内科医院,2112400664,503-2122,岐阜県,不破郡垂井町表佐１５３９,,多賀内科医院,CODE,G002744,代表,多賀内科医院 不破郡垂井町 公式サイト
313700783834,いその耳鼻咽喉科医院,2112400730,503-2121,岐阜県,不破郡垂井町２３５４番１,,いその耳鼻咽喉科医院,CODE,G002745,代表,いその耳鼻咽喉科医院 不破郡垂井町 公式サイト
313553856228,一般財団法人岐阜健康管理センター　大垣健診プラザ,2112103953,503-0836,岐阜県,大垣市大井３－２１－９,,岐阜健康管理センタ大垣健診プラザ,CODE,G002746,代表,一般財団法人岐阜健康管理センター 大垣健診プラザ 大垣市 公式サイト
313587875523,なわ医院・乳腺クリニック,2112103839,503-0002,岐阜県,大垣市開発町三丁目２５－１,,なわ医院乳腺クリニック,CODE,G002747,代表,なわ医院・乳腺クリニック 大垣市 公式サイト
313504635610,アクア眼科クリニック,2112103581,503-0015,岐阜県,大垣市林町６－８０－２１アクアウォーク大垣１階,,アクア眼科クリニック,CODE,G002748,代表,アクア眼科クリニック 大垣市 公式サイト
313544879828,大垣バイパス医院,2112102252,503-0022,岐阜県,大垣市中野町５－４１９－１,,大垣バイパス医院,CODE,G002749,代表,大垣バイパス医院 大垣市 公式サイト
313700817619,医療法人社団正和会　馬渕病院,2112102138,503-0857,岐阜県,大垣市美和町１８３１,,正和会馬渕病院,CODE,G002750,代表,医療法人社団正和会 馬渕病院 大垣市 公式サイト
313587875522,田中クリニック,2111700767,509-7401,岐阜県,恵那市岩村町飯羽間２３４７－１,,田中クリニック,CODE,G002751,代表,田中クリニック 恵那市 公式サイト
313707845317,広瀬クリニック,2111600819,509-6107,岐阜県,瑞浪市穂並２－１１９,,広瀬クリニック,CODE,G002752,代表,広瀬クリニック 瑞浪市 公式サイト
313700817618,木村ファミリークリニック,2110501174,509-0126,岐阜県,各務原市鵜沼東町４－１７８,,木村ファミリクリニック,CODE,G002753,代表,木村ファミリークリニック 各務原市 公式サイト
313707925188,岡田医院,2110201304,501-3886,岐阜県,関市本町５－１５,,岡田医院,CODE,G002754,代表,岡田医院 関市 公式サイト
313571676879,サンライズ健康管理クリニック,2110601206,501-6004,岐阜県,羽島郡岐南町野中４－１６,,サンライズ健康管理クリニック,CODE,G002755,代表,サンライズ健康管理クリニック 羽島郡岐南町 公式サイト
313707875026,嶋崎内科医院,2111600595,509-6124,岐阜県,瑞浪市一色町２－６０,,嶋崎内科医院,CODE,G002756,代表,嶋崎内科医院 瑞浪市 公式サイト
313707925187,本巣市国民健康保険根尾診療所,2113400143,501-1522,岐阜県,本巣市根尾樽見８０,,本巣市国民健康保険根尾診療所,CODE,G002757,代表,本巣市国民健康保険根尾診療所 本巣市 公式サイト
313700817617,国民健康保険飛騨市こどものこころクリニック,2113300244,509-4221,岐阜県,飛騨市古川町若宮二丁目１番６０号,,国民健康保険飛騨市こどものこころクリニック,CODE,G002758,代表,国民健康保険飛騨市こどものこころクリニック 飛騨市 公式サイト
313700817616,国民健康保険飛騨市袖川診療所,2113300152,506-1155,岐阜県,飛騨市神岡町西１７６０－１,,国民健康保険飛騨市袖川診療所,CODE,G002759,代表,国民健康保険飛騨市袖川診療所 飛騨市 公式サイト
313700745971,高山市国民健康保険荘川診療所,2112701830,501-5413,岐阜県,高山市荘川町新渕５４６－１,,高山市国民健康保険荘川診療所,CODE,G002760,代表,高山市国民健康保険荘川診療所 高山市 公式サイト
313587875521,矢田眼科・皮膚科クリニック岐阜,2110112162,501-6115,岐阜県,岐阜市柳津町丸野三丁目３番地６カラフルタウン岐阜１Ｆ,,矢田眼科皮膚科クリニック岐阜,CODE,G002761,代表,矢田眼科・皮膚科クリニック岐阜 岐阜市 公式サイト
313700783833,たかぎ内科,2113101238,509-0206,岐阜県,可児市土田３５５１－１,,たかぎ内科,CODE,G002762,代表,たかぎ内科 可児市 公式サイト
313587875520,たかはし整形外科,2110110331,500-8345,岐阜県,岐阜市菊地町２－１５,,たかはし整形外科,CODE,G002763,代表,たかはし整形外科 岐阜市 公式サイト
313587875519,小倉医院,2110108293,502-0047,岐阜県,岐阜市長良葵町１－２－３,,小倉医院,CODE,G002764,代表,小倉医院 岐阜市 公式サイト
313587875518,桜ケ丘診療所,2113100651,509-0235,岐阜県,可児市桜ケ丘６－７３－７,,桜ケ丘診療所,CODE,G002765,代表,桜ケ丘診療所 可児市 公式サイト
313571676878,あらたに整形外科・内科,2112701442,506-0001,岐阜県,高山市冬頭町７５５,,あらたに整形外科内科,CODE,G002766,代表,あらたに整形外科・内科 高山市 公式サイト
313561077464,さいとう耳鼻咽喉科,2113100883,509-0203,岐阜県,可児市下恵土針田４１１２,,さいとう耳鼻咽喉科,CODE,G002767,代表,さいとう耳鼻咽喉科 可児市 公式サイト
313504635609,米野木ファミリークリニック,2314900743,470-0111,愛知県,日進市米野木町油田１５７,,米野木ファミリクリニック,CODE,G002768,代表,米野木ファミリークリニック 日進市 公式サイト
313700745970,医療法人尚美会　なおみ皮フ科クリニック,2110111792,500-8833,岐阜県,岐阜市神田町９－２,,尚美会なおみ皮フ科クリニック,CODE,G002769,代表,医療法人尚美会 なおみ皮フ科クリニック 岐阜市 公式サイト
313700817615,医療法人小林医院,2317500128,498-0001,愛知県,弥富市西中地町中島９０ー１,,小林医院,CODE,G002770,代表,医療法人小林医院 弥富市 公式サイト
313544879827,久野耳鼻咽喉科クリニック,2110111735,501-6115,岐阜県,岐阜市柳津町丸野３－３－６カラフルタウン岐阜１Ｆ,,久野耳鼻咽喉科クリニック,CODE,G002771,代表,久野耳鼻咽喉科クリニック 岐阜市 公式サイト
313544879826,こはら皮フ科,2317500326,498-0027,愛知県,弥富市鯏浦町南前新田２７－１ＹＴビル３階,,こはら皮フ科,CODE,G002772,代表,こはら皮フ科 弥富市 公式サイト
313544879825,恩田眼科クリニック,2110109762,502-0911,岐阜県,岐阜市北島４－６－８,,恩田眼科クリニック,CODE,G002773,代表,恩田眼科クリニック 岐阜市 公式サイト
313700817614,外野眼科,2112103862,503-0933,岐阜県,大垣市外野二丁目１００番地　イオンモール大垣１階,,外野眼科,CODE,G002774,代表,外野眼科 大垣市 公式サイト
313700711108,須ヶ口クリニック,2317300503,452-0905,愛知県,清須市須ケ口２３３２－２,,須ヶ口クリニック,CODE,G002775,代表,須ヶ口クリニック 清須市 公式サイト
313571676877,豊根村診療所,2316300538,449-0404,愛知県,北設楽郡豊根村上黒川長野田２４－１,,豊根村診療所,CODE,G002776,代表,豊根村診療所 北設楽郡豊根村 公式サイト
313656143596,医療法人白宇会天王内科,2316100433,470-0224,愛知県,みよし市三好町天王９４－３,,白宇会天王内科,CODE,G002777,代表,医療法人白宇会天王内科 みよし市 公式サイト
313553856227,いしだ内科ファミリークリニック,2316000658,444-0104,愛知県,額田郡幸田町坂崎上田３１－３,,いしだ内科ファミリクリニック,CODE,G002778,代表,いしだ内科ファミリークリニック 額田郡幸田町 公式サイト
313707925186,さかい皮ふ科,2314501186,488-0830,愛知県,尾張旭市東印場町２－２－１５,,さかい皮ふ科,CODE,G002779,代表,さかい皮ふ科 尾張旭市 公式サイト
313707925185,松岡内科クリニック,2112102054,503-0856,岐阜県,大垣市新田町２－１４,,松岡内科クリニック,CODE,G002780,代表,松岡内科クリニック 大垣市 公式サイト
313707875025,たけもとこどもクリニック,2112103169,503-0835,岐阜県,大垣市東前３－４－１,,たけもとこどもクリニック,CODE,G002781,代表,たけもとこどもクリニック 大垣市 公式サイト
313700664054,医療法人勲昇会落合医院,2313800712,485-0822,愛知県,小牧市上末４１４,,勲昇会落合医院,CODE,G002782,代表,医療法人勲昇会落合医院 小牧市 公式サイト
313656143595,西尾産婦人科,2111800518,509-5136,岐阜県,土岐市泉大島町２－２６－２,,西尾産婦人科,CODE,G002783,代表,西尾産婦人科 土岐市 公式サイト
313707845316,あぐい南クリニック,2315702742,470-2215,愛知県,知多郡阿久比町矢高高岡北８６,,あぐい南クリニック,CODE,G002784,代表,あぐい南クリニック 知多郡阿久比町 公式サイト
313707808482,よこやまこどもクリニック,2313201747,445-0063,愛知県,西尾市今川町大城４３－１,,よこやまこどもクリニック,CODE,G002785,代表,よこやまこどもクリニック 西尾市 公式サイト
313700783832,おおすぎクリニック,2313102325,446-0007,愛知県,安城市東栄町５－２７－３,,おおすぎクリニック,CODE,G002786,代表,おおすぎクリニック 安城市 公式サイト
313700711107,医療法人春陽会　慈恵中央病院,2111000119,501-4193,岐阜県,郡上市美並町大原１－１,,春陽会慈恵中央病院,CODE,G002787,代表,医療法人春陽会 慈恵中央病院 郡上市 公式サイト
313700664053,森田医院,2314300829,478-0017,愛知県,知多市新知美濃川１,,森田医院,CODE,G002788,代表,森田医院 知多市 公式サイト
313663162082,かとう皮フ科クリニック,2313801363,485-0029,愛知県,小牧市中央３－２６１－２,,かとう皮フ科クリニック,CODE,G002789,代表,かとう皮フ科クリニック 小牧市 公式サイト
313561077463,医療法人健幸会伊藤クリニック,2313500403,479-0828,愛知県,常滑市市場町１－４５,,健幸会伊藤クリニック,CODE,G002790,代表,医療法人健幸会伊藤クリニック 常滑市 公式サイト
313544879824,大垣市民病院,2112100827,503-8502,岐阜県,大垣市南頬町４－８６,,大垣市民病院,CODE,G002791,代表,大垣市民病院 大垣市 公式サイト
313504635608,みなと医療生活協同組合　かにえ診療所,2315602793,497-0032,愛知県,海部郡蟹江町今下六反田１１,,みなと医療生活協同組合かにえ診療所,CODE,G002792,代表,みなと医療生活協同組合 かにえ診療所 海部郡蟹江町 公式サイト
313707808481,土屋耳鼻咽喉科クリニック,2314501368,488-0047,愛知県,尾張旭市南栄町黒石６４－３,,土屋耳鼻咽喉科クリニック,CODE,G002793,代表,土屋耳鼻咽喉科クリニック 尾張旭市 公式サイト
313553856226,かのう整形外科,2314101581,477-0032,愛知県,東海市加木屋町真崎７３－１,,かのう整形外科,CODE,G002794,代表,かのう整形外科 東海市 公式サイト
313700817613,とよた星の夢ＡＲＴクリニック,2313004703,471-0027,愛知県,豊田市喜多町２－１６０　コモ・スクエア　ウエスト３階,,とよた星の夢artクリニック,CODE,G002795,代表,とよた星の夢ARTクリニック 豊田市 公式サイト
313700817612,小林医院,2111100760,507-0071,岐阜県,多治見市旭ケ丘８－２９－５８６,,小林医院,CODE,G002796,代表,小林医院 多治見市 公式サイト
313700783831,森本耳鼻咽喉科医院,2111100695,507-0072,岐阜県,多治見市明和町５－１２,,森本耳鼻咽喉科医院,CODE,G002797,代表,森本耳鼻咽喉科医院 多治見市 公式サイト
313700745969,大里あいわ眼科,2313901809,492-8181,愛知県,稲沢市日下部北町５－５０,,大里あいわ眼科,CODE,G002798,代表,大里あいわ眼科 稲沢市 公式サイト
313700711106,医療法人大岩医院,2314500964,488-0016,愛知県,尾張旭市三郷町陶栄１０３,,大岩医院,CODE,G002799,代表,医療法人大岩医院 尾張旭市 公式サイト
313700664052,糖尿病・甲状腺　加木屋たけうち内科,2314101516,477-0032,愛知県,東海市加木屋町１－１２９,,糖尿病甲状腺加木屋たけうち内科,CODE,G002800,代表,糖尿病・甲状腺 加木屋たけうち内科 東海市 公式サイト
313663162081,桶狭間病院藤田こころケアセンター,2314800042,470-1168,愛知県,豊明市栄町南館３－８７９,,桶狭間病院藤田こころケアセンタ,CODE,G002801,代表,桶狭間病院藤田こころケアセンター 豊明市 公式サイト
313663162080,太田病院,2111200792,505-0041,岐阜県,美濃加茂市太田町２８５５－１,,太田病院,CODE,G002802,代表,太田病院 美濃加茂市 公式サイト
313656143594,さいとう整形外科,2313004745,471-0825,愛知県,豊田市明和町２－５８－３,,さいとう整形外科,CODE,G002803,代表,さいとう整形外科 豊田市 公式サイト
313571676876,医療法人高橋医院,2313003051,444-3242,愛知県,豊田市大沼町越田和５８,,高橋医院,CODE,G002804,代表,医療法人高橋医院 豊田市 公式サイト
313504635607,おおぶ糖尿病・甲状腺クリニック,2314201092,474-0053,愛知県,大府市柊山町１－１７５－１　リソラ大府クリニックモール１階,,おおぶ糖尿病甲状腺クリニック,CODE,G002805,代表,おおぶ糖尿病・甲状腺クリニック 大府市 公式サイト
313707875024,蒲郡市休日急病診療所,2313300994,443-0036,愛知県,蒲郡市浜町４,,蒲郡市休日急病診療所,CODE,G002806,代表,蒲郡市休日急病診療所 蒲郡市 公式サイト
313707845315,ともまつレディスクリニック,2314900503,470-0113,愛知県,日進市栄２－１２０１ガーデンセラム１階,,ともまつレディスクリニック,CODE,G002807,代表,ともまつレディスクリニック 日進市 公式サイト
313561077462,すぎうら内科クリニック,2314800778,470-1151,愛知県,豊明市前後町善江１７３７－２パルネス２号館１階,,すぎうら内科クリニック,CODE,G002808,代表,すぎうら内科クリニック 豊明市 公式サイト
313553856225,じんのクリニック,2314100997,476-0003,愛知県,東海市荒尾町寿鎌９８,,じんのクリニック,CODE,G002809,代表,じんのクリニック 東海市 公式サイト
313707808480,医療法人喜光会北里クリニック,2313801355,485-0057,愛知県,小牧市小木西３－５３,,喜光会北里クリニック,CODE,G002810,代表,医療法人喜光会北里クリニック 小牧市 公式サイト
313707808479,なかやま耳鼻咽喉科,2313901601,492-8229,愛知県,稲沢市稲島１１－４０,,なかやま耳鼻咽喉科,CODE,G002811,代表,なかやま耳鼻咽喉科 稲沢市 公式サイト
313700817611,渡辺耳鼻咽喉科,2313002384,471-0014,愛知県,豊田市東山町２－３－６,,渡辺耳鼻咽喉科,CODE,G002812,代表,渡辺耳鼻咽喉科 豊田市 公式サイト
313700783830,なかのこどもクリニック,2313101285,446-0044,愛知県,安城市百石町２ー２６ー１,,なかのこどもクリニック,CODE,G002813,代表,なかのこどもクリニック 安城市 公式サイト
313571676875,はらた耳鼻咽喉科・呼吸器内科,2315603080,497-0050,愛知県,海部郡蟹江町学戸２－２０,,はらた耳鼻咽喉科呼吸器内科,CODE,G002814,代表,はらた耳鼻咽喉科・呼吸器内科 海部郡蟹江町 公式サイト
313656143593,野田町メディカルクリニック,2312901776,448-0803,愛知県,刈谷市野田町新田９７－２,,野田町メディカルクリニック,CODE,G002815,代表,野田町メディカルクリニック 刈谷市 公式サイト
313561077461,さくら胃腸科内科クリニック,2110502883,504-0907,岐阜県,各務原市那加住吉町一丁目４８番地１,,さくら胃腸科内科クリニック,CODE,G002816,代表,さくら胃腸科内科クリニック 各務原市 公式サイト
313700711105,大杉医院,2312901925,448-0003,愛知県,刈谷市一ツ木町１－１０－７,,大杉医院,CODE,G002817,代表,大杉医院 刈谷市 公式サイト
313656143592,いのうえ整形外科,2110401086,501-6236,岐阜県,羽島市江吉良町９３８番地１,,いのうえ整形外科,CODE,G002818,代表,いのうえ整形外科 羽島市 公式サイト
313553856224,領下眼科クリニック,2110109788,500-8241,岐阜県,岐阜市領下６－２５－１,,領下眼科クリニック,CODE,G002819,代表,領下眼科クリニック 岐阜市 公式サイト
313700711104,鷺山大橋内科医院,2110105331,502-0851,岐阜県,岐阜市鷺山１２５７,,鷺山大橋内科医院,CODE,G002820,代表,鷺山大橋内科医院 岐阜市 公式サイト
313707808478,てらしまクリニック,2110300452,501-3732,岐阜県,美濃市２９３２－１,,てらしまクリニック,CODE,G002821,代表,てらしまクリニック 美濃市 公式サイト
313700745968,小垣江にしおクリニック,2312901644,448-0813,愛知県,刈谷市小垣江町石ノ戸３３,,小垣江にしおクリニック,CODE,G002822,代表,小垣江にしおクリニック 刈谷市 公式サイト
313700664051,ふくだ整形外科　骨粗しょう症・スポーツクリニック,2312901719,448-0813,愛知県,刈谷市小垣江町北高根２１３－１,,ふくだ整形外科骨粗しょう症スポツクリニック,CODE,G002823,代表,ふくだ整形外科 骨粗しょう症・スポーツクリニック 刈谷市 公式サイト
313707925184,矢嶋小児科小児循環器クリニック,2110111776,500-8212,岐阜県,岐阜市日野南７－１０－７,,矢嶋小児科小児循環器クリニック,CODE,G002824,代表,矢嶋小児科小児循環器クリニック 岐阜市 公式サイト
313700817610,かとう乳腺クリニック,2312901693,448-0816,愛知県,刈谷市半城土西町２－３－１２シャトーヨサミ１階,,かとう乳腺クリニック,CODE,G002825,代表,かとう乳腺クリニック 刈谷市 公式サイト
313553856223,白木眼科医院,2110112873,502-0082,岐阜県,岐阜市長良東２丁目１１０,,白木眼科医院,CODE,G002826,代表,白木眼科医院 岐阜市 公式サイト
313504635606,下條内科クリニック,2110201205,501-3817,岐阜県,関市仲町６－１３,,下條内科クリニック,CODE,G002827,代表,下條内科クリニック 関市 公式サイト
313707845314,医療法人兼子こどもクリニック,2312901305,448-0816,愛知県,刈谷市半城土西町１－２０－１１,,兼子こどもクリニック,CODE,G002828,代表,医療法人兼子こどもクリニック 刈谷市 公式サイト
313700783829,ひだまりこころクリニック,2317600662,490-1111,愛知県,あま市甚目寺五位田１５６,,ひだまりこころクリニック,CODE,G002829,代表,ひだまりこころクリニック あま市 公式サイト
313700745967,山田内科医院,2317200455,496-8001,愛知県,愛西市勝幡町出崎１２３８,,山田内科医院,CODE,G002830,代表,山田内科医院 愛西市 公式サイト
313700664050,きとう眼科クリニック,2317700470,480-1135,愛知県,長久手市下山４６－６,,きとう眼科クリニック,CODE,G002831,代表,きとう眼科クリニック 長久手市 公式サイト
313587875517,愛知県厚生農業協同組合連合会　海南病院,2317500011,498-0017,愛知県,弥富市前ケ須町南本田３９６,,愛知県厚生農業協同組合連合会海南病院,CODE,G002832,代表,愛知県厚生農業協同組合連合会 海南病院 弥富市 公式サイト
313707875023,医療法人社団永寿会　大橋整形外科病院,2110105190,502-0849,岐阜県,岐阜市栄新町２－５０,,永寿会大橋整形外科病院,CODE,G002833,代表,医療法人社団永寿会 大橋整形外科病院 岐阜市 公式サイト
313700817609,医療法人睦会竹中耳鼻咽喉科医院,2312900869,448-0844,愛知県,刈谷市広小路５－１０,,睦会竹中耳鼻咽喉科医院,CODE,G002834,代表,医療法人睦会竹中耳鼻咽喉科医院 刈谷市 公式サイト
313656143591,原クリニック,2317600399,490-1107,愛知県,あま市森４－２－２,,原クリニック,CODE,G002835,代表,原クリニック あま市 公式サイト
313587875516,医療法人宮地会宮地クリニック,2317600167,490-1211,愛知県,あま市篠田小塚４８,,宮地会宮地クリニック,CODE,G002836,代表,医療法人宮地会宮地クリニック あま市 公式サイト
313504635605,医療法人　研信会　刈谷中央クリニック,2312900703,448-0813,愛知県,刈谷市小垣江町弁天３６－１,,研信会刈谷中央クリニック,CODE,G002837,代表,医療法人 研信会 刈谷中央クリニック 刈谷市 公式サイト
313700745966,ひまわり皮ふ科,2316100631,470-0202,愛知県,みよし市三好丘２－５－１８,,ひまわり皮ふ科,CODE,G002838,代表,ひまわり皮ふ科 みよし市 公式サイト
313707875022,井口内科クリニック,2317200117,496-0905,愛知県,愛西市北一色町昭和２６３ー１,,井口内科クリニック,CODE,G002839,代表,井口内科クリニック 愛西市 公式サイト
313707808477,川村眼科医院,2315602868,497-0040,愛知県,海部郡蟹江町城１－５８３,,川村眼科医院,CODE,G002840,代表,川村眼科医院 海部郡蟹江町 公式サイト
313700817608,あいみこどもクリニック,2316000617,444-0117,愛知県,額田郡幸田町相見阿原６,,あいみこどもクリニック,CODE,G002841,代表,あいみこどもクリニック 額田郡幸田町 公式サイト
313656143589,松浦医院,2315001681,470-0166,愛知県,愛知郡東郷町兵庫４－３－８,,松浦医院,CODE,G002842,代表,松浦医院 愛知郡東郷町 公式サイト
313571676874,宇田ファミリークリニック,2316100938,470-0227,愛知県,みよし市園原４－１－４,,宇田ファミリクリニック,CODE,G002843,代表,宇田ファミリークリニック みよし市 公式サイト
313544879823,まえだこどもクリニック,2317200281,496-8001,愛知県,愛西市勝幡町駅東１４１－１,,まえだこどもクリニック,CODE,G002844,代表,まえだこどもクリニック 愛西市 公式サイト
313504635604,医療法人三和会　三本木クリニック,2314901022,470-0101,愛知県,日進市三本木町細廻間２－１,,三和会三本木クリニック,CODE,G002845,代表,医療法人三和会 三本木クリニック 日進市 公式サイト
313571676873,とよあけ眼科,2314800679,470-1154,愛知県,豊明市新栄町３－３２５,,とよあけ眼科,CODE,G002846,代表,とよあけ眼科 豊明市 公式サイト
313707845313,やすい医院,2314501087,488-0858,愛知県,尾張旭市白鳳町１－１２０,,やすい医院,CODE,G002847,代表,やすい医院 尾張旭市 公式サイト
313587875515,東郷町国民健康保険　東郷診療所,2315000378,470-0151,愛知県,愛知郡東郷町諸輪北山１５８－９０,,東郷町国民健康保険東郷診療所,CODE,G002848,代表,東郷町国民健康保険 東郷診療所 愛知郡東郷町 公式サイト
313561077460,医療法人杉山会ノア梅森台クリニック,2314901360,470-0133,愛知県,日進市梅森台１－４０,,杉山会ノア梅森台クリニック,CODE,G002849,代表,医療法人杉山会ノア梅森台クリニック 日進市 公式サイト
313544879822,医療法人　川井小児科クリニック,2314900545,470-0113,愛知県,日進市栄２－１１２,,川井小児科クリニック,CODE,G002850,代表,医療法人 川井小児科クリニック 日進市 公式サイト
313700664049,かぎやこどもクリニック,2314101037,477-0032,愛知県,東海市加木屋町１－９５,,かぎやこどもクリニック,CODE,G002851,代表,かぎやこどもクリニック 東海市 公式サイト
313553856222,中央クリニック,2314101276,476-0013,愛知県,東海市中央町４－５４,,中央クリニック,CODE,G002852,代表,中央クリニック 東海市 公式サイト
313707925183,米田内科,2314000650,441-1361,愛知県,新城市平井新栄１２７－１,,米田内科,CODE,G002853,代表,米田内科 新城市 公式サイト
313663162079,春日眼科,2314000460,441-1341,愛知県,新城市杉山大東４５－１,,春日眼科,CODE,G002854,代表,春日眼科 新城市 公式サイト
313707808476,三輪小児科,2313901783,492-8271,愛知県,稲沢市石橋２－１５０,,三輪小児科,CODE,G002855,代表,三輪小児科 稲沢市 公式サイト
313656143590,ウィルクリニック,2312801034,447-0034,愛知県,碧南市鴻島町４－２４,,ウィルクリニック,CODE,G002856,代表,ウィルクリニック 碧南市 公式サイト
313700745965,すどうストレスケアクリニック,2313801769,485-0029,愛知県,小牧市中央１－３４９,,すどうストレスケアクリニック,CODE,G002857,代表,すどうストレスケアクリニック 小牧市 公式サイト
313707875021,あかどうじクリニック,2313601607,483-8224,愛知県,江南市赤童子町白山１５３－１,,あかどうじクリニック,CODE,G002858,代表,あかどうじクリニック 江南市 公式サイト
313656143588,たかだクリニック,2313601193,483-8336,愛知県,江南市前飛保町寺町２１４,,たかだクリニック,CODE,G002859,代表,たかだクリニック 江南市 公式サイト
313663162078,平成クリニック,2313600807,483-8161,愛知県,江南市尾崎町上田９５,,平成クリニック,CODE,G002860,代表,平成クリニック 江南市 公式サイト
313707808475,岩田内科クリニック,2313601003,483-8143,愛知県,江南市小郷町伍大力２５,,岩田内科クリニック,CODE,G002861,代表,岩田内科クリニック 江南市 公式サイト
313656143587,瀧田医院分院,2313500577,479-0835,愛知県,常滑市陶郷町１－８－１,,瀧田医院分院,CODE,G002862,代表,瀧田医院分院 常滑市 公式サイト
313707875020,平野内科医院,2313301281,443-0104,愛知県,蒲郡市形原町下屋敷４１－１,,平野内科医院,CODE,G002863,代表,平野内科医院 蒲郡市 公式サイト
313707808474,１３あさいクリニック,2313201937,445-0075,愛知県,西尾市戸ケ崎２－１５－１６,,13あさいクリニック,CODE,G002864,代表,13あさいクリニック 西尾市 公式サイト
313553856221,深津医院,2313102606,444-1213,愛知県,安城市東端町天白１４－２,,深津医院,CODE,G002865,代表,深津医院 安城市 公式サイト
313707925182,二本木クリニック,2313102556,446-0054,愛知県,安城市二本木町切替６０－２,,二本木クリニック,CODE,G002866,代表,二本木クリニック 安城市 公式サイト
313700745964,平岩医院,2312800929,447-0035,愛知県,碧南市中山町６－５５,,平岩医院,CODE,G002867,代表,平岩医院 碧南市 公式サイト
313707875019,山元整形外科,2313004307,471-0833,愛知県,豊田市山之手５－１１３,,山元整形外科,CODE,G002868,代表,山元整形外科 豊田市 公式サイト
313700745963,ほしの内科クリニック,2313004075,471-0869,愛知県,豊田市十塚町１－４１－４,,ほしの内科クリニック,CODE,G002869,代表,ほしの内科クリニック 豊田市 公式サイト
313707925181,中村医院,2313003804,444-2225,愛知県,豊田市岩倉町柿田３９－３,,中村医院,CODE,G002870,代表,中村医院 豊田市 公式サイト
313544879821,刈谷よしだメンタルクリニック,2312901891,448-0027,愛知県,刈谷市相生町２－４０　ＦＢテラス２階,,刈谷よしだメンタルクリニック,CODE,G002871,代表,刈谷よしだメンタルクリニック 刈谷市 公式サイト
313504635603,田和小児科医院,2312901347,448-0842,愛知県,刈谷市東陽町４－３４,,田和小児科医院,CODE,G002872,代表,田和小児科医院 刈谷市 公式サイト
313700783828,医療法人ワシノ医院,2312700715,496-0819,愛知県,津島市又吉町２－２７,,ワシノ医院,CODE,G002873,代表,医療法人ワシノ医院 津島市 公式サイト
313700711103,ハートフルクリニック,2313003366,471-0025,愛知県,豊田市西町６－２－８,,ハトフルクリニック,CODE,G002874,代表,ハートフルクリニック 豊田市 公式サイト
313561077459,長谷川医院,2313002061,471-0838,愛知県,豊田市緑ケ丘２－３８－１,,長谷川医院,CODE,G002875,代表,長谷川医院 豊田市 公式サイト
313707875018,下島クリニック,2312504281,486-0931,愛知県,春日井市松新町４－７－１０,,下島クリニック,CODE,G002876,代表,下島クリニック 春日井市 公式サイト
313700664048,いたや耳鼻咽喉科,2312601970,442-0811,愛知県,豊川市馬場町薬師７３,,いたや耳鼻咽喉科,CODE,G002877,代表,いたや耳鼻咽喉科 豊川市 公式サイト
313587875514,吉田クリニック,2312502749,486-0856,愛知県,春日井市梅ケ坪町７１－３,,吉田クリニック,CODE,G002878,代表,吉田クリニック 春日井市 公式サイト
313707808473,春日井市民病院,2312500198,486-0804,愛知県,春日井市鷹来町１－１－１,,春日井市民病院,CODE,G002879,代表,春日井市民病院 春日井市 公式サイト
313700783827,医療法人信雅会宮地病院,2312601400,442-0033,愛知県,豊川市豊川町伊呂通４０,,信雅会宮地病院,CODE,G002880,代表,医療法人信雅会宮地病院 豊川市 公式サイト
313663162077,眼科山田クリニック,2312504257,487-0031,愛知県,春日井市廻間町大洞６８１－１５７,,眼科山田クリニック,CODE,G002881,代表,眼科山田クリニック 春日井市 公式サイト
313707845312,もりなが耳鼻咽喉科,2312503366,487-0025,愛知県,春日井市出川町２－３１－６,,もりなが耳鼻咽喉科,CODE,G002882,代表,もりなが耳鼻咽喉科 春日井市 公式サイト
313700817607,医療法人啓生会　春日井クリニック,2312501873,486-0928,愛知県,春日井市妙慶町３－２５,,啓生会春日井クリニック,CODE,G002883,代表,医療法人啓生会 春日井クリニック 春日井市 公式サイト
313656143586,眼科やがさき医院,2312203884,494-0001,愛知県,一宮市開明郷中６２－６,,眼科やがさき医院,CODE,G002884,代表,眼科やがさき医院 一宮市 公式サイト
313553856220,はんだ白雪皮フ科,2312402239,475-0975,愛知県,半田市彦洲町２－１８３－１,,はんだ白雪皮フ科,CODE,G002885,代表,はんだ白雪皮フ科 半田市 公式サイト
313707845311,医療法人寿和会　鳥山内科クリニック,2312502566,487-0034,愛知県,春日井市白山町３－７－６,,寿和会鳥山内科クリニック,CODE,G002886,代表,医療法人寿和会 鳥山内科クリニック 春日井市 公式サイト
313700817606,一宮市立木曽川市民病院,2312204098,493-0001,愛知県,一宮市木曽川町黒田北野黒１６５,,一宮市立木曽川市民病院,CODE,G002887,代表,一宮市立木曽川市民病院 一宮市 公式サイト
313587874553,松本こどもクリニック,,475-0837,愛知県,半田市有楽町１－１２８,,松本こどもクリニック,ZIP+NAME,G002888,代表,松本こどもクリニック 半田市 公式サイト
313571676872,医療法人春田内科,2312401066,475-0836,愛知県,半田市青山７－１２－２０,,春田内科,CODE,G002889,代表,医療法人春田内科 半田市 公式サイト
313561077458,新美眼科医院,2312401975,475-0851,愛知県,半田市堀崎町１－３１,,新美眼科医院,CODE,G002890,代表,新美眼科医院 半田市 公式サイト
313700711102,みなかすがいクリニック,2312505007,486-0833,愛知県,春日井市上条町６－４２－３,,みなかすがいクリニック,CODE,G002891,代表,みなかすがいクリニック 春日井市 公式サイト
313700664047,いけむら脳神経クリニック,2312701333,496-0013,愛知県,津島市神尾町江西４５,,いけむら脳神経クリニック,CODE,G002892,代表,いけむら脳神経クリニック 津島市 公式サイト
313587874552,ふなはし眼科,2312203207,491-0934,愛知県,一宮市大和町苅安賀火口上５３,,ふなはし眼科,CODE,G002893,代表,ふなはし眼科 一宮市 公式サイト
313544879819,医療法人秋桜会真清田クリニック,2312202308,491-0043,愛知県,一宮市真清田２－４－１９,,秋桜会真清田クリニック,CODE,G002894,代表,医療法人秋桜会真清田クリニック 一宮市 公式サイト
313707925180,みやした眼科,2312103613,444-0864,愛知県,岡崎市明大寺町寺東９－１大竹南ビル１階,,みやした眼科,CODE,G002895,代表,みやした眼科 岡崎市 公式サイト
313707808472,海部地区急病診療所,2312700657,496-0011,愛知県,津島市莪原町郷西３７,,海部地区急病診療所,CODE,G002896,代表,海部地区急病診療所 津島市 公式サイト
313700817605,医療法人作塚杉浦クリニック,2312800796,447-0874,愛知県,碧南市作塚町３－１０,,作塚杉浦クリニック,CODE,G002897,代表,医療法人作塚杉浦クリニック 碧南市 公式サイト
313700783826,村松クリニック,2312503168,486-0821,愛知県,春日井市神領町２－２４－１,,村松クリニック,CODE,G002898,代表,村松クリニック 春日井市 公式サイト
313700664046,朝宮加藤医院,2312202084,491-0354,愛知県,一宮市萩原町朝宮産明神１－１,,朝宮加藤医院,CODE,G002899,代表,朝宮加藤医院 一宮市 公式サイト
313663162076,かとう整形外科,2312103936,444-0852,愛知県,岡崎市南明大寺町３－１０,,かとう整形外科,CODE,G002900,代表,かとう整形外科 岡崎市 公式サイト
313561077457,きょうかね眼科,2312503002,487-0035,愛知県,春日井市藤山台２－４－１５,,きょうかね眼科,CODE,G002901,代表,きょうかね眼科 春日井市 公式サイト
313561077456,戸崎町眼科クリニック,2312105410,444-0840,愛知県,岡崎市戸崎町外山３８－５　イオンモール岡崎３階,,戸崎町眼科クリニック,CODE,G002902,代表,戸崎町眼科クリニック 岡崎市 公式サイト
313544879820,結生クリニック,2312401827,475-0975,愛知県,半田市彦洲町４－１６５－１,,結生クリニック,CODE,G002903,代表,結生クリニック 半田市 公式サイト
313504635601,竜美ヶ丘スキンクリニック,2312104330,444-0863,愛知県,岡崎市東明大寺町１６－１,,竜美ヶ丘スキンクリニック,CODE,G002904,代表,竜美ヶ丘スキンクリニック 岡崎市 公式サイト
313700783825,高御堂内科,2312204494,491-0053,愛知県,一宮市今伊勢町本神戸東出９－１,,高御堂内科,CODE,G002905,代表,高御堂内科 一宮市 公式サイト
313656143585,鈴木医院,2312502095,486-0807,愛知県,春日井市大手町１０５０,,鈴木医院,CODE,G002906,代表,鈴木医院 春日井市 公式サイト
313571676871,医療法人陽和会春日井リハビリテーション病院,2312501477,480-0304,愛知県,春日井市神屋町７０６,,陽和会春日井リハビリテション病院,CODE,G002907,代表,医療法人陽和会春日井リハビリテーション病院 春日井市 公式サイト
313504635602,北陽会病院,2312504547,486-0915,愛知県,春日井市八幡町１１８,,北陽会病院,CODE,G002908,代表,北陽会病院 春日井市 公式サイト
313707925179,岡村クリニック,2312004936,440-0853,愛知県,豊橋市佐藤２－２４－１,,岡村クリニック,CODE,G002909,代表,岡村クリニック 豊橋市 公式サイト
313707875017,うえた内科クリニック,2312006915,441-8134,愛知県,豊橋市植田町北柄沢７３,,うえた内科クリニック,CODE,G002910,代表,うえた内科クリニック 豊橋市 公式サイト
313587874551,医療法人岩山小児科,2311600957,468-0049,愛知県,名古屋市天白区福池２－２４,,岩山小児科,CODE,G002911,代表,医療法人岩山小児科 名古屋市天白区 公式サイト
313587874550,杢野医院,2312005354,440-0072,愛知県,豊橋市船町２８０,,杢野医院,CODE,G002912,代表,杢野医院 豊橋市 公式サイト
313571676870,医療法人安良会　なかまち医院,2312007004,441-3155,愛知県,豊橋市二川町中町５６,,安良会なかまち医院,CODE,G002913,代表,医療法人安良会 なかまち医院 豊橋市 公式サイト
313561077455,かわむら内科循環器科,2312203793,494-0012,愛知県,一宮市明地油屋前５２－１,,かわむら内科循環器科,CODE,G002914,代表,かわむら内科循環器科 一宮市 公式サイト
313544879818,元八事みみはなのどクリニック,2311602961,468-0066,愛知県,名古屋市天白区元八事４－８４　元八事メディカルステーション２階,,元八事みみはなのどクリニック,CODE,G002915,代表,元八事みみはなのどクリニック 名古屋市天白区 公式サイト
313700783824,しいの木こどもクリニック,2312104702,444-2134,愛知県,岡崎市大樹寺２－７－９,,しいの木こどもクリニック,CODE,G002916,代表,しいの木こどもクリニック 岡崎市 公式サイト
313700745962,医療法人権田脳神経外科,2312004084,440-0814,愛知県,豊橋市前田町２－１９－１７,,権田脳神経外科,CODE,G002917,代表,医療法人権田脳神経外科 豊橋市 公式サイト
313700664045,医療法人志貴医院,2312102680,444-0858,愛知県,岡崎市上六名４－７－１,,志貴医院,CODE,G002918,代表,医療法人志貴医院 岡崎市 公式サイト
313587874549,人生クリニック,2311503144,465-0025,愛知県,名古屋市名東区上社４－１３１,,人生クリニック,CODE,G002919,代表,人生クリニック 名古屋市名東区 公式サイト
313553856219,八事眼科,2311602177,468-0063,愛知県,名古屋市天白区音聞山１００２,,八事眼科,CODE,G002920,代表,八事眼科 名古屋市天白区 公式サイト
313707925178,みみ・はな・のど　長坂クリニック,2312105519,444-0072,愛知県,岡崎市六供町２－１－３,,みみはなのど長坂クリニック,CODE,G002921,代表,みみ・はな・のど 長坂クリニック 岡崎市 公式サイト
313707845309,成田記念陽子線センター,2312006444,441-8021,愛知県,豊橋市白河町７８,,成田記念陽子線センタ,CODE,G002922,代表,成田記念陽子線センター 豊橋市 公式サイト
313707845308,こうのすクリニック,2311602516,468-0002,愛知県,名古屋市天白区焼山２－２０６,,こうのすクリニック,CODE,G002923,代表,こうのすクリニック 名古屋市天白区 公式サイト
313707808471,名古屋アイクリニック,2310901505,456-0003,愛知県,名古屋市熱田区波寄町２４－１４　ＣＯＬＬＥＣＴ　ＭＡＲＫ金山２階,,名古屋アイクリニック,CODE,G002924,代表,名古屋アイクリニック 名古屋市熱田区 公式サイト
313700745961,医療法人高須クリニック栄院,2310607078,460-0003,愛知県,名古屋市中区錦３－１７－１０錦三ビル７階,,高須クリニック栄院,CODE,G002925,代表,医療法人高須クリニック栄院 名古屋市中区 公式サイト
313700711101,大島整形外科クリニック,2312004993,440-0024,愛知県,豊橋市東田町井原３９－７,,大島整形外科クリニック,CODE,G002926,代表,大島整形外科クリニック 豊橋市 公式サイト
313561077454,Ｒｅ：Ｂｉｒｔｈ　Ｃｌｉｎｉｃ　Ｎａｇｏｙａ,2311203000,457-0012,愛知県,名古屋市南区菊住１－４－１０　ＮＡＲＩＴＡ　ＢＬＤＧ．　３階,,re:birthclinicnagoya,CODE,G002927,代表,Re:Birth Clinic Nagoya 名古屋市南区 公式サイト
313553856218,よしだ整形外科クリニック,2311501791,465-0048,愛知県,名古屋市名東区藤見が丘１６６,,よしだ整形外科クリニック,CODE,G002928,代表,よしだ整形外科クリニック 名古屋市名東区 公式サイト
313707924217,医療法人浅井内科,2312003979,440-0853,愛知県,豊橋市佐藤２－３－１１,,浅井内科,CODE,G002929,代表,医療法人浅井内科 豊橋市 公式サイト
313707924216,高針台皮フ科クリニック,2311503300,465-0054,愛知県,名古屋市名東区高針台２－１４０３－１,,高針台皮フ科クリニック,CODE,G002930,代表,高針台皮フ科クリニック 名古屋市名東区 公式サイト
313707808470,こばやし耳鼻科,2311600940,468-0052,愛知県,名古屋市天白区井口１－１５１０,,こばやし耳鼻科,CODE,G002931,代表,こばやし耳鼻科 名古屋市天白区 公式サイト
313700745960,しまだ耳鼻咽喉科,2311401745,458-0833,愛知県,名古屋市緑区青山３－２５,,しまだ耳鼻咽喉科,CODE,G002932,代表,しまだ耳鼻咽喉科 名古屋市緑区 公式サイト
313700711100,遠山クリニック,2312000603,440-0076,愛知県,豊橋市大橋通１－８９,,遠山クリニック,CODE,G002933,代表,遠山クリニック 豊橋市 公式サイト
313663162075,なるこ田中医院,2311402230,458-0041,愛知県,名古屋市緑区鳴子町４－３５,,なるこ田中医院,CODE,G002934,代表,なるこ田中医院 名古屋市緑区 公式サイト
313656143584,はやかわこころのクリニック一社,2311503045,465-0093,愛知県,名古屋市名東区一社２－８　オオタ一社ビル２階,,はやかわこころのクリニック一社,CODE,G002935,代表,はやかわこころのクリニック一社 名古屋市名東区 公式サイト
313656143583,松坂クリニック,2311301119,463-0007,愛知県,名古屋市守山区松坂町２５０,,松坂クリニック,CODE,G002936,代表,松坂クリニック 名古屋市守山区 公式サイト
313504635600,ＣＵＴＩＳ　ＣＵＲＡ　ＣＬＩＮＩＣ,2311302604,463-0022,愛知県,名古屋市守山区八剣２－２２２,,cutiscuraclinic,CODE,G002937,代表,CUTIS CURA CLINIC 名古屋市守山区 公式サイト
313707875016,おがたファミリークリニック,2311302323,463-0009,愛知県,名古屋市守山区緑ヶ丘１０７,,おがたファミリクリニック,CODE,G002938,代表,おがたファミリークリニック 名古屋市守山区 公式サイト
313700817604,えんぜる皮フ科クリニック,2310901729,456-0002,愛知県,名古屋市熱田区金山町１－３－２イトーピア紅葉舎ＣＦビル３階３０６,,えんぜる皮フ科クリニック,CODE,G002939,代表,えんぜる皮フ科クリニック 名古屋市熱田区 公式サイト
313700817603,森内科クリニック,2310607466,460-0014,愛知県,名古屋市中区富士見町１５－１８,,森内科クリニック,CODE,G002940,代表,森内科クリニック 名古屋市中区 公式サイト
313700817602,たかぎファミリークリニック,2311403030,458-0013,愛知県,名古屋市緑区ほら貝３－９６,,たかぎファミリクリニック,CODE,G002941,代表,たかぎファミリークリニック 名古屋市緑区 公式サイト
313700783823,第一なるみ病院,2311401018,458-0006,愛知県,名古屋市緑区細口１－２１０,,第一なるみ病院,CODE,G002942,代表,第一なるみ病院 名古屋市緑区 公式サイト
313700664044,医療法人愛希会前田医院,2311500884,465-0065,愛知県,名古屋市名東区梅森坂３－５２０１,,愛希会前田医院,CODE,G002943,代表,医療法人愛希会前田医院 名古屋市名東区 公式サイト
313553856217,藤原医院,2311502476,465-0097,愛知県,名古屋市名東区平和が丘１－３８,,藤原医院,CODE,G002944,代表,藤原医院 名古屋市名東区 公式サイト
313504635599,ツボウチ整形外科,2311101691,455-0815,愛知県,名古屋市港区油屋町３－２８－１,,ツボウチ整形外科,CODE,G002945,代表,ツボウチ整形外科 名古屋市港区 公式サイト
313707875015,たてレディースクリニック,2311301358,463-0041,愛知県,名古屋市守山区大谷町２－５１,,たてレディスクリニック,CODE,G002946,代表,たてレディースクリニック 名古屋市守山区 公式サイト
313700664043,ひだまりこころクリニック　サンシャインサカエ院,2310607508,460-0003,愛知県,名古屋市中区錦３－２４－４サンシャインサカエ５階,,ひだまりこころクリニックサンシャインサカエ院,CODE,G002947,代表,ひだまりこころクリニック サンシャインサカエ院 名古屋市中区 公式サイト
313663162074,あらたまばし皮フ科ビューティークリニック,2311202986,457-0007,愛知県,名古屋市南区駈上２－１－２４　近藤ビル１階,,あらたまばし皮フ科ビュティクリニック,CODE,G002948,代表,あらたまばし皮フ科ビューティークリニック 名古屋市南区 公式サイト
313656143582,みどり内科クリニック,2311401380,458-0910,愛知県,名古屋市緑区桶狭間森前１６１５,,みどり内科クリニック,CODE,G002949,代表,みどり内科クリニック 名古屋市緑区 公式サイト
313707808469,医療法人一色診療所,2311002006,454-0945,愛知県,名古屋市中川区下之一色町波花９３,,一色診療所,CODE,G002950,代表,医療法人一色診療所 名古屋市中川区 公式サイト
313700745959,森医院,2310505686,453-0054,愛知県,名古屋市中村区鳥居西通１－４５,,森医院,CODE,G002951,代表,森医院 名古屋市中村区 公式サイト
313587874548,たまい眼科ほのぼのクリニック,2310606161,460-0004,愛知県,名古屋市中区新栄町１－３日丸名古屋ビル９階,,たまい眼科ほのぼのクリニック,CODE,G002952,代表,たまい眼科ほのぼのクリニック 名古屋市中区 公式サイト
313571676869,ひだまりこころクリニック　名駅地下街サンロード院,2310506254,450-0002,愛知県,名古屋市中村区名駅４－７－２５先,,ひだまりこころクリニック名駅地下街サンロド院,CODE,G002953,代表,ひだまりこころクリニック 名駅地下街サンロード院 名古屋市中村区 公式サイト
313553856216,なごやおなか恒川クリニック,2310506411,453-0801,愛知県,名古屋市中村区太閤１－１－１０,,なごやおなか恒川クリニック,CODE,G002954,代表,なごやおなか恒川クリニック 名古屋市中村区 公式サイト
313544879817,医療法人橋本クリニック,2310803107,467-0003,愛知県,名古屋市瑞穂区汐路町２－１－２,,橋本クリニック,CODE,G002955,代表,医療法人橋本クリニック 名古屋市瑞穂区 公式サイト
313587874547,いまい内科クリニック,2311202820,457-0863,愛知県,名古屋市南区豊１－２８－１８,,いまい内科クリニック,CODE,G002956,代表,いまい内科クリニック 名古屋市南区 公式サイト
313700711099,もりやまファミリークリニック,2311301556,463-0090,愛知県,名古屋市守山区瀬古東３－１４０,,もりやまファミリクリニック,CODE,G002957,代表,もりやまファミリークリニック 名古屋市守山区 公式サイト
313571676868,愛知アトラスクリニック,2311101972,455-0041,愛知県,名古屋市港区幸町２－２３,,愛知アトラスクリニック,CODE,G002958,代表,愛知アトラスクリニック 名古屋市港区 公式サイト
313656143581,たけだ医院,2311101238,455-0881,愛知県,名古屋市港区船頭場５－８２０,,たけだ医院,CODE,G002959,代表,たけだ医院 名古屋市港区 公式サイト
313544879816,もりかわクリニック,2311003095,454-0862,愛知県,名古屋市中川区的場町１－３２,,もりかわクリニック,CODE,G002960,代表,もりかわクリニック 名古屋市中川区 公式サイト
313707875014,医療法人幸会南陽病院,2311100966,455-0882,愛知県,名古屋市港区小賀須３－１１０１,,幸会南陽病院,CODE,G002961,代表,医療法人幸会南陽病院 名古屋市港区 公式サイト
313700817601,吉田医院,2311100867,455-0036,愛知県,名古屋市港区浜１－１－８,,吉田医院,CODE,G002962,代表,吉田医院 名古屋市港区 公式サイト
313656143580,稲本整形外科クリニック,2311002048,454-0035,愛知県,名古屋市中川区八熊通り４－４８,,稲本整形外科クリニック,CODE,G002963,代表,稲本整形外科クリニック 名古屋市中川区 公式サイト
313587874546,医療法人中京クリニカル,2310901364,456-0035,愛知県,名古屋市熱田区白鳥３－６－１７,,中京クリニカル,CODE,G002964,代表,医療法人中京クリニカル 名古屋市熱田区 公式サイト
313504635598,千原皮ふ科クリニック,2310901240,456-0018,愛知県,名古屋市熱田区新尾頭３－１－８,,千原皮ふ科クリニック,CODE,G002965,代表,千原皮ふ科クリニック 名古屋市熱田区 公式サイト
313707875013,医療法人社団修永会　ＺｉＭＡ　ＣＬＩＮＩＣ,2310608266,460-0008,愛知県,名古屋市中区栄３－１５－３７　エフジー栄ビル３階,,修永会zimaclinic,CODE,G002966,代表,医療法人社団修永会 ZiMA CLINIC 名古屋市中区 公式サイト
313707808468,医療法人　松柏会　名古屋栄セントラルクリニック,2310608290,460-0003,愛知県,名古屋市中区錦３－１６－２７　栄パークサイドプレイスＢ１階,,松柏会名古屋栄セントラルクリニック,CODE,G002967,代表,医療法人 松柏会 名古屋栄セントラルクリニック 名古屋市中区 公式サイト
313700664042,さとうクリニック,2310802588,467-0805,愛知県,名古屋市瑞穂区桜見町２－１６　ガーデンクルセ櫻見館　１Ａ,,さとうクリニック,CODE,G002968,代表,さとうクリニック 名古屋市瑞穂区 公式サイト
313663162073,医療法人聖光会田中内科皮膚科医院,2310801721,467-0012,愛知県,名古屋市瑞穂区豊岡通３－３,,聖光会田中内科皮膚科医院,CODE,G002969,代表,医療法人聖光会田中内科皮膚科医院 名古屋市瑞穂区 公式サイト
313553856215,大森クリニック,2310801978,467-0042,愛知県,名古屋市瑞穂区八勝通１－４,,大森クリニック,CODE,G002970,代表,大森クリニック 名古屋市瑞穂区 公式サイト
313707924215,医療法人名古屋栄クリニック,2310606294,460-0008,愛知県,名古屋市中区栄５－２７－３ロイヤルオーク１階,,名古屋栄クリニック,CODE,G002971,代表,医療法人名古屋栄クリニック 名古屋市中区 公式サイト
313700664041,金山ペインクリニック,2310606575,460-0022,愛知県,名古屋市中区金山１－１４－９長谷川ビル４階,,金山ペインクリニック,CODE,G002972,代表,金山ペインクリニック 名古屋市中区 公式サイト
313587874545,クリニックテルミナ,2310506197,453-0044,愛知県,名古屋市中村区鳥居通４－１３－１,,クリニックテルミナ,CODE,G002973,代表,クリニックテルミナ 名古屋市中村区 公式サイト
313553856214,あさと整形外科リウマチ科,2310506429,453-0063,愛知県,名古屋市中村区東宿町３－７８,,あさと整形外科リウマチ科,CODE,G002974,代表,あさと整形外科リウマチ科 名古屋市中村区 公式サイト
313544879815,医療法人　富士久会　藤岡医院,2310503749,453-0044,愛知県,名古屋市中村区鳥居通５－２０,,富士久会藤岡医院,CODE,G002975,代表,医療法人 富士久会 藤岡医院 名古屋市中村区 公式サイト
313504635597,医療法人葛谷クリニック,2310603978,460-0008,愛知県,名古屋市中区栄４－１７－２０,,葛谷クリニック,CODE,G002976,代表,医療法人葛谷クリニック 名古屋市中区 公式サイト
313707808467,髙田内科クリニック,2310504044,453-0046,愛知県,名古屋市中村区道下町２－２５,,髙田内科クリニック,CODE,G002977,代表,髙田内科クリニック 名古屋市中村区 公式サイト
313700817600,かいだ耳鼻咽喉科,2310402181,452-0822,愛知県,名古屋市西区中小田井３－１６７－２,,かいだ耳鼻咽喉科,CODE,G002978,代表,かいだ耳鼻咽喉科 名古屋市西区 公式サイト
313700711098,かわい内科＆皮ふ科,2310403338,452-0822,愛知県,名古屋市西区中小田井３－３８４－１,,かわい内科&皮ふ科,CODE,G002979,代表,かわい内科&皮ふ科 名古屋市西区 公式サイト
313656143579,よつば発達クリニック,2310403387,451-0083,愛知県,名古屋市西区新福寺町２－６－５,,よつば発達クリニック,CODE,G002980,代表,よつば発達クリニック 名古屋市西区 公式サイト
313571676867,菊井皮フ科クリニック,,451-0045,愛知県,名古屋市西区名駅２－１－３,,菊井皮フ科クリニック,ZIP+NAME,G002981,代表,菊井皮フ科クリニック 名古屋市西区 公式サイト
313700710137,山田医院,2310303538,462-0026,愛知県,名古屋市北区萩野通２－１０,,山田医院,CODE,G002982,代表,山田医院 名古屋市北区 公式サイト
313707845307,ひのとり整形在宅クリニック,2310304007,462-0810,愛知県,名古屋市北区山田２－４－５８,,ひのとり整形在宅クリニック,CODE,G002983,代表,ひのとり整形在宅クリニック 名古屋市北区 公式サイト
313707845306,医療法人川合産婦人科,2310401761,452-0804,愛知県,名古屋市西区坂井戸町１９１,,川合産婦人科,CODE,G002984,代表,医療法人川合産婦人科 名古屋市西区 公式サイト
313707808466,あいやまクリニック,2310302944,462-0841,愛知県,名古屋市北区黒川本通３－８,,あいやまクリニック,CODE,G002985,代表,あいやまクリニック 名古屋市北区 公式サイト
313700817599,黒川泌尿器科・内科（腎）,2310304056,462-0841,愛知県,名古屋市北区黒川本通４－３７カーサビアンカ黒川２０６,,黒川泌尿器科内科腎,CODE,G002986,代表,黒川泌尿器科・内科(腎) 名古屋市北区 公式サイト
313700783822,医療法人藤成会加藤医院,2310302142,462-0810,愛知県,名古屋市北区山田１－１３－７７,,藤成会加藤医院,CODE,G002987,代表,医療法人藤成会加藤医院 名古屋市北区 公式サイト
313656143578,医療法人藤仁会藤原医院,2310302175,462-0844,愛知県,名古屋市北区清水３－１２－２３,,藤仁会藤原医院,CODE,G002988,代表,医療法人藤仁会藤原医院 名古屋市北区 公式サイト
313700817598,リベ大クリニック,2310105719,464-0026,愛知県,名古屋市千種区井上町６６　星ヶ丘ＩＳビル１階,,リベ大クリニック,CODE,G002989,代表,リベ大クリニック 名古屋市千種区 公式サイト
313700745958,メグラス在宅クリニック葵,2310202656,461-0004,愛知県,名古屋市東区葵３－１４－３,,メグラス在宅クリニック葵,CODE,G002990,代表,メグラス在宅クリニック葵 名古屋市東区 公式サイト
313587874544,ほしがおか成長クリニック,2310105750,464-0801,愛知県,名古屋市千種区星ケ丘１－１－７　星ヶ丘メディカルセンター１０３,,ほしがおか成長クリニック,CODE,G002991,代表,ほしがおか成長クリニック 名古屋市千種区 公式サイト
313544879814,Ａｙａ　Ｂｅａｕｔｙ　＆　Ｆａｍｉｌｙ　Ｃｌｉｎｉｃ名古屋院,2310203316,461-0040,愛知県,名古屋市東区矢田１－５－１　マリオン大曽根１階２,,ayabeauty&familyclinic名古屋院,CODE,G002992,代表,Aya Beauty & Family Clinic名古屋院 名古屋市東区 公式サイト
313561077453,名古屋市立大学医学部附属東部医療センター,2310105552,464-8547,愛知県,名古屋市千種区若水１－２－２３,,名古屋市立大学医学部附属東部医療センタ,CODE,G002993,代表,名古屋市立大学医学部附属東部医療センター 名古屋市千種区 公式サイト
313707924214,公益財団法人ときわ会　磐城中央病院,0710418492,971-8112,福島県,いわき市小名浜南富岡字富士前４１番地,,ときわ会磐城中央病院,CODE,G002994,代表,公益財団法人ときわ会 磐城中央病院 いわき市 公式サイト
313707808465,土川内科小児科,0711010603,964-0875,福島県,二本松市槻木２５０－３,,土川内科小児科,CODE,G002995,代表,土川内科小児科 二本松市 公式サイト
313707844345,すぎやま内科,2310105297,464-0841,愛知県,名古屋市千種区覚王山通８－７０－１サンクレア池下東棟４階,,すぎやま内科,CODE,G002996,代表,すぎやま内科 名古屋市千種区 公式サイト
313700745957,葛尾村診療所,0713211464,979-1602,福島県,双葉郡葛尾村大字落合字菅ノ又６－１,,葛尾村診療所,CODE,G002997,代表,葛尾村診療所 双葉郡葛尾村 公式サイト
313553856213,足立内科,2310104845,464-0807,愛知県,名古屋市千種区東山通１－１２,,足立内科,CODE,G002998,代表,足立内科 名古屋市千種区 公式サイト
313707924213,あづま脳神経外科病院附属　ほばらクリニック,0711310441,960-0634,福島県,伊達市保原町大泉字小作逢１５－１,,あづま脳神経外科病院附属ほばらクリニック,CODE,G002999,代表,あづま脳神経外科病院附属 ほばらクリニック 伊達市 公式サイト
313707875012,中山クリニック,0710417205,971-8164,福島県,いわき市小名浜西町１－３,,中山クリニック,CODE,G003000,代表,中山クリニック いわき市 公式サイト
313700664040,阿部クリニック,0710910944,976-0042,福島県,相馬市中村１－１４－２,,阿部クリニック,CODE,G003001,代表,阿部クリニック 相馬市 公式サイト
313587874543,医療法人ジーアイ会水野宏胃腸科内科,2310102971,464-0850,愛知県,名古屋市千種区今池４－１４－３,,ジアイ会水野宏胃腸科内科,CODE,G003002,代表,医療法人ジーアイ会水野宏胃腸科内科 名古屋市千種区 公式サイト
313571676866,いわき小名浜眼科,0710418526,971-8101,福島県,福島県いわき市小名浜字辰巳町７９番地イオンモールいわき小名浜４階,,いわき小名浜眼科,CODE,G003003,代表,いわき小名浜眼科 福島県いわき市 公式サイト
313561077452,医療法人荒井医院,0712610583,969-6539,福島県,河沼郡会津坂下町字古市乙１５０,,荒井医院,CODE,G003004,代表,医療法人荒井医院 河沼郡会津坂下町 公式サイト
313553856212,医療法人あすなろこどもクリニック,0710711334,962-0063,福島県,須賀川市西山寺町２２８番地,,あすなろこどもクリニック,CODE,G003005,代表,医療法人あすなろこどもクリニック 須賀川市 公式サイト
313700817597,水谷内科小児科,2310504838,450-0003,愛知県,名古屋市中村区名駅南１－１１－１,,水谷内科小児科,CODE,G003006,代表,水谷内科小児科 名古屋市中村区 公式サイト
313544879813,水谷眼科診療所,2310504952,450-0003,愛知県,名古屋市中村区名駅南１－２４－３０名古屋三井ビル本館地下１階,,水谷眼科診療所,CODE,G003007,代表,水谷眼科診療所 名古屋市中村区 公式サイト
313587874542,名古屋循環器科・内科,2310504630,450-0002,愛知県,名古屋市中村区名駅２－４５－７松岡ビルディング４階,,名古屋循環器科内科,CODE,G003008,代表,名古屋循環器科・内科 名古屋市中村区 公式サイト
313707844344,森田皮フ科クリニック,2310503137,453-0834,愛知県,名古屋市中村区豊国通６－２６,,森田皮フ科クリニック,CODE,G003009,代表,森田皮フ科クリニック 名古屋市中村区 公式サイト
313553856211,恒川内科小児科医院,2310402918,451-0053,愛知県,名古屋市西区枇杷島１－６－３２,,恒川内科小児科医院,CODE,G003010,代表,恒川内科小児科医院 名古屋市西区 公式サイト
313707875011,たいようこどもクリニック,2310303579,462-0841,愛知県,名古屋市北区黒川本通５－２２－１,,たいようこどもクリニック,CODE,G003011,代表,たいようこどもクリニック 名古屋市北区 公式サイト
313656143577,なかおたいクリニック,2310402736,452-0822,愛知県,名古屋市西区中小田井５－１８８,,なかおたいクリニック,CODE,G003012,代表,なかおたいクリニック 名古屋市西区 公式サイト
313700817596,井戸田整形外科　名駅スポーツクリニック,2310402819,451-0045,愛知県,名古屋市西区名駅２－６－５,,井戸田整形外科名駅スポツクリニック,CODE,G003013,代表,井戸田整形外科 名駅スポーツクリニック 名古屋市西区 公式サイト
313544879812,日比耳鼻咽喉科,2310203373,461-0045,愛知県,名古屋市東区砂田橋４－１－５２　コノミヤ砂田橋店２階,,日比耳鼻咽喉科,CODE,G003014,代表,日比耳鼻咽喉科 名古屋市東区 公式サイト
313707844343,大石眼科,2310103573,464-0076,愛知県,名古屋市千種区豊年町１６－７,,大石眼科,CODE,G003015,代表,大石眼科 名古屋市千種区 公式サイト
313700817595,ザ・クリニック名古屋,2310202706,461-0005,愛知県,名古屋市東区東桜１－９－１９成田栄ビル７階,,ザクリニック名古屋,CODE,G003016,代表,ザ・クリニック名古屋 名古屋市東区 公式サイト
313700710136,愛知県精神医療センター,2310100058,464-0031,愛知県,名古屋市千種区徳川山町４－１－７,,愛知県精神医療センタ,CODE,G003017,代表,愛知県精神医療センター 名古屋市千種区 公式サイト
313504635596,わかやま整形外科,2310103987,464-0821,愛知県,名古屋市千種区末盛通５－８－１,,わかやま整形外科,CODE,G003018,代表,わかやま整形外科 名古屋市千種区 公式サイト
313700745956,角田内科医院　胃・大腸クリニック,0713011179,963-6218,福島県,石川郡浅川町大字東大畑字新町１０－１,,角田内科医院胃大腸クリニック,CODE,G003019,代表,角田内科医院 胃・大腸クリニック 石川郡浅川町 公式サイト
313544879811,松本耳鼻咽喉科医院,0713210987,979-1521,福島県,双葉郡浪江町大字権現堂字新町４４,,松本耳鼻咽喉科医院,CODE,G003020,代表,松本耳鼻咽喉科医院 双葉郡浪江町 公式サイト
313663162072,きむらクリニック,0712310838,967-0004,福島県,南会津郡南会津町田島字大坪３５－１,,きむらクリニック,CODE,G003021,代表,きむらクリニック 南会津郡南会津町 公式サイト
313561077451,みうら内科クリニック,0711010983,964-0806,福島県,二本松市羽石１１０－６,,みうら内科クリニック,CODE,G003022,代表,みうら内科クリニック 二本松市 公式サイト
313707808464,医療法人尚仁会上保原内科,0711310151,960-0684,福島県,伊達市保原町上保原字大木田８－１,,尚仁会上保原内科,CODE,G003023,代表,医療法人尚仁会上保原内科 伊達市 公式サイト
313707924212,さとう心療内科,0710711441,962-0062,福島県,須賀川市山寺町３７番地,,さとう心療内科,CODE,G003024,代表,さとう心療内科 須賀川市 公式サイト
313707875010,医療法人社団青空会大町病院,0711210294,975-0001,福島県,南相馬市原町区大町３－９７,,青空会大町病院,CODE,G003025,代表,医療法人社団青空会大町病院 南相馬市原町区 公式サイト
313707924211,医療法人　大高眼科医院,0710710997,962-0831,福島県,須賀川市八幡町２４－１８,,大高眼科医院,CODE,G003026,代表,医療法人 大高眼科医院 須賀川市 公式サイト
313707844342,医療法人　吉田医院,0710711037,962-0841,福島県,須賀川市上北町９６－１,,吉田医院,CODE,G003027,代表,医療法人 吉田医院 須賀川市 公式サイト
313700783821,医療法人　河田眼科医院,0710511460,961-0908,福島県,白河市大手町６番地５,,河田眼科医院,CODE,G003028,代表,医療法人 河田眼科医院 白河市 公式サイト
313561077450,医療法人　大髙内科胃腸科,0710510918,961-0957,福島県,白河市道場小路９１－１０,,大髙内科胃腸科,CODE,G003029,代表,医療法人 大髙内科胃腸科 白河市 公式サイト
313553856210,おの泌尿器科クリニック,0710418799,974-8212,福島県,いわき市東田町２－１５－８,,おの泌尿器科クリニック,CODE,G003030,代表,おの泌尿器科クリニック いわき市 公式サイト
313700817594,自由ヶ丘さとうクリニック眼科,0710418138,970-8033,福島県,いわき市自由ケ丘３７番４,,自由ヶ丘さとうクリニック眼科,CODE,G003031,代表,自由ヶ丘さとうクリニック眼科 いわき市 公式サイト
313707844341,いいづかクリニック,0710418104,971-8163,福島県,いわき市小名浜中町境１７－１２,,いいづかクリニック,CODE,G003032,代表,いいづかクリニック いわき市 公式サイト
313700783820,小名浜生協病院付属せいきょうクリニック,0710416686,971-8151,福島県,いわき市小名浜岡小名山ノ神４０,,小名浜生協病院付属せいきょうクリニック,CODE,G003033,代表,小名浜生協病院付属せいきょうクリニック いわき市 公式サイト
313587874541,ささき内科クリニック,0710415431,971-8185,福島県,いわき市泉町３－１－２,,ささき内科クリニック,CODE,G003034,代表,ささき内科クリニック いわき市 公式サイト
313707875009,やまぐち整形外科クリニック,0710317454,963-0725,福島県,郡山市田村町金屋字マセ口５番地１,,やまぐち整形外科クリニック,CODE,G003035,代表,やまぐち整形外科クリニック 郡山市 公式サイト
313656143576,巽ハートクリニック,0710317736,963-0107,福島県,郡山市安積二丁目１１５－１,,巽ハトクリニック,CODE,G003036,代表,巽ハートクリニック 郡山市 公式サイト
313553856209,かべや耳鼻咽喉科,0710213257,965-0817,福島県,会津若松市千石町９番２０号,,かべや耳鼻咽喉科,CODE,G003037,代表,かべや耳鼻咽喉科 会津若松市 公式サイト
313707924210,ＡＲＣクリニックよしだ整形外科,0710117367,960-8044,福島県,福島市早稲町４－１６ラヴィバレ一番丁１階,,arcクリニックよしだ整形外科,CODE,G003038,代表,ARCクリニックよしだ整形外科 福島市 公式サイト
313707924209,ふくしま木もれ日クリニック,0710118373,960-0101,福島県,福島市瀬上町字行人堂１３－１,,ふくしま木もれ日クリニック,CODE,G003039,代表,ふくしま木もれ日クリニック 福島市 公式サイト
313700664039,やまと在宅診療所郡山,0710317876,963-8006,福島県,郡山市赤木町２２番２号,,やまと在宅診療所郡山,CODE,G003040,代表,やまと在宅診療所郡山 郡山市 公式サイト
313587874540,中町耳鼻咽喉科クリニック,0710314006,963-8004,福島県,郡山市中町１４－１７,,中町耳鼻咽喉科クリニック,CODE,G003041,代表,中町耳鼻咽喉科クリニック 郡山市 公式サイト
313700745955,やまうち整形外科クリニック,0710213232,965-0818,福島県,会津若松市東千石１丁目４番７号,,やまうち整形外科クリニック,CODE,G003042,代表,やまうち整形外科クリニック 会津若松市 公式サイト
313700710135,いがり整形外科スポーツクリニック,0710118498,960-8057,福島県,福島市笹木野字中西裏１９番２６,,いがり整形外科スポツクリニック,CODE,G003043,代表,いがり整形外科スポーツクリニック 福島市 公式サイト
313707808463,きらり健康生活協同組合　須川診療所,0710114182,960-8055,福島県,福島市野田町１－１２－７２,,きらり健康生活協同組合須川診療所,CODE,G003044,代表,きらり健康生活協同組合 須川診療所 福島市 公式サイト
313700816633,スリープ呼吸器内科クリニック,0710118118,960-0102,福島県,福島市鎌田字町東２番９,,スリプ呼吸器内科クリニック,CODE,G003045,代表,スリープ呼吸器内科クリニック 福島市 公式サイト
313700745954,南福島ひまわりクリニック,0710118225,960-8153,福島県,福島市黒岩字竹ノ内１２番地の１,,南福島ひまわりクリニック,CODE,G003046,代表,南福島ひまわりクリニック 福島市 公式サイト
313707808462,松川クリニック,0710115965,960-1231,福島県,福島市松川町沼袋字北原８４－１１,,松川クリニック,CODE,G003047,代表,松川クリニック 福島市 公式サイト
313663162071,木村医院,0510511132,015-0404,秋田県,由利本荘市矢島町七日町字七日町３９,,木村医院,CODE,G003048,代表,木村医院 由利本荘市 公式サイト
313656143575,たかはた内科医院,0612610436,999-2174,山形県,東置賜郡高畠町大字福沢字鎌塚台１６３－１,,たかはた内科医院,CODE,G003049,代表,たかはた内科医院 東置賜郡高畠町 公式サイト
313587874539,医療法人　英会　工藤眼科医院,0510210743,016-0816,秋田県,能代市富町１０－８,,英会工藤眼科医院,CODE,G003050,代表,医療法人 英会 工藤眼科医院 能代市 公式サイト
313700816631,ふるかわ整形外科クリニック,0610116782,990-2444,山形県,山形市南四番町７－１８,,ふるかわ整形外科クリニック,CODE,G003051,代表,ふるかわ整形外科クリニック 山形市 公式サイト
313663162069,医療法人社団望星会　蓬萊東クリニック,0710116187,960-8157,福島県,福島市蓬莱町８－１－１,,望星会蓬萊東クリニック,CODE,G003052,代表,医療法人社団望星会 蓬萊東クリニック 福島市 公式サイト
313571676864,湖東快晴クリニック,0512310640,018-1732,秋田県,南秋田郡五城目町大川西野字堤ノ内１番地１,,湖東快晴クリニック,CODE,G003053,代表,湖東快晴クリニック 南秋田郡五城目町 公式サイト
313504635595,佐藤医院,0510811045,019-2112,秋田県,大仙市刈和野字清光院後４２－３５,,佐藤医院,CODE,G003054,代表,佐藤医院 大仙市 公式サイト
313707844340,千畑クリニック,0512611419,019-1541,秋田県,仙北郡美郷町土崎字上野２３０番地の１,,千畑クリニック,CODE,G003055,代表,千畑クリニック 仙北郡美郷町 公式サイト
313707808461,大館市立総合病院,0510410194,017-0885,秋田県,大館市豊町３番１号,,大館市立総合病院,CODE,G003056,代表,大館市立総合病院 大館市 公式サイト
313707808460,いしだ内科,0710317033,963-8023,福島県,郡山市緑町１－６,,いしだ内科,CODE,G003057,代表,いしだ内科 郡山市 公式サイト
313700816632,東谷心療内科,0611611039,994-0049,山形県,天童市南町３丁目２－１６,,東谷心療内科,CODE,G003058,代表,東谷心療内科 天童市 公式サイト
313700816630,クリニック荒木,0710212267,965-0064,福島県,会津若松市神指町黒川字湯川東２２７,,クリニック荒木,CODE,G003059,代表,クリニック荒木 会津若松市 公式サイト
313700816629,医療法人　長谷川内科消化器科医院,0710212093,965-0033,福島県,会津若松市行仁町３－３１,,長谷川内科消化器科医院,CODE,G003060,代表,医療法人 長谷川内科消化器科医院 会津若松市 公式サイト
313700783819,佐藤清医院,0610114472,990-0061,山形県,山形市五十鈴１－６－５６,,佐藤清医院,CODE,G003061,代表,佐藤清医院 山形市 公式サイト
313700745953,小原病院,0612310755,999-3511,山形県,西村山郡河北町谷地字月山堂１５１－１,,小原病院,CODE,G003062,代表,小原病院 西村 公式サイト
313700745952,医療法人社団正風会石井脳神経外科眼科病院,0710414434,971-8122,福島県,いわき市小名浜林城字塚前３－１,,正風会石井脳神経外科眼科病院,CODE,G003063,代表,医療法人社団正風会石井脳神経外科眼科病院 いわき市 公式サイト
313700710134,たかのす今村クリニック,0511110264,018-3302,秋田県,北秋田市栄中綱８９－５,,たかのす今村クリニック,CODE,G003064,代表,たかのす今村クリニック 北秋田市 公式サイト
313700664038,南中央眼科クリニック,0710117425,960-8073,福島県,福島市南中央一丁目６７－２,,南中央眼科クリニック,CODE,G003065,代表,南中央眼科クリニック 福島市 公式サイト
313663162070,外田医院,0611510348,993-0083,山形県,長井市大町８－６,,外田医院,CODE,G003066,代表,外田医院 長井市 公式サイト
313656143574,白壁内科クリニック,0610116030,990-0864,山形県,山形市陣場一丁目９番２１号,,白壁内科クリニック,CODE,G003067,代表,白壁内科クリニック 山形市 公式サイト
313656143573,曽根田駅前クリニック,0710118365,960-8051,福島県,福島市曽根田町１－１８ＭＡＸふくしま　５階,,曽根田駅前クリニック,CODE,G003068,代表,曽根田駅前クリニック 福島市 公式サイト
313656143572,医療法人　だいた耳鼻咽喉科クリニック,0710416835,970-8026,福島県,いわき市平４町目２１－１６,,だいた耳鼻咽喉科クリニック,CODE,G003069,代表,医療法人 だいた耳鼻咽喉科クリニック いわき市 公式サイト
313587874538,南原耳鼻咽喉科医院,0610114845,990-2413,山形県,山形市南原町３－１９－２６,,南原耳鼻咽喉科医院,CODE,G003070,代表,南原耳鼻咽喉科医院 山形市 公式サイト
313571676863,さとう耳鼻咽喉科医院,0610712770,997-0857,山形県,鶴岡市美咲町１８－１８,,さとう耳鼻咽喉科医院,CODE,G003071,代表,さとう耳鼻咽喉科医院 鶴岡市 公式サイト
313561077449,長岡医院,0611310418,999-3142,山形県,上山市沢丁９－１３,,長岡医院,CODE,G003072,代表,長岡医院 上山市 公式サイト
313553856208,医療法人社団桂こどもクリニック,0415511385,981-3134,宮城県,仙台市泉区桂　３－１－４,,桂こどもクリニック,CODE,G003073,代表,医療法人社団桂こどもクリニック 仙台市泉区 公式サイト
313553856207,あさか内科クリニック,0710315813,963-0105,福島県,郡山市安積町長久保１ー１ー５,,あさか内科クリニック,CODE,G003074,代表,あさか内科クリニック 郡山市 公式サイト
313504635594,小室医院,0611410291,995-0003,山形県,村山市大字本飯田５８４,,小室医院,CODE,G003075,代表,小室医院 村山市 公式サイト
313504635593,いがらし内科外科クリニック,0710315094,963-8026,福島県,郡山市並木二丁目１２－７,,いがらし内科外科クリニック,CODE,G003076,代表,いがらし内科外科クリニック 郡山市 公式サイト
313707875008,すみや眼科クリニック,0612310797,999-3512,山形県,西村山郡河北町谷地中央４－５－１,,すみや眼科クリニック,CODE,G003077,代表,すみや眼科クリニック 西村 公式サイト
313707844339,ほなみ透析クリニック,0611210733,991-0023,山形県,寒河江市丸内３丁目４－３４,,ほなみ透析クリニック,CODE,G003078,代表,ほなみ透析クリニック 寒河江市 公式サイト
313700816628,酒田駅前メンタルクリニック,0610812810,998-0023,山形県,酒田市幸町二丁目８番２０号,,酒田駅前メンタルクリニック,CODE,G003079,代表,酒田駅前メンタルクリニック 酒田市 公式サイト
313700710133,医療法人創仁会東日本診療所,0710114844,960-1108,福島県,福島市成川字台２８－１,,創仁会東日本診療所,CODE,G003080,代表,医療法人創仁会東日本診療所 福島市 公式サイト
313700664037,渋川クリニック,0710213372,965-0020,福島県,会津若松市山見二丁目７番地の７,,渋川クリニック,CODE,G003081,代表,渋川クリニック 会津若松市 公式サイト
313561077448,のぞみ在宅クリニック,0710317884,963-8052,福島県,郡山市八山田西４丁目１２,,のぞみ在宅クリニック,CODE,G003082,代表,のぞみ在宅クリニック 郡山市 公式サイト
313553856206,あすなろ南矢野目クリニック,0710116302,960-0112,福島県,福島市南矢野目字清水前３４－１６,,あすなろ南矢野目クリニック,CODE,G003083,代表,あすなろ南矢野目クリニック 福島市 公式サイト
313544879810,かとう内科クリニック,0610116501,990-2172,山形県,山形市大字千手堂字大門９６番地１,,かとう内科クリニック,CODE,G003084,代表,かとう内科クリニック 山形市 公式サイト
313707924208,にとう小児科医院,0611210568,991-0053,山形県,寒河江市元町３－８－９,,にとう小児科医院,CODE,G003085,代表,にとう小児科医院 寒河江市 公式サイト
313707875007,産婦人科・小児科三井病院,0610711848,997-0857,山形県,鶴岡市美咲町２８－１,,産婦人科小児科三井病院,CODE,G003086,代表,産婦人科・小児科三井病院 鶴岡市 公式サイト
313707808459,羽後町立羽後病院,0512810466,012-1131,秋田県,雄勝郡羽後町西馬音内字大戸道４４－５,,羽後町立羽後病院,CODE,G003087,代表,羽後町立羽後病院 雄勝郡羽後町 公式サイト
313707808458,柳田医院,0510114333,010-0862,秋田県,秋田市手形田中４－１５,,柳田医院,CODE,G003088,代表,柳田医院 秋田市 公式サイト
313656143571,いなむら耳鼻咽喉科クリニック,0610115586,990-2484,山形県,山形市篭田三丁目１番２号,,いなむら耳鼻咽喉科クリニック,CODE,G003089,代表,いなむら耳鼻咽喉科クリニック 山形市 公式サイト
313587874537,鶴岡市立荘内病院,0610712259,997-8515,山形県,鶴岡市泉町４番２０号,,鶴岡市立荘内病院,CODE,G003090,代表,鶴岡市立荘内病院 鶴岡市 公式サイト
313587874536,きさかたクリニック,0511310211,018-0115,秋田県,にかほ市象潟町字後田７７－１,,きさかたクリニック,CODE,G003091,代表,きさかたクリニック にかほ市 公式サイト
313553856205,医療法人ねもとクリニック,0510211022,016-0844,秋田県,能代市花園町２７－４１,,ねもとクリニック,CODE,G003092,代表,医療法人ねもとクリニック 能代市 公式サイト
313504635592,わたなべ眼科医院,0510116460,010-0816,秋田県,秋田市泉字登木２２６番地３,,わたなべ眼科医院,CODE,G003093,代表,わたなべ眼科医院 秋田市 公式サイト
313707844338,医療法人城西医院,0610114357,990-0833,山形県,山形市春日町１３－２７,,城西医院,CODE,G003094,代表,医療法人城西医院 山形市 公式サイト
313700783818,中川医院,0510311145,013-0205,秋田県,横手市雄物川町今宿字棒突２９番地３,,中川医院,CODE,G003095,代表,中川医院 横手市 公式サイト
313700745951,吉成皮膚科クリニック,0510115579,011-0934,秋田県,秋田市将軍野桂町３３番１８号,,吉成皮膚科クリニック,CODE,G003096,代表,吉成皮膚科クリニック 秋田市 公式サイト
313700710132,石河ひふ科医院,0510810997,014-0001,秋田県,大仙市花館字葛野１１０－７,,石河ひふ科医院,CODE,G003097,代表,石河ひふ科医院 大仙市 公式サイト
313571676862,小林胃腸科内科,0510113020,010-0972,秋田県,秋田市八橋田五郎２丁目１１－９,,小林胃腸科内科,CODE,G003098,代表,小林胃腸科内科 秋田市 公式サイト
313544879809,広面ファミリークリニック,0510113574,010-0041,秋田県,秋田市広面字土手下５２番２号,,広面ファミリクリニック,CODE,G003099,代表,広面ファミリークリニック 秋田市 公式サイト
313700816627,さとう腎臓内科ひ尿器科,0415414044,982-0011,宮城県,仙台市太白区長町二丁目９番３１号,,さとう腎臓内科ひ尿器科,CODE,G003100,代表,さとう腎臓内科ひ尿器科 仙台市太白区 公式サイト
313700664036,医療法人外科内科渡邊クリニック,0610812521,998-0842,山形県,酒田市亀ケ崎３丁目２番１号,,外科内科渡邊クリニック,CODE,G003101,代表,医療法人外科内科渡邊クリニック 酒田市 公式サイト
313587874535,仙台泉クリニック,0415513720,981-3221,宮城県,仙台市泉区根白石字行木沢東１－８ラヴィーレ泉パークタウン朝日１階,,仙台泉クリニック,CODE,G003102,代表,仙台泉クリニック 仙台市泉区 公式サイト
313571676861,なごみクリニック,0610712648,997-0861,山形県,鶴岡市桜新町１３－３,,なごみクリニック,CODE,G003103,代表,なごみクリニック 鶴岡市 公式サイト
313707924207,仁木耳鼻咽喉科,0415413491,981-1105,宮城県,仙台市太白区西中田５－１７－４７,,仁木耳鼻咽喉科,CODE,G003104,代表,仁木耳鼻咽喉科 仙台市太白区 公式サイト
313544879808,渡部眼科クリニック,0610411803,992-0057,山形県,米沢市成島町３丁目３３３１－１,,渡部眼科クリニック,CODE,G003105,代表,渡部眼科クリニック 米沢市 公式サイト
313707844337,まつだクリニック,0610116097,990-0813,山形県,山形市桧町二丁目１１番１５号,,まつだクリニック,CODE,G003106,代表,まつだクリニック 山形市 公式サイト
313707924206,ささき内科クリニック,0512310632,018-1722,秋田県,南秋田郡五城目町鵜ノ木９０番地１,,ささき内科クリニック,CODE,G003107,代表,ささき内科クリニック 南秋田郡五城目町 公式サイト
313707844336,明石医院,0610113375,990-0047,山形県,山形市旅篭町１－９－２２,,明石医院,CODE,G003108,代表,明石医院 山形市 公式サイト
313656143570,医療法人社団大道寺内科医院,0610113078,990-2483,山形県,山形市上町３－１１－４,,大道寺内科医院,CODE,G003109,代表,医療法人社団大道寺内科医院 山形市 公式サイト
313561077447,伊沢内科胃腸科医院,0610114365,990-2232,山形県,山形市下東山４３１９－１,,伊沢内科胃腸科医院,CODE,G003110,代表,伊沢内科胃腸科医院 山形市 公式サイト
313700664035,奈良医院,0511110371,018-3325,秋田県,北秋田市元町１１番１５－３号,,奈良医院,CODE,G003111,代表,奈良医院 北秋田市 公式サイト
313707808457,小林眼科医院,0511110124,018-3312,秋田県,北秋田市花園町７番１２号,,小林眼科医院,CODE,G003112,代表,小林眼科医院 北秋田市 公式サイト
313707875006,あいざわ胃腸科クリニック,0511010126,018-1504,秋田県,潟上市飯田川飯塚字樋ノ下７５番地１,,あいざわ胃腸科クリニック,CODE,G003113,代表,あいざわ胃腸科クリニック 潟上市 公式サイト
313700816626,後藤内科医院,0510811680,014-0805,秋田県,大仙市高梨字田茂木８７,,後藤内科医院,CODE,G003114,代表,後藤内科医院 大仙市 公式サイト
313700783817,奥山内科医院,0510511249,015-0075,秋田県,由利本荘市花畑町二丁目５７－２,,奥山内科医院,CODE,G003115,代表,奥山内科医院 由利本荘市 公式サイト
313571676860,鈴木胃腸科,0510410707,017-0045,秋田県,大館市中道２丁目１番４６号,,鈴木胃腸科,CODE,G003116,代表,鈴木胃腸科 大館市 公式サイト
313544879807,まつだあかちゃんこどもクリニック,0510511165,015-0843,秋田県,由利本荘市東梵天１７４番地１,,まつだあかちゃんこどもクリニック,CODE,G003117,代表,まつだあかちゃんこどもクリニック 由利本荘市 公式サイト
313700710131,伊藤小児科・内科医院,0510311491,013-0063,秋田県,横手市婦気大堤谷地添５－１,,伊藤小児科内科医院,CODE,G003118,代表,伊藤小児科・内科医院 横手市 公式サイト
313561077446,医療法人秋田医仁会　瀬川医院,0510210776,016-0804,秋田県,能代市万町７番２３号,,秋田医仁会瀬川医院,CODE,G003119,代表,医療法人秋田医仁会 瀬川医院 能代市 公式サイト
313707808456,あきた乳腺クリニック,0510115041,010-0041,秋田県,秋田市広面字蓮沼２３－２,,あきた乳腺クリニック,CODE,G003120,代表,あきた乳腺クリニック 秋田市 公式サイト
313700816625,ルナメンタルクリニック,0510117146,011-0946,秋田県,秋田市土崎港中央一丁目２１番３６号,,ルナメンタルクリニック,CODE,G003121,代表,ルナメンタルクリニック 秋田市 公式サイト
313700783816,山王整形外科医院,0510113186,010-0955,秋田県,秋田市山王中島町１５番１８号,,山王整形外科医院,CODE,G003122,代表,山王整形外科医院 秋田市 公式サイト
313700816624,南中山眼科クリニック,0415512953,981-3213,宮城県,仙台市泉区南中山　２ー１８ー２０,,南中山眼科クリニック,CODE,G003123,代表,南中山眼科クリニック 仙台市泉区 公式サイト
313700816623,仙台脳とこころのクリニック,0415513654,981-3123,宮城県,仙台市泉区古内字新坂の上３０－１,,仙台脳とこころのクリニック,CODE,G003124,代表,仙台脳とこころのクリニック 仙台市泉区 公式サイト
313663162068,八乙女駅前こころのクリニック,0415513787,981-3135,宮城県,仙台市泉区八乙女中央１－５－２７レーベン八乙女駅前　ＴＨＥ　ＰＲＥＭＩＥＲ　Ｃ号,,八乙女駅前こころのクリニック,CODE,G003125,代表,八乙女駅前こころのクリニック 仙台市泉区 公式サイト
313553856204,八乙女駅前内科小児科クリニック,0415513076,981-3135,宮城県,仙台市泉区八乙女中央１－３－２６,,八乙女駅前内科小児科クリニック,CODE,G003126,代表,八乙女駅前内科小児科クリニック 仙台市泉区 公式サイト
313700664034,くまがいクリニック内科・消化器科,0415412600,982-0034,宮城県,仙台市太白区西多賀１丁目１９番１５号,,くまがいクリニック内科消化器科,CODE,G003127,代表,くまがいクリニック内科・消化器科 仙台市太白区 公式サイト
313587874534,千葉クリニック,0415118546,981-0935,宮城県,仙台市青葉区三条町１１番２６号,,千葉クリニック,CODE,G003128,代表,千葉クリニック 仙台市青葉区 公式サイト
313707875005,花だて内科循環器科,0415413921,982-0014,宮城県,仙台市太白区大野田五丁目３８番地の３,,花だて内科循環器科,CODE,G003129,代表,花だて内科循環器科 仙台市太白区 公式サイト
313700745950,あすと長町ひまわりこころのクリニック,0415413772,982-0007,宮城県,仙台市太白区あすと長町一丁目３番１号ＳＨＩＰ仙台ビル２階,,あすと長町ひまわりこころのクリニック,CODE,G003130,代表,あすと長町ひまわりこころのクリニック 仙台市太白区 公式サイト
313707924205,ファミリアクリニック　卸町,0415313089,984-0042,宮城県,仙台市若林区大和町四丁目１９－２２サンデー仙台卸町店２階,,ファミリアクリニック卸町,CODE,G003131,代表,ファミリアクリニック 卸町 仙台市若林区 公式サイト
313707808455,野口胃腸内科医院,0415212745,983-0836,宮城県,仙台市宮城野区幸町１－１７－３２,,野口胃腸内科医院,CODE,G003132,代表,野口胃腸内科医院 仙台市宮城野区 公式サイト
313700710130,加茂耳鼻咽喉科,0415510882,981-3121,宮城県,仙台市泉区上谷刈字赤坂　６ー８７,,加茂耳鼻咽喉科,CODE,G003133,代表,加茂耳鼻咽喉科 仙台市泉区 公式サイト
313700664033,高柳内科医院,0415311679,984-0817,宮城県,仙台市若林区堰場　１,,高柳内科医院,CODE,G003134,代表,高柳内科医院 仙台市若林区 公式サイト
313707844335,よこやま医院,0412810426,981-4251,宮城県,加美郡加美町西町７８番地１,,よこやま医院,CODE,G003135,代表,よこやま医院 加美郡加美町 公式サイト
313700816622,桜ケ丘クリニック,0415115617,981-0961,宮城県,仙台市青葉区桜ケ丘　７－２２－８,,桜ケ丘クリニック,CODE,G003136,代表,桜ケ丘クリニック 仙台市青葉区 公式サイト
313663162067,さぬま中央クリニック,0411210529,987-0511,宮城県,登米市迫町佐沼字江合１丁目８－１,,さぬま中央クリニック,CODE,G003137,代表,さぬま中央クリニック 登米市 公式サイト
313571676859,大山医院,0412810277,981-4254,宮城県,加美郡加美町北町　２ー１８１ー１,,大山医院,CODE,G003138,代表,大山医院 加美郡加美町 公式サイト
313504635591,仙台青葉皮ふ科,0415117696,980-0824,宮城県,仙台市青葉区支倉町４－３４マルキンビル３階３０３号室,,仙台青葉皮ふ科,CODE,G003139,代表,仙台青葉皮ふ科 仙台市青葉区 公式サイト
313707808454,えみこ在宅クリニック,0412710980,981-3632,宮城県,黒川郡大和町吉岡まほろば二丁目２３番地の７,,えみこ在宅クリニック,CODE,G003140,代表,えみこ在宅クリニック 黒川郡大和町 公式サイト
313571676858,医療法人柴崎内科小児科医院,0415113950,980-0871,宮城県,仙台市青葉区八幡　４ー２ー１１,,柴崎内科小児科医院,CODE,G003141,代表,医療法人柴崎内科小児科医院 仙台市青葉区 公式サイト
313707924204,まつもと整形外科リハビリテーションクリニック,0410810436,981-1505,宮城県,角田市角田字町１９２,,まつもと整形外科リハビリテションクリニック,CODE,G003142,代表,まつもと整形外科リハビリテーションクリニック 角田市 公式サイト
313707875004,医療法人社団　名取駅東口クリニック,0410711311,981-1224,宮城県,名取市増田四丁目７番２０号グローリオレジデンス名取駅前２階,,名取駅東口クリニック,CODE,G003143,代表,医療法人社団 名取駅東口クリニック 名取市 公式サイト
313700783815,いしがき・みみはなのどクリニック,0411410152,981-0503,宮城県,東松島市矢本字上河戸　８１－１,,いしがきみみはなのどクリニック,CODE,G003144,代表,いしがき・みみはなのどクリニック 東松島市 公式サイト
313700745949,富谷中央病院,0411610157,981-3328,宮城県,富谷市上桜木２－１－６,,富谷中央病院,CODE,G003145,代表,富谷中央病院 富谷市 公式サイト
313504635590,富谷ファミリーメンタルクリニック,0411610249,981-3328,宮城県,富谷市上桜木２－３－６,,富谷ファミリメンタルクリニック,CODE,G003146,代表,富谷ファミリーメンタルクリニック 富谷市 公式サイト
313656143569,やまと在宅診療所　白石,0410610703,989-0223,宮城県,白石市旭町一丁目９番２７号　カーサ・セロＤ棟,,やまと在宅診療所白石,CODE,G003147,代表,やまと在宅診療所 白石 白石市 公式サイト
313553856203,朝倉医院,0410610323,989-0275,宮城県,白石市本町　８９,,朝倉医院,CODE,G003148,代表,朝倉医院 白石市 公式サイト
313700816621,たかはし内科クリニック,0410610471,989-0255,宮城県,白石市城北町　４－１１,,たかはし内科クリニック,CODE,G003149,代表,たかはし内科クリニック 白石市 公式サイト
313587874533,医療法人移川哲仁会三峰病院,0410510150,988-0141,宮城県,気仙沼市松崎柳沢　２１６ー５,,移川哲仁会三峰病院,CODE,G003150,代表,医療法人移川哲仁会三峰病院 気仙沼市 公式サイト
313561077445,公立刈田綜合病院,0410610687,989-0231,宮城県,白石市福岡蔵本字下原沖３６番地,,公立刈田綜合病院,CODE,G003151,代表,公立刈田綜合病院 白石市 公式サイト
313700816620,町立西和賀さわうち病院,0312410475,029-5612,岩手県,和賀郡西和賀町沢内字大野１３地割３番地１２,,町立西和賀さわうち病院,CODE,G003152,代表,町立西和賀さわうち病院 和賀郡西和賀町 公式サイト
313656143568,岩泉町釜津田診療所,0313010613,028-2233,岩手県,下閉伊郡岩泉町釜津田字沢口３６番地１,,岩泉町釜津田診療所,CODE,G003153,代表,岩泉町釜津田診療所 下閉伊郡岩泉町 公式サイト
313544879806,おぼない内科クリニック,0312211147,028-3615,岩手県,紫波郡矢巾町大字南矢幅第８地割２３５番地,,おぼない内科クリニック,CODE,G003154,代表,おぼない内科クリニック 紫波郡矢巾町 公式サイト
313553856202,内科・循環器科ちばクリニック,0415412469,982-0021,宮城県,仙台市太白区緑ケ丘一丁目３－１９,,内科循環器科ちばクリニック,CODE,G003155,代表,内科・循環器科ちばクリニック 仙台市太白区 公式サイト
313700664032,奥州市国民健康保険直営診療所,0311510671,023-1551,岩手県,奥州市江刺米里字八幡７２番地１,,奥州市国民健康保険直営診療所,CODE,G003156,代表,奥州市国民健康保険直営診療所 奥州市 公式サイト
313700816619,鈴木研一内科クリニック,0415412253,982-0011,宮城県,仙台市太白区長町　３－３－６ロイヤルシャトー長町,,鈴木研一内科クリニック,CODE,G003157,代表,鈴木研一内科クリニック 仙台市太白区 公式サイト
313656143567,さくらい循環器・内科クリニック,0415312586,984-0816,宮城県,仙台市若林区河原町１－１－５　リライアンス河原町２Ｆ,,さくらい循環器内科クリニック,CODE,G003158,代表,さくらい循環器・内科クリニック 仙台市若林区 公式サイト
313707844334,一般社団法人　玄ーＧＥＮ　仙台駅前　内科・糖尿病クリニック,0415213511,983-0852,宮城県,仙台市宮城野区榴岡一丁目２番３７号－２Ｆ,,玄gen仙台駅前内科糖尿病クリニック,CODE,G003159,代表,一般社団法人 玄ーGEN 仙台駅前 内科・糖尿病クリニック 仙台市宮城野区 公式サイト
313707808453,熊坂皮フ科クリニック,0415211804,983-0824,宮城県,仙台市宮城野区鶴ケ谷　５－１５－２,,熊坂皮フ科クリニック,CODE,G003160,代表,熊坂皮フ科クリニック 仙台市宮城野区 公式サイト
313700664031,かわいクリニック,0310611918,024-0013,岩手県,北上市藤沢１８地割１２番１,,かわいクリニック,CODE,G003161,代表,かわいクリニック 北上市 公式サイト
313663162066,さいとうさやかクリニック,0310611660,024-0001,岩手県,北上市飯豊２０地割１２３番地１,,さいとうさやかクリニック,CODE,G003162,代表,さいとうさやかクリニック 北上市 公式サイト
313561077444,内科板倉医院,0311510598,023-0833,岩手県,奥州市水沢上姉体六丁目１番８号,,内科板倉医院,CODE,G003163,代表,内科板倉医院 奥州市 公式サイト
313587874532,上杉くつざわハートクリニック,0415119536,980-0011,宮城県,仙台市青葉区上杉６丁目２番３８号リッチモンドスクエア上杉２Ｆ,,上杉くつざわハトクリニック,CODE,G003164,代表,上杉くつざわハートクリニック 仙台市青葉区 公式サイト
313700783814,医療法人社団交鐘会　あおぞら在宅診療所仙台中央,0415118702,981-0914,宮城県,仙台市青葉区堤通雨宮町８番１号ウィング９９－２０２号室,,交鐘会あおぞら在宅診療所仙台中央,CODE,G003165,代表,医療法人社団交鐘会 あおぞら在宅診療所仙台中央 仙台市青葉区 公式サイト
313700816618,クリニック・ネオ,0415119866,980-0811,宮城県,仙台市青葉区一番町４－１０－１９ａｓｓｅｓｓ仙台一番町ビル３０１,,クリニックネオ,CODE,G003166,代表,クリニック・ネオ 仙台市青葉区 公式サイト
313561077443,鈴木耳鼻咽喉科アレルギー科医院,0415118678,980-0022,宮城県,仙台市青葉区五橋二丁目１番１７号Ｃｕｂｅ　Ａｚｕｒｅ　３０１,,鈴木耳鼻咽喉科アレルギ科医院,CODE,G003167,代表,鈴木耳鼻咽喉科アレルギー科医院 仙台市青葉区 公式サイト
313504635589,仙台中江病院,0415114396,980-0001,宮城県,仙台市青葉区中江　１－１０－１８,,仙台中江病院,CODE,G003168,代表,仙台中江病院 仙台市青葉区 公式サイト
313561077442,かわむらこどもクリニック,0415114164,981-0907,宮城県,仙台市青葉区高松　１－１６－１,,かわむらこどもクリニック,CODE,G003169,代表,かわむらこどもクリニック 仙台市青葉区 公式サイト
313707875003,北仙台はせがわクリニック,0415118280,981-0913,宮城県,仙台市青葉区昭和町４番３号北仙台ひまわりビル２階,,北仙台はせがわクリニック,CODE,G003170,代表,北仙台はせがわクリニック 仙台市青葉区 公式サイト
313656143566,仙台のだ眼科クリニック,0415116706,981-0933,宮城県,仙台市青葉区柏木１－１－５５,,仙台のだ眼科クリニック,CODE,G003171,代表,仙台のだ眼科クリニック 仙台市青葉区 公式サイト
313656143565,松島医療生活協同組合松島海岸診療所,0412610180,981-0213,宮城県,宮城郡松島町松島字普賢堂　２－１１,,松島医療生活協同組合松島海岸診療所,CODE,G003172,代表,松島医療生活協同組合松島海岸診療所 宮城郡松島町 公式サイト
313700816617,大沼胃腸科内科外科医院,0412210726,989-1753,宮城県,柴田郡柴田町槻木上町　３－１－１０,,大沼胃腸科内科外科医院,CODE,G003173,代表,大沼胃腸科内科外科医院 柴田郡柴田町 公式サイト
313553856201,恒心会佐藤医院,0412110157,989-0701,宮城県,刈田郡蔵王町宮字町　３６,,恒心会佐藤医院,CODE,G003174,代表,恒心会佐藤医院 刈田郡蔵王町 公式サイト
313700664030,阿部内科医院,0410810279,981-1505,宮城県,角田市角田字牛舘　８９ー３,,阿部内科医院,CODE,G003175,代表,阿部内科医院 角田市 公式サイト
313707844333,尾花内科クリニック,0411511363,989-6142,宮城県,大崎市古川中島町２番３９号,,尾花内科クリニック,CODE,G003176,代表,尾花内科クリニック 大崎市 公式サイト
313504635588,中島医院,0310611082,024-0024,岩手県,北上市中野町三丁目２番８号,,中島医院,CODE,G003177,代表,中島医院 北上市 公式サイト
313700783813,くろさわ整形外科,0411310501,987-2308,宮城県,栗原市一迫真坂字清水山王前４－１,,くろさわ整形外科,CODE,G003178,代表,くろさわ整形外科 栗原市 公式サイト
313656143564,医療法人本多友愛会仙南病院,0410810055,981-1505,宮城県,角田市角田字牛舘　１６,,本多友愛会仙南病院,CODE,G003179,代表,医療法人本多友愛会仙南病院 角田市 公式サイト
313700816616,宮城県リハビリテーション支援センター附属診療所,0410711105,981-1217,宮城県,名取市美田園二丁目１番地の４,,宮城県リハビリテション支援センタ附属診療所,CODE,G003180,代表,宮城県リハビリテーション支援センター附属診療所 名取市 公式サイト
313700710129,野田眼科クリニック,0410710834,981-1224,宮城県,名取市増田７－３－９,,野田眼科クリニック,CODE,G003181,代表,野田眼科クリニック 名取市 公式サイト
313707924203,渡辺眼科医院,0410310973,985-0021,宮城県,塩竈市尾島町　６ー３,,渡辺眼科医院,CODE,G003182,代表,渡辺眼科医院 塩竈市 公式サイト
313707808452,齋藤産婦人科医院,0410213029,986-0822,宮城県,石巻市中央三丁目５番２６号,,齋藤産婦人科医院,CODE,G003183,代表,齋藤産婦人科医院 石巻市 公式サイト
313587874531,塚本内科消化器科,0410610539,989-0245,宮城県,白石市城南１－２－２９,,塚本内科消化器科,CODE,G003184,代表,塚本内科消化器科 白石市 公式サイト
313700816615,宮城県立精神医療センター,0410711022,981-1231,宮城県,名取市手倉田字山無番地,,宮城県立精神医療センタ,CODE,G003185,代表,宮城県立精神医療センター 名取市 公式サイト
313504635587,ちば眼科クリニック,0310511779,025-0062,岩手県,花巻市上小舟渡１３４番地１,,ちば眼科クリニック,CODE,G003186,代表,ちば眼科クリニック 花巻市 公式サイト
313707844332,野崎内科・神経内科医院,0312211089,028-3303,岩手県,紫波郡紫波町高水寺字大坊１８３番地１,,野崎内科神経内科医院,CODE,G003187,代表,野崎内科・神経内科医院 紫波郡紫波町 公式サイト
313663162065,東海林内科胃腸科,0410211551,986-0853,宮城県,石巻市門脇字二番谷地　１３－５６２,,東海林内科胃腸科,CODE,G003188,代表,東海林内科胃腸科 石巻市 公式サイト
313700783812,北上整形外科クリニック,0310610662,024-0034,岩手県,北上市諏訪町二丁目６番４１号,,北上整形外科クリニック,CODE,G003189,代表,北上整形外科クリニック 北上市 公式サイト
313561077441,ゆうきクリニック,0310510920,025-0065,岩手県,花巻市星が丘二丁目２６番１号,,ゆうきクリニック,CODE,G003190,代表,ゆうきクリニック 花巻市 公式サイト
313553856200,向中野あらかわ皮フ科,0310118401,020-0851,岩手県,盛岡市向中野五丁目２９番１号,,向中野あらかわ皮フ科,CODE,G003191,代表,向中野あらかわ皮フ科 盛岡市 公式サイト
313553856199,石巻市橋浦診療所,0410212294,986-0202,宮城県,石巻市北上町橋浦字大須　２１５,,石巻市橋浦診療所,CODE,G003192,代表,石巻市橋浦診療所 石巻市 公式サイト
313544879805,巣子こどもクリニック,0311610257,020-0627,岩手県,滝沢市狼久保６８８番地１,,巣子こどもクリニック,CODE,G003193,代表,巣子こどもクリニック 滝沢市 公式サイト
313656143563,つがる西北五広域連合鶴田診療所,0212411078,038-3503,青森県,北津軽郡鶴田町大字鶴田字鷹ノ尾３４番地,,つがる西北五広域連合鶴田診療所,CODE,G003194,代表,つがる西北五広域連合鶴田診療所 北津軽郡鶴田町 公式サイト
313571675897,岩泉町小川診療所,0313010738,028-5641,岩手県,下閉伊郡岩泉町門字町６６番地１,,岩泉町小川診療所,CODE,G003195,代表,岩泉町小川診療所 下閉伊郡岩泉町 公式サイト
313707924202,中島内科クリニック,0310115340,020-0121,岩手県,盛岡市月が丘二丁目８番３０号,,中島内科クリニック,CODE,G003196,代表,中島内科クリニック 盛岡市 公式サイト
313707874041,みんなのクリニック,0310117700,020-0122,岩手県,盛岡市みたけ二丁目２１番４２号,,みんなのクリニック,CODE,G003197,代表,みんなのクリニック 盛岡市 公式サイト
313707874040,青森市急病センター,0210118709,030-8555,青森県,青森市中央一丁目２２番５号,,青森市急病センタ,CODE,G003198,代表,青森市急病センター 青森市 公式サイト
313700710128,希望ヶ丘病院,0311010375,029-2205,岩手県,陸前高田市高田町字大隅８番地６,,希望ヶ丘病院,CODE,G003199,代表,希望ヶ丘病院 陸前高田市 公式サイト
313663162064,八戸赤十字病院,0210312542,039-1104,青森県,八戸市大字田面木字中明戸２番地,,八戸赤十字病院,CODE,G003200,代表,八戸赤十字病院 八戸市 公式サイト
313571675896,阿部クリニック,0210611018,034-0031,青森県,十和田市東三番町９－６６,,阿部クリニック,CODE,G003201,代表,阿部クリニック 十和田市 公式サイト
313553856198,山浦医院,0310310610,022-0003,岩手県,大船渡市盛町字内ノ目２番地４,,山浦医院,CODE,G003202,代表,山浦医院 大船渡市 公式サイト
313553856197,釜石しょうけいクリニック,0311110860,026-0055,岩手県,釜石市甲子町第１０地割２６８番地１,,釜石しょうけいクリニック,CODE,G003203,代表,釜石しょうけいクリニック 釜石市 公式サイト
313544879804,ちば小児科アレルギー科クリニック,0210810610,035-0066,青森県,むつ市緑ヶ丘６－１６,,ちば小児科アレルギ科クリニック,CODE,G003204,代表,ちば小児科アレルギー科クリニック むつ市 公式サイト
313707875002,医療法人　天音会　おいかわ内科クリニック,0310117312,020-0066,岩手県,盛岡市上田一丁目１８番４６号,,天音会おいかわ内科クリニック,CODE,G003205,代表,医療法人 天音会 おいかわ内科クリニック 盛岡市 公式サイト
313707808451,はら眼科,0210511465,037-0036,青森県,五所川原市中央１丁目４０番地２,,はら眼科,CODE,G003206,代表,はら眼科 五所川原市 公式サイト
313707808450,くどう整形外科クリニック,0210316469,031-0073,青森県,八戸市売市４丁目７番地１４号,,くどう整形外科クリニック,CODE,G003207,代表,くどう整形外科クリニック 八戸市 公式サイト
313700745948,福井ひ尿器科クリニック,0210115788,038-0011,青森県,青森市篠田一丁目１０－１９,,福井ひ尿器科クリニック,CODE,G003208,代表,福井ひ尿器科クリニック 青森市 公式サイト
313561077440,やぎはし腎泌尿器科医院,0210213914,036-8342,青森県,弘前市大字笹森町３９－１,,やぎはし腎泌尿器科医院,CODE,G003209,代表,やぎはし腎泌尿器科医院 弘前市 公式サイト
313561077439,及川内科胃腸科クリニック,0310911532,021-0836,岩手県,一関市鳴神７４番地,,及川内科胃腸科クリニック,CODE,G003210,代表,及川内科胃腸科クリニック 一関市 公式サイト
313707844331,吉野川医療センター,3611710025,776-8511,徳島県,吉野川市鴨島町知恵島字西知恵島１２０,,吉野川医療センタ,CODE,G003211,代表,吉野川医療センター 吉野川市 公式サイト
313700664029,谷藤内科医院,0310911896,029-0803,岩手県,一関市千厩町千厩字町２０番地,,谷藤内科医院,CODE,G003212,代表,谷藤内科医院 一関市 公式サイト
313544879803,村上内科胃腸科医院,0210117669,030-0903,青森県,青森市栄町二丁目２－１,,村上内科胃腸科医院,CODE,G003213,代表,村上内科胃腸科医院 青森市 公式サイト
313707808449,北上駅前病院,0310611876,024-0061,岩手県,北上市大通り一丁目１番２２号,,北上駅前病院,CODE,G003214,代表,北上駅前病院 北上市 公式サイト
313656143562,多田内科クリニック,3611211032,779-3212,徳島県,名西郡石井町藍畑字東覚円５１０番地,,多田内科クリニック,CODE,G003215,代表,多田内科クリニック 名西郡石井町 公式サイト
313587874530,盛岡赤十字病院,0310114137,020-8560,岩手県,盛岡市三本柳６地割１番地１,,盛岡赤十字病院,CODE,G003216,代表,盛岡赤十字病院 盛岡市 公式サイト
313587874529,奥州市国民健康保険衣川診療所,0311510887,029-4332,岩手県,奥州市衣川古戸４８番地３,,奥州市国民健康保険衣川診療所,CODE,G003217,代表,奥州市国民健康保険衣川診療所 奥州市 公式サイト
313700710127,サンクリニック,3610510665,771-2106,徳島県,美馬市美馬町字南荒川７１番地,,サンクリニック,CODE,G003218,代表,サンクリニック 美馬市 公式サイト
313700710126,藤田眼科医院,0310611439,024-0071,岩手県,北上市上江釣子１７地割２０４番地,,藤田眼科医院,CODE,G003219,代表,藤田眼科医院 北上市 公式サイト
313700664028,浦田病院,3611510037,771-0220,徳島県,板野郡松茂町広島字南ハリ１３番地,,浦田病院,CODE,G003220,代表,浦田病院 板野郡松茂町 公式サイト
313663162063,谷藤眼科医院,0310115480,020-0127,岩手県,盛岡市前九年二丁目２番３８号,,谷藤眼科医院,CODE,G003221,代表,谷藤眼科医院 盛岡市 公式サイト
313571675895,奥村医院,3611511589,771-1212,徳島県,板野郡藍住町徳命前須西１６６－１,,奥村医院,CODE,G003222,代表,奥村医院 板野郡藍住町 公式サイト
313571675894,こおり耳鼻科クリニック,0212511786,039-2187,青森県,上北郡おいらせ町緑ヶ丘１－５０－２０８０,,こおり耳鼻科クリニック,CODE,G003223,代表,こおり耳鼻科クリニック 上北郡おいらせ町 公式サイト
313544879802,ホウエツ病院,3610510061,779-3602,徳島県,美馬市脇町大字猪尻字八幡神社下南１３０－３番地,,ホウエツ病院,CODE,G003224,代表,ホウエツ病院 美馬市 公式サイト
313544878841,医療法人社団　良風会　ちびき病院,0212511752,039-2682,青森県,上北郡東北町字石坂３２－４,,良風会ちびき病院,CODE,G003225,代表,医療法人社団 良風会 ちびき病院 上北郡東北町 公式サイト
313700816613,なかがわ耳鼻咽喉科クリニック,3610213294,772-0011,徳島県,鳴門市撫養町大桑島字北ノ浜６３番地,,なかがわ耳鼻咽喉科クリニック,CODE,G003226,代表,なかがわ耳鼻咽喉科クリニック 鳴門市 公式サイト
313700745947,たきファミリークリニック,3610211595,772-0001,徳島県,鳴門市撫養町黒崎字松島４５－６３,,たきファミリクリニック,CODE,G003227,代表,たきファミリークリニック 鳴門市 公式サイト
313707924201,ちば心療内科クリニック,0310511159,025-0039,岩手県,花巻市諏訪町二丁目１番１６,,ちば心療内科クリニック,CODE,G003228,代表,ちば心療内科クリニック 花巻市 公式サイト
313707808448,福本ヒフ科,3610127346,770-0939,徳島県,徳島市かちどき橋２丁目６０,,福本ヒフ科,CODE,G003229,代表,福本ヒフ科 徳島市 公式サイト
313700816614,大櫛内科循環器科,3610124723,770-0832,徳島県,徳島市寺島本町東３丁目１０番地,,大櫛内科循環器科,CODE,G003230,代表,大櫛内科循環器科 徳島市 公式サイト
313656143561,田中産婦人科,3610115077,770-0921,徳島県,徳島市栄町４丁目１８,,田中産婦人科,CODE,G003231,代表,田中産婦人科 徳島市 公式サイト
313504635586,伊月健診クリニック,3610124707,770-0911,徳島県,徳島市東船場町１丁目８番地,,伊月健診クリニック,CODE,G003232,代表,伊月健診クリニック 徳島市 公式サイト
313707924200,盛岡つなぎ温泉病院,0310112875,020-0055,岩手県,盛岡市繋字尾入野６４番地９,,盛岡つなぎ温泉病院,CODE,G003233,代表,盛岡つなぎ温泉病院 盛岡市 公式サイト
313504635585,はちのへハートセンタークリニック,0210316642,031-0011,青森県,八戸市田向二丁目１番２号,,はちのへハトセンタクリニック,CODE,G003234,代表,はちのへハートセンタークリニック 八戸市 公式サイト
313544878840,高知市休日夜間急患センター・平日夜間小児急患センター,3910118730,780-0850,高知県,高知市丸ノ内１丁目７番４５号,,高知市休日夜間急患センタ平日夜間小児急患センタ,CODE,G003235,代表,高知市休日夜間急患センター・平日夜間小児急患センター 高知市 公式サイト
313553856196,船越内科医院,0210316626,031-0822,青森県,八戸市大字白銀町字大沢頭１９－１,,船越内科医院,CODE,G003236,代表,船越内科医院 八戸市 公式サイト
313700783811,宮田内科,3912010869,781-6402,高知県,安芸郡奈半利町乙２６５７－１,,宮田内科,CODE,G003237,代表,宮田内科 安芸郡奈半利町 公式サイト
313700745946,生協みき診療所,3711310528,761-0612,香川県,木田郡三木町氷上１１２番地１,,生協みき診療所,CODE,G003238,代表,生協みき診療所 木田郡三木町 公式サイト
313656143560,はしもと小児科,0210315917,031-0816,青森県,八戸市新井田西３丁目１６－１５,,はしもと小児科,CODE,G003239,代表,はしもと小児科 八戸市 公式サイト
313504635584,やまもと病院,3910210495,781-6742,高知県,室戸市羽根町乙１３９２番地,,やまもと病院,CODE,G003240,代表,やまもと病院 室戸市 公式サイト
313707924199,さぬき市国民健康保険津田診療所,3717011625,769-2401,香川県,さぬき市津田町津田１６７３番地１,,さぬき市国民健康保険津田診療所,CODE,G003241,代表,さぬき市国民健康保険津田診療所 さぬき市 公式サイト
313707808447,本田整形外科クリニック,0210315263,031-0802,青森県,八戸市小中野二丁目９－４,,本田整形外科クリニック,CODE,G003242,代表,本田整形外科クリニック 八戸市 公式サイト
313700710125,医療法人社団海星　みなと診療所,3711210678,761-4131,香川県,小豆郡土庄町伊喜末８１番地３２,,海星みなと診療所,CODE,G003243,代表,医療法人社団海星 みなと診療所 小豆郡土庄町 公式サイト
313587874528,大﨑眼科,3910118342,780-8061,高知県,高知市朝倉甲６０－１,,大﨑眼科,CODE,G003244,代表,大﨑眼科 高知市 公式サイト
313587874527,医療法人一条会　渡川病院,3910710247,787-0019,高知県,四万十市具同２２７８－１,,一条会渡川病院,CODE,G003245,代表,医療法人一条会 渡川病院 四万十市 公式サイト
313707808446,医療法人　武生会　川村整形外科,3910115975,780-8072,高知県,高知市曙町１丁目１９－１,,武生会川村整形外科,CODE,G003246,代表,医療法人 武生会 川村整形外科 高知市 公式サイト
313656143559,こうせいこどもクリニック,,781-8121,高知県,高知市葛島２丁目６番３０号,,こうせいこどもクリニック,ZIP+NAME,G003247,代表,こうせいこどもクリニック 高知市 公式サイト
313561077438,ひろさき糖尿病・内科クリニック,0210215778,036-8092,青森県,青森県弘前市大字城東北４丁目４の２０,,ひろさき糖尿病内科クリニック,CODE,G003248,代表,ひろさき糖尿病・内科クリニック 青森県弘前市 公式サイト
313707924198,特定医療法人社団宝樹会　小豆島病院,3711210512,761-4301,香川県,小豆郡小豆島町池田２５１９番地４,,特定宝樹会小豆島病院,CODE,G003249,代表,特定医療法人社団宝樹会 小豆島病院 小豆郡小豆島町 公式サイト
313587874526,サンタハウスクリニック,0210215448,036-8311,青森県,弘前市大字大川字中桜川１９番地１,,サンタハウスクリニック,CODE,G003250,代表,サンタハウスクリニック 弘前市 公式サイト
313571675893,石井医院,3710810189,767-0004,香川県,三豊市高瀬町比地１３１５番地１,,石井医院,CODE,G003251,代表,石井医院 三豊市 公式サイト
313707844330,高井医院,3710810098,768-0103,香川県,三豊市山本町財田西３７７番地４,,高井医院,CODE,G003252,代表,高井医院 三豊市 公式サイト
313700816612,森川整形外科病院,3710810148,767-0011,香川県,三豊市高瀬町下勝間１６２３番地１,,森川整形外科病院,CODE,G003253,代表,森川整形外科病院 三豊市 公式サイト
313707844329,西弘前クリニック,0210213468,036-8155,青森県,弘前市大字中野一丁目９－８,,西弘前クリニック,CODE,G003254,代表,西弘前クリニック 弘前市 公式サイト
313700783810,一般財団法人愛成会　弘前愛成会病院,0210210027,036-8151,青森県,弘前市大字北園一丁目６－２,,愛成会弘前愛成会病院,CODE,G003255,代表,一般財団法人愛成会 弘前愛成会病院 弘前市 公式サイト
313707844328,もり眼科・クリニック,0210118840,030-0821,青森県,青森市勝田１丁目２番１２号,,もり眼科クリニック,CODE,G003256,代表,もり眼科・クリニック 青森市 公式サイト
313504635583,あいだクリニック,0210118725,030-0902,青森県,青森市合浦一丁目２番２１号,,あいだクリニック,CODE,G003257,代表,あいだクリニック 青森市 公式サイト
313663162062,高橋眼科,0210118436,030-0812,青森県,青森市堤町２丁目１番２６号,,高橋眼科,CODE,G003258,代表,高橋眼科 青森市 公式サイト
313656143554,森総合クリニック松原,0210118402,030-0841,青森県,青森市奥野２丁目２０番地２号,,森総合クリニック松原,CODE,G003259,代表,森総合クリニック松原 青森市 公式サイト
313561077437,すとう小児科クリニック,0210117396,038-0006,青森県,青森市三好一丁目８－２,,すとう小児科クリニック,CODE,G003260,代表,すとう小児科クリニック 青森市 公式サイト
313553856195,村上病院,0210118311,030-0843,青森県,青森市浜田３－３－１４,,村上病院,CODE,G003261,代表,村上病院 青森市 公式サイト
313504635582,岸整形外科,3611713086,779-3307,徳島県,吉野川市川島町三ツ島字一里松１２６番地,,岸整形外科,CODE,G003262,代表,岸整形外科 吉野川市 公式サイト
313700745945,グリーン耳鼻咽喉科,3611711577,776-0010,徳島県,吉野川市鴨島町鴨島字天島５９７ー１,,グリン耳鼻咽喉科,CODE,G003263,代表,グリーン耳鼻咽喉科 吉野川市 公式サイト
313707924197,御所診療所,3611612189,771-1507,徳島県,阿波市土成町吉田字原田市の四３１番,,御所診療所,CODE,G003264,代表,御所診療所 阿波市 公式サイト
313571675892,小松泌尿器科,3611513502,771-1220,徳島県,板野郡藍住町東中富字朏傍示１５番地１,,小松泌尿器科,CODE,G003265,代表,小松泌尿器科 板野郡藍住町 公式サイト
313700783809,こやま小児科内科クリニック,3611513270,771-1251,徳島県,板野郡藍住町矢上字原１９３番地１,,こやま小児科内科クリニック,CODE,G003266,代表,こやま小児科内科クリニック 板野郡藍住町 公式サイト
313700710124,益崎胃腸科内科医院,3610413167,779-1242,徳島県,阿南市那賀川町赤池１７８番地２,,益崎胃腸科内科医院,CODE,G003267,代表,益崎胃腸科内科医院 阿南市 公式サイト
313700783808,秋田病院,3610610036,778-0020,徳島県,三好市池田町州津堂面２１５番地,,秋田病院,CODE,G003268,代表,秋田病院 三好市 公式サイト
313544878839,浜田皮ふ泌尿器科,3610213153,772-0002,徳島県,鳴門市撫養町斎田字北浜１４８番地,,浜田皮ふ泌尿器科,CODE,G003269,代表,浜田皮ふ泌尿器科 鳴門市 公式サイト
313587874525,あきのかみクリニック,3610213302,771-0360,徳島県,鳴門市瀬戸町明神鳴谷１２１,,あきのかみクリニック,CODE,G003270,代表,あきのかみクリニック 鳴門市 公式サイト
313656143556,沖浜皮フ科クリニック,3610126934,770-8052,徳島県,徳島市沖浜３丁目６５番地,,沖浜皮フ科クリニック,CODE,G003271,代表,沖浜皮フ科クリニック 徳島市 公式サイト
313587874524,こかわ医院,3610127403,770-0831,徳島県,徳島市寺島本町西１丁目１５番地,,こかわ医院,CODE,G003272,代表,こかわ医院 徳島市 公式サイト
313700816611,橋口内科クリニック,3610126488,770-0937,徳島県,徳島市富田橋１丁目３０番地,,橋口内科クリニック,CODE,G003273,代表,橋口内科クリニック 徳島市 公式サイト
313700745944,津田内科,3610117636,770-0835,徳島県,徳島市藍場町１丁目３２番地,,津田内科,CODE,G003274,代表,津田内科 徳島市 公式サイト
313553856194,新田整形外科,3610125027,770-8081,徳島県,徳島市八万町弐丈１０６番地５４,,新田整形外科,CODE,G003275,代表,新田整形外科 徳島市 公式サイト
313707924196,石本皮フ科,3610114658,770-0815,徳島県,徳島市助任橋１丁目１９,,石本皮フ科,CODE,G003276,代表,石本皮フ科 徳島市 公式サイト
313700816610,医療法人　芳公会　香長中央病院,3911110017,782-0032,高知県,香美市土佐山田町西本町５丁目５－３４,,芳公会香長中央病院,CODE,G003277,代表,医療法人 芳公会 香長中央病院 香美市 公式サイト
313544878838,宮内医院,3912410812,781-2105,高知県,吾川郡いの町新町２９－２,,宮内医院,CODE,G003278,代表,宮内医院 吾川郡いの町 公式サイト
313707874039,四万十町国民健康保険十和診療所,3912511809,786-0511,高知県,高岡郡四万十町昭和４６８番地,,四万十町国民健康保険十和診療所,CODE,G003279,代表,四万十町国民健康保険十和診療所 高岡郡四万十町 公式サイト
313700745943,高橋医院,3912210691,789-0170,高知県,長岡郡大豊町大滝４９８,,高橋医院,CODE,G003280,代表,高橋医院 長岡郡大豊町 公式サイト
313561077436,高知大学医学部附属病院,3918010525,783-8505,高知県,南国市岡豊町小蓮１８５番地１,,高知大学医学部附属病院,CODE,G003281,代表,高知大学医学部附属病院 南国市 公式サイト
313553856193,医療法人　須崎会　高陵病院,3910610223,785-0014,高知県,須崎市横町１番２８号,,須崎会高陵病院,CODE,G003282,代表,医療法人 須崎会 高陵病院 須崎市 公式サイト
313707874038,しばた整形外科,3910411028,783-0004,高知県,南国市大埇甲２２５７番地４,,しばた整形外科,CODE,G003283,代表,しばた整形外科 南国市 公式サイト
313707844327,野市整形外科医院,3911010324,781-5232,高知県,香南市野市町西野２２３５,,野市整形外科医院,CODE,G003284,代表,野市整形外科医院 香南市 公式サイト
313700710123,たむら内科クリニック,3910117963,780-8072,高知県,高知市曙町１丁目１－２０,,たむら内科クリニック,CODE,G003285,代表,たむら内科クリニック 高知市 公式サイト
313587874523,医療法人若草会　高田内科,3910410715,783-0005,高知県,南国市大埇乙１２５３－８,,若草会高田内科,CODE,G003286,代表,医療法人若草会 高田内科 南国市 公式サイト
313553856192,宮川漢方クリニック,3910118680,780-0833,高知県,高知市南はりまや町２丁目１２番２１号,,宮川漢方クリニック,CODE,G003287,代表,宮川漢方クリニック 高知市 公式サイト
313700664027,高知県立あき総合病院,3910310014,784-0027,高知県,安芸市宝永町３番３３号,,高知県立あき総合病院,CODE,G003288,代表,高知県立あき総合病院 安芸市 公式サイト
313587874522,井坂皮フ科,3910410509,783-0004,高知県,南国市大埇甲１５６５,,井坂皮フ科,CODE,G003289,代表,井坂皮フ科 南国市 公式サイト
313561077435,綾川町国民健康保険綾上診療所,3717011575,761-2204,香川県,綾歌郡綾川町山田下３３５２番地１,,綾川町国民健康保険綾上診療所,CODE,G003290,代表,綾川町国民健康保険綾上診療所 綾歌郡綾川町 公式サイト
313700816609,加藤医院,3710121645,760-0018,香川県,高松市天神前１ー２２,,加藤医院,CODE,G003291,代表,加藤医院 高松市 公式サイト
313700783807,医療法人社団　藤田耳鼻咽喉科医院,3710211511,763-0048,香川県,丸亀市幸町二丁目１１番３３号,,藤田耳鼻咽喉科医院,CODE,G003292,代表,医療法人社団 藤田耳鼻咽喉科医院 丸亀市 公式サイト
313587874521,医療法人社団　讃昌会　みさき眼科クリニック,3710212089,762-0083,香川県,丸亀市飯山町下法軍寺５９２番地１,,讃昌会みさき眼科クリニック,CODE,G003293,代表,医療法人社団 讃昌会 みさき眼科クリニック 丸亀市 公式サイト
313561077434,べっく医院,3810710545,795-0021,愛媛県,大洲市平野町野田３２２０番地１,,べっく医院,CODE,G003294,代表,べっく医院 大洲市 公式サイト
313504635581,丸亀町眼科医院,3710120282,760-0029,香川県,高松市丸亀町５番地９　阿波屋ビル　２階,,丸亀町眼科医院,CODE,G003295,代表,丸亀町眼科医院 高松市 公式サイト
313707924195,宇都宮内科クリニック,3811410368,797-0015,愛媛県,西予市宇和町卯之町三丁目３０９番地,,宇都宮内科クリニック,CODE,G003296,代表,宇都宮内科クリニック 西予市 公式サイト
313707808444,松山医院,3711511281,769-0210,香川県,綾歌郡宇多津町２０３４番地１,,松山医院,CODE,G003297,代表,松山医院 綾歌郡宇多津町 公式サイト
313700710122,医療法人社団逍遥会　おざきこどもクリニック,3710511324,768-0040,香川県,観音寺市柞田町甲８８０番地２,,逍遥会おざきこどもクリニック,CODE,G003298,代表,医療法人社団逍遥会 おざきこどもクリニック 観音寺市 公式サイト
313700664025,医療法人　円卓会　玉木内科小児科クリニック,3910116650,780-8027,高知県,高知市高見町１８９－１,,円卓会玉木内科小児科クリニック,CODE,G003299,代表,医療法人 円卓会 玉木内科小児科クリニック 高知市 公式サイト
313663162060,医療法人社団共生会ふかだクリニック,3711611347,766-0021,香川県,仲多度郡まんのう町四條１７９番地,,共生会ふかだクリニック,CODE,G003300,代表,医療法人社団共生会ふかだクリニック 仲多度郡まんのう町 公式サイト
313656143555,医療法人社団林泉会　林医院,3711611354,766-0026,香川県,仲多度郡まんのう町岸上１６３８番地３０,,林泉会林医院,CODE,G003301,代表,医療法人社団林泉会 林医院 仲多度郡まんのう町 公式サイト
313571675891,もりもと整形外科・内科,3910117146,780-8073,高知県,高知市朝倉本町２丁目１２－６,,もりもと整形外科内科,CODE,G003302,代表,もりもと整形外科・内科 高知市 公式サイト
313544878837,医療法人よつばウィメンズクリニック,3710120761,761-8044,香川県,高松市円座町３７５番地１,,よつばウィメンズクリニック,CODE,G003303,代表,医療法人よつばウィメンズクリニック 高松市 公式サイト
313707844326,医療法人社団琴佳会　中央クリニック,3710511597,768-0060,香川県,観音寺市観音寺町甲３１３０番地１,,琴佳会中央クリニック,CODE,G003304,代表,医療法人社団琴佳会 中央クリニック 観音寺市 公式サイト
313707808445,訪問診療クリニック　そら,3811510118,791-0213,愛媛県,東温市牛渕３３１番地１,,訪問診療クリニックそら,CODE,G003305,代表,訪問診療クリニック そら 東温市 公式サイト
313707808443,北島眼科,3710119581,760-0024,香川県,高松市兵庫町８番２アルファステイツ兵庫町１０２,,北島眼科,CODE,G003306,代表,北島眼科 高松市 公式サイト
313700816608,医療法人社団　イズミ医院,3710117445,761-0450,香川県,高松市三谷町９０番地１,,イズミ医院,CODE,G003307,代表,医療法人社団 イズミ医院 高松市 公式サイト
313700816606,医療法人　瑞洋会　田中整形外科病院,3910114366,780-0901,高知県,高知市上町３丁目２－６,,瑞洋会田中整形外科病院,CODE,G003308,代表,医療法人 瑞洋会 田中整形外科病院 高知市 公式サイト
313700664026,医療法人社団　美春月会　もりもとこどもクリニック,3710211743,763-0082,香川県,丸亀市土器町東四丁目７１３番地５,,美春月会もりもとこどもクリニック,CODE,G003309,代表,医療法人社団 美春月会 もりもとこどもクリニック 丸亀市 公式サイト
313663162061,医療法人　仁寿会　笹田循環器科内科医院,3813728254,796-0907,愛媛県,西予市三瓶町朝立１番耕地３１０番地４１,,仁寿会笹田循環器科内科医院,CODE,G003310,代表,医療法人 仁寿会 笹田循環器科内科医院 西予市 公式サイト
313656143558,医療法人社団　三﨑耳鼻科クリニック,3710212022,762-0082,香川県,丸亀市飯山町川原１８４７番地４,,三﨑耳鼻科クリニック,CODE,G003311,代表,医療法人社団 三﨑耳鼻科クリニック 丸亀市 公式サイト
313656143553,高松救急クリニック,3710122320,761-8042,香川県,高松市御厩町３７２,,高松救急クリニック,CODE,G003312,代表,高松救急クリニック 高松市 公式サイト
313571675890,横井内科医院,3710119870,760-0080,香川県,高松市木太町１６６３番地２,,横井内科医院,CODE,G003313,代表,横井内科医院 高松市 公式サイト
313707924194,浦岡医院,3810710206,795-0012,愛媛県,大洲市大洲８７７番地,,浦岡医院,CODE,G003314,代表,浦岡医院 大洲市 公式サイト
313707874037,Ｄクリニック駅前医院,3810510762,792-0812,愛媛県,新居浜市坂井町１丁目７番４号,,dクリニック駅前医院,CODE,G003315,代表,Dクリニック駅前医院 新居浜市 公式サイト
313700816607,北条病院,3811110141,799-2438,愛媛県,松山市河野中須賀２８８番地５,,北条病院,CODE,G003316,代表,北条病院 松山市 公式サイト
313700816605,医療法人　三宅医院,3711511174,761-2103,香川県,綾歌郡綾川町陶５８９０番地５,,三宅医院,CODE,G003317,代表,医療法人 三宅医院 綾歌郡綾川町 公式サイト
313700710121,おちクリニック　内科・循環器内科,3810211189,794-0062,愛媛県,今治市馬越町一丁目２番２８号,,おちクリニック内科循環器内科,CODE,G003318,代表,おちクリニック 内科・循環器内科 今治市 公式サイト
313587874520,東若宮中川脳神経外科クリニック,3810710529,795-0065,愛媛県,大洲市東若宮８番地７,,東若宮中川脳神経外科クリニック,CODE,G003319,代表,東若宮中川脳神経外科クリニック 大洲市 公式サイト
313504635579,医療法人　周恵会　近藤クリニック,3811210040,799-1371,愛媛県,西条市周布３４４番地３,,周恵会近藤クリニック,CODE,G003320,代表,医療法人 周恵会 近藤クリニック 西条市 公式サイト
313700783806,三宅川医院,3810222020,799-1514,愛媛県,今治市町谷甲１７番地２,,三宅川医院,CODE,G003321,代表,三宅川医院 今治市 公式サイト
313663162059,公益財団法人正光会　柿の木診療所,3810310353,798-0027,愛媛県,宇和島市柿原１３５２－１,,正光会柿の木診療所,CODE,G003322,代表,公益財団法人正光会 柿の木診療所 宇和島市 公式サイト
313544878836,矢野外科胃腸科医院,3810620645,793-0044,愛媛県,西条市古川字新田甲３８２番地２,,矢野外科胃腸科医院,CODE,G003323,代表,矢野外科胃腸科医院 西条市 公式サイト
313707924193,かしづかクリニック,3710810494,767-0011,香川県,三豊市高瀬町下勝間２３２４番地,,かしづかクリニック,CODE,G003324,代表,かしづかクリニック 三豊市 公式サイト
313707808442,医療法人　岡部クリニック,3810114334,791-8043,愛媛県,松山市東垣生町１３６番地,,岡部クリニック,CODE,G003325,代表,医療法人 岡部クリニック 松山市 公式サイト
313700816604,長谷川病院,3810810055,799-0111,愛媛県,四国中央市金生町下分１２４９番地の１,,長谷川病院,CODE,G003326,代表,長谷川病院 四国中央市 公式サイト
313700745942,わこう皮ふ科形成外科,3810310718,798-0015,愛媛県,宇和島市和霊元町１－６－２１,,わこう皮ふ科形成外科,CODE,G003327,代表,わこう皮ふ科形成外科 宇和島市 公式サイト
313700745941,太田病院,3710710371,769-2601,香川県,東かがわ市三本松１７５８,,太田病院,CODE,G003328,代表,太田病院 東かがわ市 公式サイト
313700664024,中野医院,3810410468,796-8010,愛媛県,八幡浜市五反田一番耕地３６番地２,,中野医院,CODE,G003329,代表,中野医院 八幡浜市 公式サイト
313561076473,八幡浜地区施設事務組合一次救急休日・夜間診療所,3810428072,796-0003,愛媛県,八幡浜市大平１番耕地６３８番地,,八幡浜地区施設事務組合一次救急休日夜間診療所,CODE,G003330,代表,八幡浜地区施設事務組合一次救急休日・夜間診療所 八幡浜市 公式サイト
313504635580,やすらぎ在宅クリニック　立花,3810114912,790-0966,愛媛県,松山市立花二丁目６番３１号,,やすらぎ在宅クリニック立花,CODE,G003331,代表,やすらぎ在宅クリニック 立花 松山市 公式サイト
313504635578,石光耳鼻咽喉科クリニック,,769-1501,香川県,三豊市豊中町比地大６６７番地１,,石光耳鼻咽喉科クリニック,ZIP+NAME,G003332,代表,石光耳鼻咽喉科クリニック 三豊市 公式サイト
313707844325,作道クリニック,3810126718,790-0001,愛媛県,松山市一番町二丁目６番２１号　伊予鉄一番町第二ビル２階,,作道クリニック,CODE,G003333,代表,作道クリニック 松山市 公式サイト
313707844324,中川内科医院,3710610316,769-2101,香川県,さぬき市志度７９７番地,,中川内科医院,CODE,G003334,代表,中川内科医院 さぬき市 公式サイト
313700710120,カメリア内科・糖尿病内科クリニック,3810114631,790-0932,愛媛県,松山市東石井五丁目７番２２号,,カメリア内科糖尿病内科クリニック,CODE,G003335,代表,カメリア内科・糖尿病内科クリニック 松山市 公式サイト
313656143557,Ａ’ｓクリニック,3810211312,794-0805,愛媛県,今治市広紹寺町２丁目１２４５番地１,,asクリニック,CODE,G003336,代表,A’sクリニック 今治市 公式サイト
313587874519,医療法人社団　彰志会　志度寺診療所,3710610365,769-2101,香川県,さぬき市志度１１０２番地１,,彰志会志度寺診療所,CODE,G003337,代表,医療法人社団 彰志会 志度寺診療所 さぬき市 公式サイト
313553856191,古町メンタルクリニック,3810116628,790-0065,愛媛県,松山市宮西１丁目８－１２,,古町メンタルクリニック,CODE,G003338,代表,古町メンタルクリニック 松山市 公式サイト
313707924192,沖縄県立八重山病院,,907-0002,沖縄県,石垣市真栄里５８４番地１,,沖縄県立八重山病院,ZIP+NAME,G003339,代表,沖縄県立八重山病院 石垣市 公式サイト
313700783805,白石クリニック,3810112205,791-8036,愛媛県,松山市高岡町６１９番地５,,白石クリニック,CODE,G003340,代表,白石クリニック 松山市 公式サイト
313700745940,医療法人　古賀内科医院,4110611078,843-0024,佐賀県,武雄市武雄町大字富岡１１５３４番地２,,古賀内科医院,CODE,G003341,代表,医療法人 古賀内科医院 武雄市 公式サイト
313700664023,山元記念病院,4110511773,848-0031,佐賀県,伊万里市二里町八谷搦８８番地４,,山元記念病院,CODE,G003342,代表,山元記念病院 伊万里市 公式サイト
313700664022,しみず胃腸内科２１,,901-2126,沖縄県,浦添市宮城６丁目１番１５号浦添メディカルプラザ３Ｆ,,しみず胃腸内科21,ZIP+NAME,G003343,代表,しみず胃腸内科21 浦添市 公式サイト
313571675889,こうの医院,4110115401,849-0918,佐賀県,佐賀市兵庫南一丁目１２番７号,,こうの医院,CODE,G003344,代表,こうの医院 佐賀市 公式サイト
313544878835,渡辺ハートクリニック内科,3710511563,768-0012,香川県,観音寺市植田町１０１０番地シークレストクリニカルモール２Ｆ,,渡辺ハトクリニック内科,CODE,G003345,代表,渡辺ハートクリニック内科 観音寺市 公式サイト
313707874036,谷口医院,4111710820,849-1422,佐賀県,嬉野市塩田町大字谷所甲２６３７番地１,,谷口医院,CODE,G003346,代表,谷口医院 嬉野市 公式サイト
313700816603,かじはら内科クリニック,4110115757,849-0935,佐賀県,佐賀市八戸溝二丁目１０番２号,,かじはら内科クリニック,CODE,G003347,代表,かじはら内科クリニック 佐賀市 公式サイト
313700816602,東村立診療所,,905-1204,沖縄県,国頭郡東村平良８０４番地,,東村立診療所,ZIP+NAME,G003348,代表,東村立診療所 国頭郡東村 公式サイト
313553856190,医療法人　桜風会　おおにし医院,,905-0013,沖縄県,名護市城２丁目１０番１６号,,桜風会おおにし医院,ZIP+NAME,G003349,代表,医療法人 桜風会 おおにし医院 名護市 公式サイト
313707844323,たじまメンタルクリニック,4110213263,847-0821,佐賀県,唐津市町田２丁目４番６号　１０３号,,たじまメンタルクリニック,CODE,G003350,代表,たじまメンタルクリニック 唐津市 公式サイト
313707807481,医療法人社団　武田内科医院,4110311570,841-0072,佐賀県,鳥栖市村田町７１５番地,,武田内科医院,CODE,G003351,代表,医療法人社団 武田内科医院 鳥栖市 公式サイト
313656143552,医療法人社団　三浦医院,4110213040,847-0304,佐賀県,唐津市呼子町殿ノ浦吹上１２３番地,,三浦医院,CODE,G003352,代表,医療法人社団 三浦医院 唐津市 公式サイト
313587874518,医療法人　上坂医院,4111310738,845-0001,佐賀県,小城市小城町２５１番地５,,上坂医院,CODE,G003353,代表,医療法人 上坂医院 小城市 公式サイト
313707924191,宮崎内科医院,3710511548,768-0060,香川県,観音寺市観音寺町甲３３９３番地,,宮崎内科医院,CODE,G003354,代表,宮崎内科医院 観音寺市 公式サイト
313587874517,ひらの眼科,3710212659,763-0093,香川県,丸亀市郡家町２５０７番１,,ひらの眼科,CODE,G003355,代表,ひらの眼科 丸亀市 公式サイト
313707807480,さとこ整形外科三浦内科みちこ小児科クリニック,3710212253,763-0082,香川県,丸亀市土器町東七丁目８８６,,さとこ整形外科三浦内科みちこ小児科クリニック,CODE,G003356,代表,さとこ整形外科三浦内科みちこ小児科クリニック 丸亀市 公式サイト
313707874035,メディカルカウンセリングルーム　たなかクリニック,3710122072,760-0017,香川県,高松市番町三丁目３番１７号プレシャス番町ビル４Ｆ,,メディカルカウンセリングルムたなかクリニック,CODE,G003357,代表,メディカルカウンセリングルーム たなかクリニック 高松市 公式サイト
313707844322,陽子レディースクリニック,3710120910,760-0029,香川県,高松市丸亀町１番地１高松丸亀町壱番街西館２階,,陽子レディスクリニック,CODE,G003358,代表,陽子レディースクリニック 高松市 公式サイト
313663162058,筒井皮ふ科医院,3710121389,760-0028,香川県,高松市鍛冶屋町１番地６,,筒井皮ふ科医院,CODE,G003359,代表,筒井皮ふ科医院 高松市 公式サイト
313700745939,ササキメディカルクリニック,3710120837,761-8075,香川県,高松市多肥下町１５４７番地８,,ササキメディカルクリニック,CODE,G003360,代表,ササキメディカルクリニック 高松市 公式サイト
313700710119,医療法人社団　清瞳会　山内クリニック,,761-8084,香川県,高松市一宮町４０３番地１,,清瞳会山内クリニック,ZIP+NAME,G003361,代表,医療法人社団 清瞳会 山内クリニック 高松市 公式サイト
313700664021,形見医院,3710118369,760-0017,香川県,高松市番町四丁目８番２５号,,形見医院,CODE,G003362,代表,形見医院 高松市 公式サイト
313587874516,医療法人社団　良済会　西春日小児科医院,3710115431,761-8052,香川県,高松市松並町５５９番地３,,良済会西春日小児科医院,CODE,G003363,代表,医療法人社団 良済会 西春日小児科医院 高松市 公式サイト
313700664020,佐礼谷診療所,3811010259,791-3201,愛媛県,伊予市中山町佐礼谷甲８１６番地１,,佐礼谷診療所,CODE,G003364,代表,佐礼谷診療所 伊予市 公式サイト
313707924190,かわばた産婦人科,3810710305,795-0064,愛媛県,大洲市東大洲２３０番地２,,かわばた産婦人科,CODE,G003365,代表,かわばた産婦人科 大洲市 公式サイト
313707844321,福田医院,3810610380,791-0502,愛媛県,西条市丹原町願連寺２７８番地,,福田医院,CODE,G003366,代表,福田医院 西条市 公式サイト
313656143551,和田内科・皮膚科,3810610513,793-0030,愛媛県,西条市大町８４番地１５,,和田内科皮膚科,CODE,G003367,代表,和田内科・皮膚科 西条市 公式サイト
313571675888,よりみつ眼科,3810410328,796-0026,愛媛県,八幡浜市矢野町一丁目１２２７番地３,,よりみつ眼科,CODE,G003368,代表,よりみつ眼科 八幡浜市 公式サイト
313707924189,井戸内科・消化器科,3810210645,794-0044,愛媛県,今治市蔵敷町１丁目１５の６,,井戸内科消化器科,CODE,G003369,代表,井戸内科・消化器科 今治市 公式サイト
313656143550,中川こころのクリニック,3810210868,794-0054,愛媛県,今治市北日吉町一丁目２番１１号,,中川こころのクリニック,CODE,G003370,代表,中川こころのクリニック 今治市 公式サイト
313544878834,たくぼ整形外科リハビリテーションクリニック,3810211320,794-0062,愛媛県,今治市馬越町１丁目３番３号,,たくぼ整形外科リハビリテションクリニック,CODE,G003371,代表,たくぼ整形外科リハビリテーションクリニック 今治市 公式サイト
313707874034,たるみこどもの杜クリニック,3810116339,790-0905,愛媛県,松山市樽味二丁目８番１０号,,たるみこどもの杜クリニック,CODE,G003372,代表,たるみこどもの杜クリニック 松山市 公式サイト
313707844320,医療法人清友会　清水医院,3810128664,791-8025,愛媛県,松山市衣山４丁目８１８－２,,清友会清水医院,CODE,G003373,代表,医療法人清友会 清水医院 松山市 公式サイト
313700816601,医療法人　仁明会　内科・消化器科羽鳥病院,3810210389,794-0043,愛媛県,今治市南宝来町三丁目２番地３号,,仁明会内科消化器科羽鳥病院,CODE,G003374,代表,医療法人 仁明会 内科・消化器科羽鳥病院 今治市 公式サイト
313700783804,あおば眼科クリニック,3810116230,790-0034,愛媛県,松山市藤原町６１７番地１３,,あおば眼科クリニック,CODE,G003375,代表,あおば眼科クリニック 松山市 公式サイト
313663162057,帝人松山診療所（南地区）,3810114805,791-8536,愛媛県,松山市西垣生町２３４５番地,,帝人松山診療所南地区,CODE,G003376,代表,帝人松山診療所(南地区) 松山市 公式サイト
313571675887,志摩整形外科,3810129050,791-8002,愛媛県,松山市谷町甲５３番地１,,志摩整形外科,CODE,G003377,代表,志摩整形外科 松山市 公式サイト
313700745938,医療法人　桑折皮膚科・内科,3810110688,790-0846,愛媛県,松山市道後北代２番２４号,,桑折皮膚科内科,CODE,G003378,代表,医療法人 桑折皮膚科・内科 松山市 公式サイト
313707844319,ふくだ循環器科内科クリニック,3810113799,791-8044,愛媛県,松山市西垣生町４７８番地６,,ふくだ循環器科内科クリニック,CODE,G003379,代表,ふくだ循環器科内科クリニック 松山市 公式サイト
313587874515,まえおか眼科,3810113427,791-1104,愛媛県,松山市北土居三丁目１２番１６号,,まえおか眼科,CODE,G003380,代表,まえおか眼科 松山市 公式サイト
313700816600,つつみクリニック耳鼻咽喉科,4111011260,840-0201,佐賀県,佐賀市大和町大字尼寺２４７０番地２,,つつみクリニック耳鼻咽喉科,CODE,G003381,代表,つつみクリニック耳鼻咽喉科 佐賀市 公式サイト
313707807479,中島医院,4110610914,843-0024,佐賀県,武雄市武雄町大字富岡８３０９番地,,中島医院,CODE,G003382,代表,中島医院 武雄市 公式サイト
313700745937,みやき統合医療クリニック,4111211043,849-0111,佐賀県,三養基郡みやき町大字白壁字三本松１０７４番地３（２階）,,みやき統合医療クリニック,CODE,G003383,代表,みやき統合医療クリニック 三養基郡みやき町 公式サイト
313587874514,みつます耳鼻咽喉科,4111111045,842-0031,佐賀県,神埼郡吉野ヶ里町吉田２９０６番地１,,みつます耳鼻咽喉科,CODE,G003384,代表,みつます耳鼻咽喉科 神埼郡吉野ヶ里町 公式サイト
313707807478,医療法人　篠田整形外科,4110611110,843-0001,佐賀県,武雄市朝日町大字甘久２０６番地３,,篠田整形外科,CODE,G003385,代表,医療法人 篠田整形外科 武雄市 公式サイト
313700816599,医療法人　實生会　池田産婦人科,4111011377,840-2105,佐賀県,佐賀市諸富町大字諸富津４３１番地４,,實生会池田産婦人科,CODE,G003386,代表,医療法人 實生会 池田産婦人科 佐賀市 公式サイト
313707924188,ケンジンＳＰＡクリニック,4110511856,848-0031,佐賀県,伊万里市二里町八谷搦１３番地５,,ケンジンspaクリニック,CODE,G003387,代表,ケンジンSPAクリニック 伊万里市 公式サイト
313553856189,松永内科医院,4110115724,849-0921,佐賀県,佐賀市高木瀬西１丁目３番２５号,,松永内科医院,CODE,G003388,代表,松永内科医院 佐賀市 公式サイト
313700710118,やまと心のクリニック,4110117894,840-0201,佐賀県,佐賀市大和町大字尼寺３１２７番地１,,やまと心のクリニック,CODE,G003389,代表,やまと心のクリニック 佐賀市 公式サイト
313571675886,いざわ耳鼻咽喉科クリニック,4110212919,847-0821,佐賀県,唐津市町田１７８４番地１,,いざわ耳鼻咽喉科クリニック,CODE,G003390,代表,いざわ耳鼻咽喉科クリニック 唐津市 公式サイト
313544878832,おおいし脳・神経リハクリニック,4110117654,849-0936,佐賀県,佐賀市鍋島町森田６０５番地５,,おおいし脳神経リハクリニック,CODE,G003391,代表,おおいし脳・神経リハクリニック 佐賀市 公式サイト
313707807477,東風平第一医院,,901-0411,沖縄県,島尻郡八重瀬町友寄４２,,東風平第一医院,ZIP+NAME,G003392,代表,東風平第一医院 島尻郡八重瀬町 公式サイト
313656143549,医療法人　北野整形外科医院,4110115567,849-0928,佐賀県,佐賀市若楠二丁目４番１０号,,北野整形外科医院,CODE,G003393,代表,医療法人 北野整形外科医院 佐賀市 公式サイト
313587874513,医療法人社団新穂会　南の風皮フ科,,901-1103,沖縄県,島尻郡南風原町字与那覇２８３番地メディカルプラザはえばる１階,,新穂会南の風皮フ科,ZIP+NAME,G003394,代表,医療法人社団新穂会 南の風皮フ科 島尻郡南風原町 公式サイト
313707807476,にしはら皮フ科,,903-0118,沖縄県,中頭郡西原町小波津三番地の５,,にしはら皮フ科,ZIP+NAME,G003395,代表,にしはら皮フ科 中頭郡西原町 公式サイト
313700710117,絆愛こころクリニック　豊見城訪問診療所,,901-0213,沖縄県,豊見城市字高嶺８３－５　２階,,絆愛こころクリニック豊見城訪問診療所,ZIP+NAME,G003396,代表,絆愛こころクリニック 豊見城訪問診療所 豊見城市 公式サイト
313561076472,かなさん内科リハビリクリニック,,904-0313,沖縄県,中頭郡読谷村字ときわ１５番１,,かなさん内科リハビリクリニック,ZIP+NAME,G003397,代表,かなさん内科リハビリクリニック 中頭郡読谷村 公式サイト
313544878833,北中城若松病院,,901-2314,沖縄県,中頭郡北中城村大城３１１番地,,北中城若松病院,ZIP+NAME,G003398,代表,北中城若松病院 中頭郡北中城村 公式サイト
313663162056,医療法人　牧野医院,4110114669,849-0923,佐賀県,佐賀市日の出１丁目１４番２６号,,牧野医院,CODE,G003399,代表,医療法人 牧野医院 佐賀市 公式サイト
313656143548,あいわクリニック,,903-0115,沖縄県,中頭郡西原町池田７６６－２,,あいわクリニック,ZIP+NAME,G003400,代表,あいわクリニック 中頭郡西原町 公式サイト
313561076471,とよみ眼科,,901-0201,沖縄県,豊見城市字真玉橋２８５－１－２階,,とよみ眼科,ZIP+NAME,G003401,代表,とよみ眼科 豊見城市 公式サイト
313504634617,栗山医院,4110114586,840-0826,佐賀県,佐賀市白山１丁目４番６号,,栗山医院,CODE,G003402,代表,栗山医院 佐賀市 公式サイト
313707874033,かじまやークリニック,,901-2102,沖縄県,浦添市前田９９７番地,,かじまやクリニック,ZIP+NAME,G003403,代表,かじまやークリニック 浦添市 公式サイト
313553856188,沖縄県八重山保健所,,907-0002,沖縄県,石垣市真栄里４３８,,沖縄県八重山保健所,ZIP+NAME,G003404,代表,沖縄県八重山保健所 石垣市 公式サイト
313707874032,下地脳神経外科,,907-0004,沖縄県,石垣市字登野城６４４番地１９,,下地脳神経外科,ZIP+NAME,G003405,代表,下地脳神経外科 石垣市 公式サイト
313707844318,くらはし整形外科クリニック,,906-0012,沖縄県,宮古島市平良西里７８２－１,,くらはし整形外科クリニック,ZIP+NAME,G003406,代表,くらはし整形外科クリニック 宮古島市 公式サイト
313707807475,たからクリニック,,904-2154,沖縄県,沖縄市東２丁目５番１１号　１Ｆ,,たからクリニック,ZIP+NAME,G003407,代表,たからクリニック 沖縄市 公式サイト
313707924187,やんハーブクリニック,,904-2165,沖縄県,沖縄市東二丁目１６番５号,,やんハブクリニック,ZIP+NAME,G003408,代表,やんハーブクリニック 沖縄市 公式サイト
313700816598,よしクリニック,,904-1107,沖縄県,うるま市石川曙３－２－１０,,よしクリニック,ZIP+NAME,G003409,代表,よしクリニック うるま市 公式サイト
313700710116,宮里眼科,,904-1102,沖縄県,うるま市石川東山１－２２－２,,宮里眼科,ZIP+NAME,G003410,代表,宮里眼科 うるま市 公式サイト
313663162055,かかずハートクリニック,,900-0006,沖縄県,那覇市おもろまち４－１６－５サンライズＧＩＮＯＺＡ３０１,,かかずハトクリニック,ZIP+NAME,G003411,代表,かかずハートクリニック 那覇市 公式サイト
313700816597,医療法人　聖美会　ＪＯＥクリニック,,900-0013,沖縄県,那覇市牧志２－１８－７　共伸産業ビル５Ｆ,,聖美会joeクリニック,ZIP+NAME,G003412,代表,医療法人 聖美会 JOEクリニック 那覇市 公式サイト
313571675885,首里内科クリニック,,903-0807,沖縄県,那覇市首里久場川町二丁目１３５番地,,首里内科クリニック,ZIP+NAME,G003413,代表,首里内科クリニック 那覇市 公式サイト
313700710115,さわやか耳鼻咽喉科,,902-0071,沖縄県,那覇市繁多川３丁目６番２６号幸徳ビルディングＢ号室,,さわやか耳鼻咽喉科,ZIP+NAME,G003414,代表,さわやか耳鼻咽喉科 那覇市 公式サイト
313553856187,医療法人　十全会　おおうらクリニック,,901-0145,沖縄県,那覇市高良３丁目５番２２号,,十全会おおうらクリニック,ZIP+NAME,G003415,代表,医療法人 十全会 おおうらクリニック 那覇市 公式サイト
313707807474,ともり内科循環器科,,900-0006,沖縄県,那覇市おもろまち４丁目１９番８号,,ともり内科循環器科,ZIP+NAME,G003416,代表,ともり内科循環器科 那覇市 公式サイト
313707924186,平田胃腸科・内科,,900-0004,沖縄県,那覇市銘苅３－２２－３３Ｒ－８ビル１Ｆ,,平田胃腸科内科,ZIP+NAME,G003417,代表,平田胃腸科・内科 那覇市 公式サイト
313700710114,てしまこどもの杜クリニック,4412210660,879-1506,大分県,速見郡日出町３９０２番地３,,てしまこどもの杜クリニック,CODE,G003418,代表,てしまこどもの杜クリニック 速見郡日出町 公式サイト
313707924185,ふるしょう医院,4410119681,870-0844,大分県,大分市古国府四丁目１番６号,,ふるしょう医院,CODE,G003419,代表,ふるしょう医院 大分市 公式サイト
313700664009,医療法人緑水会　宜野湾記念病院,,901-2211,沖縄県,宜野湾市宜野湾３－３－１３,,緑水会宜野湾記念病院,ZIP+NAME,G003420,代表,医療法人緑水会 宜野湾記念病院 宜野湾市 公式サイト
313587874512,岸本内科クリニック,,904-2142,沖縄県,沖縄市登川１－１－２４,,岸本内科クリニック,ZIP+NAME,G003421,代表,岸本内科クリニック 沖縄市 公式サイト
313561076470,玄々堂高田病院,4410910592,879-0615,大分県,豊後高田市界３７８番地２,,玄々堂高田病院,CODE,G003422,代表,玄々堂高田病院 豊後高田市 公式サイト
313504634616,伊禮内科クリニック,,904-2302,沖縄県,うるま市与那城西原７６３番１,,伊禮内科クリニック,ZIP+NAME,G003423,代表,伊禮内科クリニック うるま市 公式サイト
313700745936,医療法人　宇野医院,4411210109,879-7301,大分県,豊後大野市犬飼町犬飼８０－２,,宇野医院,CODE,G003424,代表,医療法人 宇野医院 豊後大野市 公式サイト
313707924184,大川産婦人科病院,4410118097,870-0027,大分県,大分市末広町２丁目４番１６号,,大川産婦人科病院,CODE,G003425,代表,大川産婦人科病院 大分市 公式サイト
313707874031,諸熊医院,4210168540,850-0853,長崎県,長崎市浜町４－２０,,諸熊医院,CODE,G003426,代表,諸熊医院 長崎市 公式サイト
313707844317,そのだ内科クリニック,4211123643,851-2130,長崎県,西彼杵郡長与町まなび野２丁目２番地２,,そのだ内科クリニック,CODE,G003427,代表,そのだ内科クリニック 西彼杵郡長与町 公式サイト
313707844316,かなでクリニック,4210227346,857-0875,長崎県,佐世保市下京町７番１８号,,かなでクリニック,CODE,G003428,代表,かなでクリニック 佐世保市 公式サイト
313707807472,わたべクリニック,4210165280,850-0035,長崎県,長崎市元船町１２－１１,,わたべクリニック,CODE,G003429,代表,わたべクリニック 長崎市 公式サイト
313700816596,サザンこころのクリニック,4211124476,851-2107,長崎県,西彼杵郡時津町久留里郷新開１４４６コーポ時津２Ｆ,,サザンこころのクリニック,CODE,G003430,代表,サザンこころのクリニック 西彼杵郡時津町 公式サイト
313700745935,明野耳鼻咽喉科医院,4410117453,870-0161,大分県,大分市明野東２丁目３３－１４,,明野耳鼻咽喉科医院,CODE,G003431,代表,明野耳鼻咽喉科医院 大分市 公式サイト
313656142585,すぎやま内科クリニック,4211123817,851-3102,長崎県,長崎市琴海村松町７２９－１,,すぎやま内科クリニック,CODE,G003432,代表,すぎやま内科クリニック 長崎市 公式サイト
313587874511,医療法人　あずま眼科医院,4210226702,858-0911,長崎県,佐世保市竹辺町８４５ー５,,あずま眼科医院,CODE,G003433,代表,医療法人 あずま眼科医院 佐世保市 公式サイト
313561076469,藤沢小児科・アレルギー科,4410116281,870-0128,大分県,大分市大字森５４１番地,,藤沢小児科アレルギ科,CODE,G003434,代表,藤沢小児科・アレルギー科 大分市 公式サイト
313553856186,医療法人仁真会真央クリニック,4410120127,870-0147,大分県,大分市大字小池原字宮ノ下１１６７番地１,,仁真会真央クリニック,CODE,G003435,代表,医療法人仁真会真央クリニック 大分市 公式サイト
313553855225,神﨑循環器クリニック,4410123170,870-0021,大分県,大分市府内町３丁目７番３６号,,神﨑循環器クリニック,CODE,G003436,代表,神﨑循環器クリニック 大分市 公式サイト
313504634615,しもまえ泌尿器科クリニック,4210227072,857-1161,長崎県,佐世保市大塔町６１６番地６,,しもまえ泌尿器科クリニック,CODE,G003437,代表,しもまえ泌尿器科クリニック 佐世保市 公式サイト
313707874030,しげま小児科医院,,904-2215,沖縄県,うるま市みどり町３－１８－１２,,しげま小児科医院,ZIP+NAME,G003438,代表,しげま小児科医院 うるま市 公式サイト
313707874029,医療法人社団　なかむら内科診療所,4210160505,850-0852,長崎県,長崎市万屋町５－７関谷ビル２Ｆ,,なかむら内科診療所,CODE,G003439,代表,医療法人社団 なかむら内科診療所 長崎市 公式サイト
313700816595,医療法人社団穂仁会　よこた医院,4211422169,859-1206,長崎県,雲仙市瑞穂町西郷辛１１７２,,穂仁会よこた医院,CODE,G003440,代表,医療法人社団穂仁会 よこた医院 雲仙市 公式サイト
313656143547,長崎クリニック浜町,4210168425,850-0853,長崎県,長崎市浜町１１番２７号　浜町伊集院ビル５Ｆ,,長崎クリニック浜町,CODE,G003441,代表,長崎クリニック浜町 長崎市 公式サイト
313587874510,キッズ＆ファミリークリニック　出口小児科医院,4210521854,856-0024,長崎県,大村市諏訪３丁目７８番地,,キッズ&ファミリクリニック出口小児科医院,CODE,G003442,代表,キッズ&ファミリークリニック 出口小児科医院 大村 公式サイト
313587874509,しまだ皮ふ科クリニック,4410123154,870-1143,大分県,大分市大字田尻４２５番地１,,しまだ皮ふ科クリニック,CODE,G003443,代表,しまだ皮ふ科クリニック 大分市 公式サイト
313571675884,医療法人　青藍会　神宮司クリニック,4210422020,854-0071,長崎県,諫早市永昌東町１５番７号,,青藍会神宮司クリニック,CODE,G003444,代表,医療法人 青藍会 神宮司クリニック 諫早市 公式サイト
313571675880,桐田眼科医院,4411110804,879-0471,大分県,宇佐市大字四日市２６２５番地,,桐田眼科医院,CODE,G003445,代表,桐田眼科医院 宇佐市 公式サイト
313561076468,石井産婦人科,4410412359,877-0005,大分県,日田市豆田町５－１６,,石井産婦人科,CODE,G003446,代表,石井産婦人科 日田市 公式サイト
313700816594,杵築市立山香病院,4411010632,879-1307,大分県,杵築市山香町大字野原１６１２番地１,,杵築市立山香病院,CODE,G003447,代表,杵築市立山香病院 杵築市 公式サイト
313571675883,原田医院,4410910543,872-1101,大分県,豊後高田市中真玉２１３３番地,,原田医院,CODE,G003448,代表,原田医院 豊後高田市 公式サイト
313553855223,院内中央医院,4411111265,872-0331,大分県,宇佐市院内町大副字下原４８３番１,,院内中央医院,CODE,G003449,代表,院内中央医院 宇佐市 公式サイト
313587874508,堀田クリニック,4410412144,877-0072,大分県,日田市大字十二町４７４番地１,,堀田クリニック,CODE,G003450,代表,堀田クリニック 日田市 公式サイト
313544878831,田中眼科医院,4410411559,877-0016,大分県,日田市三本松１丁目１０番１８号,,田中眼科医院,CODE,G003451,代表,田中眼科医院 日田市 公式サイト
313544878830,木戸耳鼻咽喉科クリニック,4410312161,871-0162,大分県,中津市大字永添３７５番地の１,,木戸耳鼻咽喉科クリニック,CODE,G003452,代表,木戸耳鼻咽喉科クリニック 中津市 公式サイト
313656142584,児玉耳鼻咽喉科クリニック,4410215190,874-0920,大分県,別府市北浜２丁目４－９,,児玉耳鼻咽喉科クリニック,CODE,G003453,代表,児玉耳鼻咽喉科クリニック 別府市 公式サイト
313544878829,佐藤整形外科医院,4410214417,874-0936,大分県,別府市中央町８番２０号,,佐藤整形外科医院,CODE,G003454,代表,佐藤整形外科医院 別府市 公式サイト
313504634614,おおいし皮フ科クリニック,4410214938,874-0919,大分県,別府市石垣東３丁目１番３４号,,おおいし皮フ科クリニック,CODE,G003455,代表,おおいし皮フ科クリニック 別府市 公式サイト
313707807471,むねむら大腸肛門病院,4410123949,870-0844,大分県,大分市古国府六丁目３番１０号,,むねむら大腸肛門病院,CODE,G003456,代表,むねむら大腸肛門病院 大分市 公式サイト
313707924183,福田内科医院,4410214185,874-0919,大分県,別府市石垣東３丁目４番１２号,,福田内科医院,CODE,G003457,代表,福田内科医院 別府市 公式サイト
313700783802,大分大学医学部附属病院,4418210672,879-5593,大分県,由布市挾間町医大ケ丘１丁目１番地,,大分大学医学部附属病院,CODE,G003458,代表,大分大学医学部附属病院 由布市 公式サイト
313700710113,医療法人　博愛会　哲翁病院,4211420080,859-2502,長崎県,南島原市口之津町甲１１８１,,博愛会哲翁病院,CODE,G003459,代表,医療法人 博愛会 哲翁病院 南島原市 公式サイト
313700710112,からしま医院,4410512059,876-0112,大分県,佐伯市弥生大字上小倉１２１５,,からしま医院,CODE,G003460,代表,からしま医院 佐伯市 公式サイト
313700664008,わかくさ診療所,4410120879,870-0868,大分県,大分市大字野田２７１番地,,わかくさ診療所,CODE,G003461,代表,わかくさ診療所 大分市 公式サイト
313700664007,松本小児科医院,4410214003,874-0920,大分県,別府市北浜２丁目５番５号,,松本小児科医院,CODE,G003462,代表,松本小児科医院 別府市 公式サイト
313663162054,医療法人　中島内科神経内科,4210422525,854-0071,長崎県,諫早市永昌東町１９番２８号,,中島内科神経内科,CODE,G003463,代表,医療法人 中島内科神経内科 諫早市 公式サイト
313656143546,諫早記念病院,4210411056,854-0006,長崎県,諫早市天満町２－２１,,諫早記念病院,CODE,G003464,代表,諫早記念病院 諫早市 公式サイト
313587874507,ぺんぎんメンタルクリニック,4410123857,870-0135,大分県,大分市仲西町１－６－１２,,ぺんぎんメンタルクリニック,CODE,G003465,代表,ぺんぎんメンタルクリニック 大分市 公式サイト
313571675881,医療法人社団　文寿会　芦塚皮膚科医院,4210422111,854-0071,長崎県,諫早市永昌東町１番２号　ライオンズ諫早ステーションスクエア１０１号,,文寿会芦塚皮膚科医院,CODE,G003466,代表,医療法人社団 文寿会 芦塚皮膚科医院 諫早市 公式サイト
313553855224,奥平産婦人科医院,,906-0013,沖縄県,宮古島市平良字下里１２５９－１,,奥平産婦人科医院,ZIP+NAME,G003467,代表,奥平産婦人科医院 宮古島市 公式サイト
313553855222,新上五島町立東神ノ浦へき地診療所,4218124172,853-3323,長崎県,南松浦郡新上五島町東神ノ浦郷１４５番地４,,新上五島町立東神ノ浦へき地診療所,CODE,G003468,代表,新上五島町立東神ノ浦へき地診療所 南松浦郡新上五島町 公式サイト
313707844315,佐々中央クリニック,4211521853,857-0312,長崎県,北松浦郡佐々町市場免４４,,佐々中央クリニック,CODE,G003469,代表,佐々中央クリニック 北松浦郡佐々町 公式サイト
313663162052,小田循環器内科,4210164242,850-0852,長崎県,長崎市万屋町５－３８西川家ビル３Ｆ,,小田循環器内科,CODE,G003470,代表,小田循環器内科 長崎市 公式サイト
313656142583,せぐち内科,4410910519,879-0606,大分県,豊後高田市玉津１３１６番地１,,せぐち内科,CODE,G003471,代表,せぐち内科 豊後高田市 公式サイト
313571675882,北崎医院,4410213484,874-0902,大分県,別府市青山町７ー６５,,北崎医院,CODE,G003472,代表,北崎医院 別府市 公式サイト
313544878828,菅医院,4211422383,854-0512,長崎県,雲仙市小浜町北木指島乃屋敷３０３５ー３,,菅医院,CODE,G003473,代表,菅医院 雲仙市 公式サイト
313700816592,たなか乳腺・外科・内科クリニック,4410214797,874-0936,大分県,別府市中央町８－３０,,たなか乳腺外科内科クリニック,CODE,G003474,代表,たなか乳腺・外科・内科クリニック 別府市 公式サイト
313700783803,しかまち心療内科,4211521713,859-6202,長崎県,佐世保市鹿町町上歌ヶ浦４４６－１,,しかまち心療内科,CODE,G003475,代表,しかまち心療内科 佐世保市 公式サイト
313700782841,村上脳神経内科クリニック,4410213369,874-0828,大分県,別府市山の手町１４番３０号,,村上脳神経内科クリニック,CODE,G003476,代表,村上脳神経内科クリニック 別府市 公式サイト
313700745934,明野循環器内科クリニック,4410122057,870-0161,大分県,大分市明野東二丁目３３番１１号,,明野循環器内科クリニック,CODE,G003477,代表,明野循環器内科クリニック 大分市 公式サイト
313700745933,医療法人賢倫雄会　池田整形外科クリニック,4210163608,850-0037,長崎県,長崎市金屋町２－１０平田ビル５Ｆ,,賢倫雄会池田整形外科クリニック,CODE,G003478,代表,医療法人賢倫雄会 池田整形外科クリニック 長崎市 公式サイト
313700710111,医療法人　くわはら医院,4210720266,859-5112,長崎県,平戸市宮の町５８１番地,,くわはら医院,CODE,G003479,代表,医療法人 くわはら医院 平戸市 公式サイト
313700664006,花みずきレディースクリニック,4210165637,852-8154,長崎県,長崎市住吉町１３－１６,,花みずきレディスクリニック,CODE,G003480,代表,花みずきレディースクリニック 長崎市 公式サイト
313663162053,おおば脳神経外科・頭痛クリニック,4410123113,870-0831,大分県,大分市要町８番１６号,,おおば脳神経外科頭痛クリニック,CODE,G003481,代表,おおば脳神経外科・頭痛クリニック 大分市 公式サイト
313656142582,阿南循環器内科クリニック,4410122065,870-0128,大分県,大分市大字森５８２番地の１,,阿南循環器内科クリニック,CODE,G003482,代表,阿南循環器内科クリニック 大分市 公式サイト
313504634613,丸井整形外科医院,4410123618,870-0103,大分県,大分市東鶴崎一丁目６番２３号,,丸井整形外科医院,CODE,G003483,代表,丸井整形外科医院 大分市 公式サイト
313504634612,工藤クリニック,4410122305,870-0831,大分県,大分市要町９番２１号,,工藤クリニック,CODE,G003484,代表,工藤クリニック 大分市 公式サイト
313707807470,田中耳鼻咽喉科クリニック,4410118154,870-0924,大分県,大分市牧３丁目１１番１０号,,田中耳鼻咽喉科クリニック,CODE,G003485,代表,田中耳鼻咽喉科クリニック 大分市 公式サイト
313700816593,えとう眼科,4410121844,870-0165,大分県,大分市明野北１丁目２２２６番１１,,えとう眼科,CODE,G003486,代表,えとう眼科 大分市 公式サイト
313700816591,おおいた健診センター,4410121711,870-1133,大分県,大分市大字宮崎１４１５番地,,おおいた健診センタ,CODE,G003487,代表,おおいた健診センター 大分市 公式サイト
313700745932,いまむら整形外科医院,4210165181,852-8053,長崎県,長崎市葉山１丁目２８－１　日章葉山ビル３Ｆ,,いまむら整形外科医院,CODE,G003488,代表,いまむら整形外科医院 長崎市 公式サイト
313561076467,吉岡医院,4211320504,859-0127,長崎県,諫早市高来町町名４９－３,,吉岡医院,CODE,G003489,代表,吉岡医院 諫早市 公式サイト
313553855221,宮崎クリニック,4410213799,874-0022,大分県,別府市亀川東町２７番３７号,,宮崎クリニック,CODE,G003490,代表,宮崎クリニック 別府市 公式サイト
313707924182,福田耳鼻咽喉科医院,4210225944,857-1152,長崎県,佐世保市黒髪町６４９－２,,福田耳鼻咽喉科医院,CODE,G003491,代表,福田耳鼻咽喉科医院 佐世保市 公式サイト
313700782840,医療法人ウェルネス　おおさと整形外科リハビリテーション科,4211521622,859-6305,長崎県,佐世保市吉井町直谷１２６０,,ウェルネスおおさと整形外科リハビリテション科,CODE,G003492,代表,医療法人ウェルネス おおさと整形外科リハビリテーション科 佐世保市 公式サイト
313700664005,山田医院,4211521879,857-0311,長崎県,北松浦郡佐々町本田原免１３７番地３,,山田医院,CODE,G003493,代表,山田医院 北松浦郡佐々町 公式サイト
313587874506,すが眼科,4211221181,859-3715,長崎県,東彼杵郡波佐見町宿郷３３３番地５,,すが眼科,CODE,G003494,代表,すが眼科 東彼杵郡波佐見町 公式サイト
313587874505,医療法人　吉見内科胃腸科,4210166551,852-8135,長崎県,長崎市千歳町１０番３号　よしみビル５Ｆ,,吉見内科胃腸科,CODE,G003495,代表,医療法人 吉見内科胃腸科 長崎市 公式サイト
313544878827,医療法人社団　石坂脳神経外科,4210225951,857-1162,長崎県,佐世保市卸本町３０－４２,,石坂脳神経外科,CODE,G003496,代表,医療法人社団 石坂脳神経外科 佐世保市 公式サイト
313561076466,森川内科クリニック,4211124278,851-2125,長崎県,西彼杵郡長与町三根郷８３番地１,,森川内科クリニック,CODE,G003497,代表,森川内科クリニック 西彼杵郡長与町 公式サイト
313707807469,たかの耳鼻咽喉科,4211124260,851-2127,長崎県,西彼杵郡長与町高田郷８－３５,,たかの耳鼻咽喉科,CODE,G003498,代表,たかの耳鼻咽喉科 西彼杵郡長与町 公式サイト
313707874028,いけだ内科,4210620854,853-0032,長崎県,五島市大荒町７３番地２,,いけだ内科,CODE,G003499,代表,いけだ内科 五島市 公式サイト
313707874027,大村共立病院,4210521474,856-0023,長崎県,大村市上諏訪町１０９５番地,,大村共立病院,CODE,G003500,代表,大村共立病院 大村 公式サイト
313700745931,にしむらクリニック,4210423226,854-0072,長崎県,諫早市永昌町４３番２２号,,にしむらクリニック,CODE,G003501,代表,にしむらクリニック 諫早市 公式サイト
313700710110,医療法人　わたなべ耳鼻咽喉科医院,4210521862,856-0828,長崎県,大村市杭出津２丁目５７９番地８,,わたなべ耳鼻咽喉科医院,CODE,G003502,代表,医療法人 わたなべ耳鼻咽喉科医院 大村 公式サイト
313656142581,医療法人社団　福江産婦人科医院,4210620649,853-0032,長崎県,五島市大荒町７３番地２,,福江産婦人科医院,CODE,G003503,代表,医療法人社団 福江産婦人科医院 五島市 公式サイト
313700710109,医療法人仁寿会　南野病院,4210521466,856-0826,長崎県,大村市東三城町３３,,仁寿会南野病院,CODE,G003504,代表,医療法人仁寿会 南野病院 大村 公式サイト
313544878826,医療法人　橋本循環器内科,4210422830,854-0071,長崎県,諫早市永昌東町２番１７号,,橋本循環器内科,CODE,G003505,代表,医療法人 橋本循環器内科 諫早市 公式サイト
313700664004,医療法人　和光会　出口医院レディースクリニック,,854-0014,長崎県,諫早市東小路町１４－３３,,和光会出口医院レディスクリニック,ZIP+NAME,G003506,代表,医療法人 和光会 出口医院レディースクリニック 諫早市 公式サイト
313707924181,かまだ脳神経外科　長崎駅前クリニック,4210168276,850-0058,長崎県,長崎市尾上町８番４４号　２Ｆ,,かまだ脳神経外科長崎駅前クリニック,CODE,G003507,代表,かまだ脳神経外科 長崎駅前クリニック 長崎市 公式サイト
313700816590,松村医院,4210166452,852-8061,長崎県,長崎市滑石４丁目３番３９号,,松村医院,CODE,G003508,代表,松村医院 長崎市 公式サイト
313707844314,医療法人長寿会清原龍内科,4210166106,852-8108,長崎県,長崎市川口町８－２０,,長寿会清原龍内科,CODE,G003509,代表,医療法人長寿会清原龍内科 長崎市 公式サイト
313700782839,医療法人　渕レディスクリニック,4210164887,850-0871,長崎県,長崎市麹屋町２ー１６,,渕レディスクリニック,CODE,G003510,代表,医療法人 渕レディスクリニック 長崎市 公式サイト
313587874504,医療法人　平田クリニック,4210162881,852-8113,長崎県,長崎市上野町１－５,,平田クリニック,CODE,G003511,代表,医療法人 平田クリニック 長崎市 公式サイト
313561076465,なでしこ内科,4510610993,883-0052,宮崎県,日向市鶴町１番地コルセ・カレ日向１０４,,なでしこ内科,CODE,G003512,代表,なでしこ内科 日向市 公式サイト
313707844313,京町温泉クリニック,4510910609,889-4155,宮崎県,えびの市大字亀沢３９１番１,,京町温泉クリニック,CODE,G003513,代表,京町温泉クリニック えびの市 公式サイト
313663162051,医療法人福曜会　福田医院,4210161537,850-0831,長崎県,長崎市鍛冶屋町６－６,,福曜会福田医院,CODE,G003514,代表,医療法人福曜会 福田医院 長崎市 公式サイト
313561076464,医療法人社団康仁会　林医院,4210161404,852-8002,長崎県,長崎市弁天町１１－２２,,康仁会林医院,CODE,G003515,代表,医療法人社団康仁会 林医院 長崎市 公式サイト
313553855220,医療法人天生堂天生堂医院,4510610746,883-0068,宮崎県,日向市亀崎西１丁目２５番地,,天生堂天生堂医院,CODE,G003516,代表,医療法人天生堂天生堂医院 日向市 公式サイト
313553855219,古賀内科胃腸科,4510610613,883-0041,宮崎県,日向市北町１丁目８６番地３,,古賀内科胃腸科,CODE,G003517,代表,古賀内科胃腸科 日向市 公式サイト
313504634611,大井外科医院,4510410683,889-2533,宮崎県,日南市星倉１丁目３番地７,,大井外科医院,CODE,G003518,代表,大井外科医院 日南市 公式サイト
313504634610,医療法人興生会押川病院,4510510920,886-0212,宮崎県,小林市野尻町東麓１０８２番地の１,,興生会押川病院,CODE,G003519,代表,医療法人興生会押川病院 小林市 公式サイト
313707924180,もりぞの耳鼻咽喉科,4510213723,885-0074,宮崎県,都城市甲斐元町１４街区３７の２号,,もりぞの耳鼻咽喉科,CODE,G003520,代表,もりぞの耳鼻咽喉科 都城市甲斐元町14街区 公式サイト
313700816588,やなざわ整形外科・内科,4510312533,882-0815,宮崎県,延岡市柳沢町二丁目４番地２,,やなざわ整形外科内科,CODE,G003521,代表,やなざわ整形外科・内科 延岡市 公式サイト
313700745930,医療法人恵心会永田病院,4510210232,885-0084,宮崎県,都城市五十町５１７３番地,,恵心会永田病院,CODE,G003522,代表,医療法人恵心会永田病院 都城市 公式サイト
313700745929,大崎整形外科,4510312079,882-0027,宮崎県,延岡市大門町２１５番地１,,大崎整形外科,CODE,G003523,代表,大崎整形外科 延岡市 公式サイト
313504634609,柳田病院,4510212295,885-0052,宮崎県,都城市東町１０街区１７号,,柳田病院,CODE,G003524,代表,柳田病院 都城市東町10街区 公式サイト
313700816589,宮永病院,4510211842,885-0077,宮崎県,都城市松元町１５街区１０号,,宮永病院,CODE,G003525,代表,宮永病院 都城市松元町15街区 公式サイト
313707807468,宮崎そらの内視鏡クリニック,4510120217,880-0811,宮崎県,宮崎市錦町１－１０宮崎グリーンスフィア壱番館２階,,宮崎そらの内視鏡クリニック,CODE,G003526,代表,宮崎そらの内視鏡クリニック 宮崎市 公式サイト
313700745928,はるやま医院,4510120407,880-0925,宮崎県,宮崎市大字本郷北方２１０７番地１,,はるやま医院,CODE,G003527,代表,はるやま医院 宮崎市 公式サイト
313700664003,南宮崎ヤマモト腎泌尿器科,4510120175,880-0916,宮崎県,宮崎市大字恒久１３８３番地１,,南宮崎ヤマモト腎泌尿器科,CODE,G003528,代表,南宮崎ヤマモト腎泌尿器科 宮崎市 公式サイト
313656142580,医療法人社団宮崎エー・アール・ティー　ＡＲＴレディスクリニックやまうち,4510118153,880-0812,宮崎県,宮崎市高千穂通２丁目５番５,,宮崎エアルティartレディスクリニックやまうち,CODE,G003529,代表,医療法人社団宮崎エー・アール・ティー ARTレディスクリニックやまうち 宮崎市 公式サイト
313707924179,小池レディスクリニック,4510118666,889-1604,宮崎県,宮崎市清武町船引６３３番地５,,小池レディスクリニック,CODE,G003530,代表,小池レディスクリニック 宮崎市 公式サイト
313663162050,ゆげレディスクリニック,4510120282,880-0805,宮崎県,宮崎市橘通東４丁目８番１号カリーノ宮崎３階,,ゆげレディスクリニック,CODE,G003531,代表,ゆげレディスクリニック 宮崎市 公式サイト
313571675879,社会医療法人慶明会　宮崎中央眼科病院,4510119201,880-0021,宮崎県,宮崎市清水３丁目６番２１号,,慶明会宮崎中央眼科病院,CODE,G003532,代表,社会医療法人慶明会 宮崎中央眼科病院 宮崎市 公式サイト
313707924178,くわばら医院,4510118237,880-0852,宮崎県,宮崎市高洲町２４４番地７７,,くわばら医院,CODE,G003533,代表,くわばら医院 宮崎市 公式サイト
313700782838,ピア・ささき病院,4510117783,880-0211,宮崎県,宮崎市佐土原町下田島２１２３０番地,,ピアささき病院,CODE,G003534,代表,ピア・ささき病院 宮崎市 公式サイト
313700710108,古賀総合病院,4510115043,880-0041,宮崎県,宮崎市池内町数太木１７４９番地１,,古賀総合病院,CODE,G003535,代表,古賀総合病院 宮崎市 公式サイト
313587874503,福永内科小児科クリニック,4510113758,880-0903,宮崎県,宮崎市太田２丁目１番９号,,福永内科小児科クリニック,CODE,G003536,代表,福永内科小児科クリニック 宮崎市 公式サイト
313707874026,医療法人社団仁和会　竹内病院,4510114368,880-0032,宮崎県,宮崎市霧島２丁目２６０番地,,仁和会竹内病院,CODE,G003537,代表,医療法人社団仁和会 竹内病院 宮崎市 公式サイト
313700816587,伊井レディースクリニック,4317210880,861-8039,熊本県,熊本市東区長嶺南５丁目３－２４,,伊井レディスクリニック,CODE,G003538,代表,伊井レディースクリニック 熊本市東区 公式サイト
313700664002,さんさん眼科クリニック,4317410407,861-4206,熊本県,熊本市南区城南町さんさん１丁目１１番地１１号,,さんさん眼科クリニック,CODE,G003539,代表,さんさん眼科クリニック 熊本市南区 公式サイト
313504634608,牟田内科医院,4312811716,861-3207,熊本県,上益城郡御船町御船９３５番地,,牟田内科医院,CODE,G003540,代表,牟田内科医院 上益城郡御船町 公式サイト
313707844312,土居内科循環器科,4510117221,880-0022,宮崎県,宮崎市大橋１丁目６３番１,,土居内科循環器科,CODE,G003541,代表,土居内科循環器科 宮崎市 公式サイト
313700664001,國武整形外科医院,4317410076,861-4101,熊本県,熊本市南区近見６丁目１－３１,,國武整形外科医院,CODE,G003542,代表,國武整形外科医院 熊本市南区 公式サイト
313571675878,あおばクリニック熊本院,4317111013,860-0845,熊本県,熊本市中央区上通町１－２２大進プラザビル３階,,あおばクリニック熊本院,CODE,G003543,代表,あおばクリニック熊本院 熊本市中央区 公式サイト
313663162049,熊本整形外科病院,4317110718,862-0975,熊本県,熊本市中央区新屋敷１丁目１７番１号,,熊本整形外科病院,CODE,G003544,代表,熊本整形外科病院 熊本市中央区 公式サイト
313656142579,武蔵しもむら医院,4312611884,869-1111,熊本県,菊池郡菊陽町武蔵ヶ丘二丁目十番七号,,武蔵しもむら医院,CODE,G003545,代表,武蔵しもむら医院 菊池郡菊陽町 公式サイト
313707874025,小松医院,4312010475,863-1901,熊本県,天草市牛深町１４９８番地２７,,小松医院,CODE,G003546,代表,小松医院 天草市 公式サイト
313561076463,一般社団法人是真会　長崎リハビリテーション病院,4210125458,850-0854,長崎県,長崎市銀屋町４番１１号,,是真会長崎リハビリテション病院,CODE,G003547,代表,一般社団法人是真会 長崎リハビリテーション病院 長崎市 公式サイト
313553855218,椎葉村国民健康保険病院,4512110125,883-1601,宮崎県,東臼杵郡椎葉村大字下福良１７４７番地５,,椎葉村国民健康保険病院,CODE,G003548,代表,椎葉村国民健康保険病院 東臼杵郡椎葉村 公式サイト
313544878825,長倉医院,4511710651,889-1901,宮崎県,北諸県郡三股町樺山３４９１－２,,長倉医院,CODE,G003549,代表,長倉医院 北諸県郡三股町 公式サイト
313544878824,永友クリニック,4512011380,884-0002,宮崎県,児湯郡高鍋町大字北高鍋１００６,,永友クリニック,CODE,G003550,代表,永友クリニック 児湯郡高鍋町 公式サイト
313707807467,あおい在宅診療所,4311910246,861-1102,熊本県,合志市須屋６７２－７,,あおい在宅診療所,CODE,G003551,代表,あおい在宅診療所 合志市 公式サイト
313571675877,えびの第一クリニック,4510910617,889-4301,宮崎県,えびの市大字原田２２３６番地,,えびの第一クリニック,CODE,G003552,代表,えびの第一クリニック えびの市 公式サイト
313707924177,鹿井内科,4311810693,865-0025,熊本県,玉名市高瀬２３３－１,,鹿井内科,CODE,G003553,代表,鹿井内科 玉名市 公式サイト
313707807466,永田皮膚科医院,4311810180,865-0064,熊本県,玉名市中１０２７－６,,永田皮膚科医院,CODE,G003554,代表,永田皮膚科医院 玉名市 公式サイト
313587874502,八代市立坂本診療所,4311711784,869-6105,熊本県,八代市坂本町坂本４１６１番地１,,八代市立坂本診療所,CODE,G003555,代表,八代市立坂本診療所 八代市 公式サイト
313707844311,松村眼科医院,4311711206,869-4203,熊本県,八代市鏡町鏡２１０,,松村眼科医院,CODE,G003556,代表,松村眼科医院 八代市 公式サイト
313656142578,高森会　阿蘇やまなみ病院,4311510012,869-2612,熊本県,阿蘇市一の宮町宮地１１５の１,,高森会阿蘇やまなみ病院,CODE,G003557,代表,高森会 阿蘇やまなみ病院 阿蘇市 公式サイト
313561076462,きむら医院,4311410106,869-0551,熊本県,宇城市不知火町御領７０８－１０,,きむら医院,CODE,G003558,代表,きむら医院 宇城市 公式サイト
313553855217,きくか松岡クリニック,4311310355,861-0422,熊本県,山鹿市菊鹿町宮原８６－４,,きくか松岡クリニック,CODE,G003559,代表,きくか松岡クリニック 山鹿市 公式サイト
313700664000,日向市立東郷診療所,4510611074,883-0102,宮崎県,日向市東郷町山陰丙１４１２番地１,,日向市立東郷診療所,CODE,G003560,代表,日向市立東郷診療所 日向市 公式サイト
313700710107,坂本医院,4311310223,861-0556,熊本県,山鹿市平山５４４２番地１,,坂本医院,CODE,G003561,代表,坂本医院 山鹿市 公式サイト
313700816586,医療法人社団松寿会　松崎医院,4510312228,882-0034,宮崎県,延岡市昭和町１丁目１１番地１,,松寿会松崎医院,CODE,G003562,代表,医療法人社団松寿会 松崎医院 延岡市 公式サイト
313707807465,山中産婦人科医院,4510311410,882-0826,宮崎県,延岡市船倉町１丁目２番地２,,山中産婦人科医院,CODE,G003563,代表,山中産婦人科医院 延岡市 公式サイト
313656142577,なかしま外科・内科,4510119706,880-0904,宮崎県,宮崎市中村東２丁目４－８,,なかしま外科内科,CODE,G003564,代表,なかしま外科・内科 宮崎市 公式サイト
313553855216,いのまた整形外科クリニック,4510213764,885-0084,宮崎県,都城市五十町２２６７－３,,いのまた整形外科クリニック,CODE,G003565,代表,いのまた整形外科クリニック 都城市 公式サイト
313553855215,医療法人清陵会隅病院,4510213103,889-4505,宮崎県,都城市高崎町大牟田１２０４番地,,清陵会隅病院,CODE,G003566,代表,医療法人清陵会隅病院 都城市 公式サイト
313707924176,外山内科神経内科医院,,880-0841,宮崎県,宮崎市吉村町境目甲１５２９番地１,,外山内科神経内科医院,ZIP+NAME,G003567,代表,外山内科神経内科医院 宮崎市 公式サイト
313571675876,中野医院,4510114459,880-0805,宮崎県,宮崎市橘通東４丁目６番１８号,,中野医院,CODE,G003568,代表,中野医院 宮崎市 公式サイト
313504634607,たなか内科,4510116298,880-0044,宮崎県,宮崎市瓜生野２２８７番地５９,,たなか内科,CODE,G003569,代表,たなか内科 宮崎市 公式サイト
313707874024,田迎眼科クリニック,4317410290,862-0963,熊本県,熊本市南区出仲間８丁目１－１０,,田迎眼科クリニック,CODE,G003570,代表,田迎眼科クリニック 熊本市南区 公式サイト
313707844310,国民健康保険天草市立御所浦診療所,4318211457,866-0313,熊本県,天草市御所浦町御所浦２０８１番地１３,,国民健康保険天草市立御所浦診療所,CODE,G003571,代表,国民健康保険天草市立御所浦診療所 天草市 公式サイト
313707807464,国民健康保険天草市立御所浦北診療所,4318211945,866-0303,熊本県,天草市御所浦町横浦７５０－１３,,国民健康保険天草市立御所浦北診療所,CODE,G003572,代表,国民健康保険天草市立御所浦北診療所 天草市 公式サイト
313587874501,高木クリニック　内科・消化器内科,4317510214,861-8084,熊本県,熊本市北区清水岩倉１丁目１－１１,,高木クリニック内科消化器内科,CODE,G003573,代表,高木クリニック 内科・消化器内科 熊本市北区 公式サイト
313700816585,とだか内科クリニック,4317210153,862-0960,熊本県,熊本市東区下江津２丁目１３－５,,とだか内科クリニック,CODE,G003574,代表,とだか内科クリニック 熊本市東区 公式サイト
313587874500,渕上クリニック,4310511003,867-0067,熊本県,水俣市塩浜町２－４７,,渕上クリニック,CODE,G003575,代表,渕上クリニック 水俣市 公式サイト
313700782837,市川内科クリニック,4310510948,867-0023,熊本県,水俣市南福寺３－１,,市川内科クリニック,CODE,G003576,代表,市川内科クリニック 水俣市 公式サイト
313700710106,藤岡医院,4312811039,861-3207,熊本県,上益城郡御船町御船１０６１,,藤岡医院,CODE,G003577,代表,藤岡医院 上益城郡御船町 公式サイト
313663162048,メディメッセ桜十字クリニック,4317110957,860-0833,熊本県,熊本市中央区平成３丁目２３番３０号サンリブシティくまなん３階,,メディメッセ桜十字クリニック,CODE,G003578,代表,メディメッセ桜十字クリニック 熊本市中央区 公式サイト
313561076461,山田内科医院,4317210047,862-0925,熊本県,熊本市東区保田窪本町１６番３５号,,山田内科医院,CODE,G003579,代表,山田内科医院 熊本市東区 公式サイト
313504634606,大津なかしま皮膚科・美容皮膚科,4312612999,869-1234,熊本県,菊池郡大津町引水７２９－１,,大津なかしま皮膚科美容皮膚科,CODE,G003580,代表,大津なかしま皮膚科・美容皮膚科 菊池郡大津町 公式サイト
313707874023,医療法人みなみ眼科,4310311073,868-0015,熊本県,人吉市下城本町１３９４－１,,みなみ眼科,CODE,G003581,代表,医療法人みなみ眼科 人吉市 公式サイト
313707844309,たかひろ整形外科,4312613039,869-1101,熊本県,菊池郡菊陽町大字津久礼１６５－１２,,たかひろ整形外科,CODE,G003582,代表,たかひろ整形外科 菊池郡菊陽町 公式サイト
313700745927,医療法人有働会　有働病院,4310410644,864-0002,熊本県,荒尾市万田４７５の１,,有働会有働病院,CODE,G003583,代表,医療法人有働会 有働病院 荒尾市 公式サイト
313700663999,ひまわり在宅クリニック,4310129129,860-0834,熊本県,熊本市南区江越２丁目１４番２６号,,ひまわり在宅クリニック,CODE,G003584,代表,ひまわり在宅クリニック 熊本市南区 公式サイト
313700782836,高橋医院,4310411352,864-0163,熊本県,荒尾市野原１１５－１,,高橋医院,CODE,G003585,代表,高橋医院 荒尾市 公式サイト
313656142576,中垣胃腸科医院,4310128410,861-0132,熊本県,熊本市北区植木町植木８０,,中垣胃腸科医院,CODE,G003586,代表,中垣胃腸科医院 熊本市北区 公式サイト
313656142575,和水クリニック,4312411319,865-0124,熊本県,玉名郡和水町原口７２９－１,,和水クリニック,CODE,G003587,代表,和水クリニック 玉名郡和水町 公式サイト
313707874022,ながすクリニック,4312411111,869-0123,熊本県,玉名郡長洲町大字長洲１３５４,,ながすクリニック,CODE,G003588,代表,ながすクリニック 玉名郡長洲町 公式サイト
313700782835,森田整形外科医院,4310128402,861-0135,熊本県,熊本市北区植木町一木５９６,,森田整形外科医院,CODE,G003589,代表,森田整形外科医院 熊本市北区 公式サイト
313587874499,やの眼科,4312010913,863-0046,熊本県,天草市亀場町食場後山下７４０,,やの眼科,CODE,G003590,代表,やの眼科 天草市 公式サイト
313571675875,つきで整形外科,4310127958,862-0920,熊本県,熊本市東区月出１丁目３－３,,つきで整形外科,CODE,G003591,代表,つきで整形外科 熊本市東区 公式サイト
313700710105,くらたけ小松医院,4312010616,861-6403,熊本県,天草市倉岳町宮田１１３３－６,,くらたけ小松医院,CODE,G003592,代表,くらたけ小松医院 天草市 公式サイト
313707924175,西原クリニック,4310411576,864-0053,熊本県,荒尾市西原町１丁目４番２４号,,西原クリニック,CODE,G003593,代表,西原クリニック 荒尾市 公式サイト
313707924174,郷胃腸科内科クリニック,4311610366,861-1212,熊本県,菊池市泗水町豊水３７３８－１,,郷胃腸科内科クリニック,CODE,G003594,代表,郷胃腸科内科クリニック 菊池市 公式サイト
313707844308,やまもと内科・心療内科,4310127776,862-0952,熊本県,熊本市東区京塚本町１番８号,,やまもと内科心療内科,CODE,G003595,代表,やまもと内科・心療内科 熊本市東区 公式サイト
313587874498,長谷川整形外科医院,4311711511,866-0893,熊本県,八代市海士江町２９１３番地,,長谷川整形外科医院,CODE,G003596,代表,長谷川整形外科医院 八代市 公式サイト
313571675874,水本整形外科・内科クリニック,4310126620,862-0949,熊本県,熊本市中央区国府２－１７－３４,,水本整形外科内科クリニック,CODE,G003597,代表,水本整形外科・内科クリニック 熊本市中央区 公式サイト
313707844307,とみあい内科クリニック,4310128782,861-4152,熊本県,熊本市南区富合町新４２４－３,,とみあい内科クリニック,CODE,G003598,代表,とみあい内科クリニック 熊本市南区 公式サイト
313700816582,うちの産婦人科,4310124765,861-4113,熊本県,熊本市南区八幡５丁目１０番１２号,,うちの産婦人科,CODE,G003599,代表,うちの産婦人科 熊本市南区 公式サイト
313700782834,平成こどもクリニック,4310127685,860-0833,熊本県,熊本市中央区平成２－１５－７,,平成こどもクリニック,CODE,G003600,代表,平成こどもクリニック 熊本市中央区 公式サイト
313656142574,なかがわ内科クリニック,4310126125,860-0046,熊本県,熊本市中央区横手１－８－５,,なかがわ内科クリニック,CODE,G003601,代表,なかがわ内科クリニック 熊本市中央区 公式サイト
313700816584,ほんだ耳鼻咽喉科医院,4310127354,861-8028,熊本県,熊本市東区新南部３－１－５,,ほんだ耳鼻咽喉科医院,CODE,G003602,代表,ほんだ耳鼻咽喉科医院 熊本市東区 公式サイト
313700816583,末次内科,4310125986,860-0061,熊本県,熊本市西区上高橋２丁目１３－６,,末次内科,CODE,G003603,代表,末次内科 熊本市西区 公式サイト
313707807463,御幸病院,4310119625,861-4172,熊本県,熊本市南区御幸笛田６ー７ー４０,,御幸病院,CODE,G003604,代表,御幸病院 熊本市南区 公式サイト
313700745926,木下耳鼻咽喉科医院,4310123791,861-8066,熊本県,熊本市北区清水亀井町１９－１４,,木下耳鼻咽喉科医院,CODE,G003605,代表,木下耳鼻咽喉科医院 熊本市北区 公式サイト
313553855214,アクアつかさクリニック,4310125846,861-5517,熊本県,熊本市北区鶴羽田１丁目１４番１号,,アクアつかさクリニック,CODE,G003606,代表,アクアつかさクリニック 熊本市北区 公式サイト
313504634605,原口胃腸科内科クリニック,4310124153,862-0962,熊本県,熊本市南区田迎４－８－１２,,原口胃腸科内科クリニック,CODE,G003607,代表,原口胃腸科内科クリニック 熊本市南区 公式サイト
313571675873,さとう胃腸内科クリニック,4310122850,861-5516,熊本県,熊本市北区西梶尾町４５２ー３,,さとう胃腸内科クリニック,CODE,G003608,代表,さとう胃腸内科クリニック 熊本市北区 公式サイト
313663162047,ヤマサキ胃腸科クリニック,4310122264,862-0968,熊本県,熊本市南区馬渡２－１２－２１,,ヤマサキ胃腸科クリニック,CODE,G003609,代表,ヤマサキ胃腸科クリニック 熊本市南区 公式サイト
313544878823,日隈眼科医院,4310119740,860-0017,熊本県,熊本市中央区練兵町５６,,日隈眼科医院,CODE,G003610,代表,日隈眼科医院 熊本市中央区 公式サイト
313587874497,大島郡医師会病院,4614210070,894-0046,鹿児島県,奄美市名瀬小宿字苗代田３４１１,,大島郡医師会病院,CODE,G003611,代表,大島郡医師会病院 奄美市 公式サイト
313663162046,大迫クリニック,4614010504,897-1301,鹿児島県,南さつま市笠沙町片浦１２８５－１,,大迫クリニック,CODE,G003612,代表,大迫クリニック 南さつま市 公式サイト
313656142573,川平内科,4614310060,891-0704,鹿児島県,南九州市頴娃町別府７０５９,,川平内科,CODE,G003613,代表,川平内科 南九州市 公式サイト
313707807462,真愛クリニック,4614010231,897-0031,鹿児島県,南さつま市加世田東本町７番４,,真愛クリニック,CODE,G003614,代表,真愛クリニック 南さつま市 公式サイト
313700816581,鹿児島県精神保健福祉センター,4616110377,890-0021,鹿児島県,鹿児島市小野１丁目１番１号,,鹿児島県精神保健福祉センタ,CODE,G003615,代表,鹿児島県精神保健福祉センター 鹿児島市 公式サイト
313700745925,医療法人　尚人会　阿多病院,4614010348,899-3512,鹿児島県,南さつま市金峰町花瀬１９２９,,尚人会阿多病院,CODE,G003616,代表,医療法人 尚人会 阿多病院 南さつま市 公式サイト
313561076459,鹿児島市北部保健センター,4616110393,892-0871,鹿児島県,鹿児島市吉野町３２７５番地３,,鹿児島市北部保健センタ,CODE,G003617,代表,鹿児島市北部保健センター 鹿児島市 公式サイト
313700710104,吉川医院,4613011362,893-1206,鹿児島県,肝属郡肝付町前田８６３番地１,,吉川医院,CODE,G003618,代表,吉川医院 肝属郡肝付町 公式サイト
313656142572,南さつま市立坊津病院,4614010272,898-0102,鹿児島県,南さつま市坊津町泊１９,,南さつま市立坊津病院,CODE,G003619,代表,南さつま市立坊津病院 南さつま市 公式サイト
313561076460,徳久整形外科,4614010140,897-0007,鹿児島県,南さつま市加世田白亀１２８５番地１,,徳久整形外科,CODE,G003620,代表,徳久整形外科 南さつま市 公式サイト
313544878822,やなせ整形外科,4614510529,899-5652,鹿児島県,姶良市平松２９５５番地３,,やなせ整形外科,CODE,G003621,代表,やなせ整形外科 姶良市 公式サイト
313700663997,はるびゅうクリニック,4612911240,899-8313,鹿児島県,曽於郡大崎町野方６０４５番地１,,はるびゅうクリニック,CODE,G003622,代表,はるびゅうクリニック 曽於郡大崎町 公式サイト
313707874021,瀬戸内徳洲会病院,4613211384,894-1508,鹿児島県,大島郡瀬戸内町古仁屋字トンキャン原１３５８ー１,,瀬戸内徳洲会病院,CODE,G003623,代表,瀬戸内徳洲会病院 大島郡瀬戸内町 公式サイト
313700816580,日当山温泉東洋医学クリニック,4611910573,899-5111,鹿児島県,霧島市隼人町姫城三丁目８６番地,,日当山温泉東洋医学クリニック,CODE,G003624,代表,日当山温泉東洋医学クリニック 霧島市 公式サイト
313700663998,まえかわクリニック,4611710288,899-4101,鹿児島県,曽於市財部町南俣１８２番地１,,まえかわクリニック,CODE,G003625,代表,まえかわクリニック 曽於市 公式サイト
313707874020,医療法人 恵迪舎会吉満内科クリニック,4611911050,899-5112,鹿児島県,霧島市隼人町松永３３０６－１,,恵迪舎会吉満内科クリニック,CODE,G003626,代表,医療法人 恵迪舎会吉満内科クリニック 霧島市 公式サイト
313553855213,青葉クリニック,4611910375,899-4305,鹿児島県,霧島市国分郡田７２１番地４,,青葉クリニック,CODE,G003627,代表,青葉クリニック 霧島市 公式サイト
313700816579,ひなたやま整形外科,4611910995,899-5111,鹿児島県,霧島市隼人町姫城３丁目１６５番地,,ひなたやま整形外科,CODE,G003628,代表,ひなたやま整形外科 霧島市 公式サイト
313700710103,原口外科,4611911084,899-5106,鹿児島県,霧島市隼人町内山田１丁目２番２８号,,原口外科,CODE,G003629,代表,原口外科 霧島市 公式サイト
313700663996,医療法人　松城会　隼人温泉病院,4611910508,899-5111,鹿児島県,霧島市隼人町姫城一丁目２６４番地２,,松城会隼人温泉病院,CODE,G003630,代表,医療法人 松城会 隼人温泉病院 霧島市 公式サイト
313544878821,帖佐クリニック,4611910391,899-4322,鹿児島県,霧島市国分福島三丁目５番２０号,,帖佐クリニック,CODE,G003631,代表,帖佐クリニック 霧島市 公式サイト
313707924173,あないクリニック,4611710130,899-4101,鹿児島県,曽於市財部町南俣１７０５番地７,,あないクリニック,CODE,G003632,代表,あないクリニック 曽於市 公式サイト
313561076458,野口　クリニック,4611610223,899-2504,鹿児島県,日置市伊集院町郡１０９７番,,野口クリニック,CODE,G003633,代表,野口 クリニック 日置市 公式サイト
313553855212,高江記念病院,4611511314,895-0005,鹿児島県,薩摩川内市永利町２５０４番１,,高江記念病院,CODE,G003634,代表,高江記念病院 薩摩川内市 公式サイト
313700745924,キッズクリニック,4610810808,899-0206,鹿児島県,出水市向江町１９番２４号,,キッズクリニック,CODE,G003635,代表,キッズクリニック 出水市 公式サイト
313700816578,鹿屋眼科,4610312227,893-0013,鹿児島県,鹿屋市札元２丁目３６９２－４,,鹿屋眼科,CODE,G003636,代表,鹿屋眼科 鹿屋市 公式サイト
313700663995,にのみやこどもクリニック,4610810568,899-0205,鹿児島県,出水市本町４－４５,,にのみやこどもクリニック,CODE,G003637,代表,にのみやこどもクリニック 出水市 公式サイト
313663162045,おおうら皮ふ科,4610312045,893-0067,鹿児島県,鹿屋市大浦町１３９９２－１,,おおうら皮ふ科,CODE,G003638,代表,おおうら皮ふ科 鹿屋市 公式サイト
313504634604,おうち透析クリニック宇宿,4610128896,890-0073,鹿児島県,鹿児島市宇宿８丁目９番１号,,おうち透析クリニック宇宿,CODE,G003639,代表,おうち透析クリニック宇宿 鹿児島市 公式サイト
313587874496,おばま医院,4610311989,893-0014,鹿児島県,鹿屋市寿２丁目２番１号,,おばま医院,CODE,G003640,代表,おばま医院 鹿屋市 公式サイト
313707807461,かわかみこどもクリニック,4610128458,890-0055,鹿児島県,鹿児島市上荒田町２９番２３号３階,,かわかみこどもクリニック,CODE,G003641,代表,かわかみこどもクリニック 鹿児島市 公式サイト
313504634603,井上眼科,4610311526,893-0013,鹿児島県,鹿屋市札元１ー６ー２３,,井上眼科,CODE,G003642,代表,井上眼科 鹿屋市 公式サイト
313707807460,園田クリニック,4610310841,893-0022,鹿児島県,鹿屋市旭原町３６２７－４,,園田クリニック,CODE,G003643,代表,園田クリニック 鹿屋市 公式サイト
313656142571,スリジエこころのクリニック,4610128367,890-0073,鹿児島県,鹿児島市宇宿三丁目３２番５号,,スリジエこころのクリニック,CODE,G003644,代表,スリジエこころのクリニック 鹿児島市 公式サイト
313700816577,鹿児島厚生連病院,4610127393,890-0062,鹿児島県,鹿児島市与次郎一丁目１３番１号,,鹿児島病院,CODE,G003645,代表,鹿児島厚生連病院 鹿児島市 公式サイト
313544878820,吉満・鈴木耳鼻咽喉科,4610125652,892-0817,鹿児島県,鹿児島市小川町１－４,,吉満鈴木耳鼻咽喉科,CODE,G003646,代表,吉満・鈴木耳鼻咽喉科 鹿児島市 公式サイト
313707924172,ことといクリニック,4610128847,890-0067,鹿児島県,鹿児島市真砂本町１３番３,,ことといクリニック,CODE,G003647,代表,ことといクリニック 鹿児島市 公式サイト
313700745923,東開町眼科,4610128920,891-0115,鹿児島県,鹿児島市東開町７番地（イオン３Ｆ）,,東開町眼科,CODE,G003648,代表,東開町眼科 鹿児島市 公式サイト
313656142570,今村小児科アレルギー科,4610127260,890-0073,鹿児島県,鹿児島市宇宿一丁目２６番２０号,,今村小児科アレルギ科,CODE,G003649,代表,今村小児科アレルギー科 鹿児島市 公式サイト
313571675872,おおぞのクリニック,4610128177,899-2704,鹿児島県,鹿児島市春山町１０６２－１,,おおぞのクリニック,CODE,G003650,代表,おおぞのクリニック 鹿児島市 公式サイト
313571675871,片平皮膚泌尿器科,4610123343,890-0063,鹿児島県,鹿児島市鴨池一丁目１０番７号,,片平皮膚泌尿器科,CODE,G003651,代表,片平皮膚泌尿器科 鹿児島市 公式サイト
313700816576,高見馬場山口クリニック,4610126171,892-0847,鹿児島県,鹿児島市西千石町１６番１６号２Ｆ,,高見馬場山口クリニック,CODE,G003652,代表,高見馬場山口クリニック 鹿児島市 公式サイト
313700782833,平川外科内科医院,4610124622,890-0067,鹿児島県,鹿児島市真砂本町３番７８号,,平川外科内科医院,CODE,G003653,代表,平川外科内科医院 鹿児島市 公式サイト
313700782832,野間口クリニック,4610125603,892-0817,鹿児島県,鹿児島市小川町２２番６号プランドール小川町３Ｆ,,野間口クリニック,CODE,G003654,代表,野間口クリニック 鹿児島市 公式サイト
313707874019,医療法人　康成会　植村病院,4610111199,890-0014,鹿児島県,鹿児島市草牟田一丁目４－７,,康成会植村病院,CODE,G003655,代表,医療法人 康成会 植村病院 鹿児島市 公式サイト
313707844306,前田内科消化器科,4610119911,892-0816,鹿児島県,鹿児島市山下町１２番２７号,,前田内科消化器科,CODE,G003656,代表,前田内科消化器科 鹿児島市 公式サイト
313700816575,﨑元病院,4610117469,892-0842,鹿児島県,鹿児島市東千石町４番１３号,,﨑元病院,CODE,G003657,代表,﨑元病院 鹿児島市 公式サイト
313700816574,こくらアレルギークリニック,4017911340,802-0003,福岡県,福岡県北九州市小倉北区米町２－２－１新小倉ビル２Ｆ,,こくらアレルギクリニック,CODE,G003658,代表,こくらアレルギークリニック 福岡県北九州市小倉北区 公式サイト
313707844305,生活支援センターえがお附設えがおクリニック,4610127708,891-0141,鹿児島県,鹿児島市谷山中央八丁目２３番１５号,,生活支援センタえがお附設えがおクリニック,CODE,G003659,代表,生活支援センターえがお附設えがおクリニック 鹿児島市 公式サイト
313707924171,山口浩士クリニック内科・循環器内科,4610126536,892-0828,鹿児島県,鹿児島市金生町２番１５号ＭＢＣ開発金生ビル２階,,山口浩士クリニック内科循環器内科,CODE,G003660,代表,山口浩士クリニック内科・循環器内科 鹿児島市 公式サイト
313656142569,ヘルスサポートセンター鹿児島,4610120810,891-0115,鹿児島県,鹿児島市東開町４ー９６,,ヘルスサポトセンタ鹿児島,CODE,G003661,代表,ヘルスサポートセンター鹿児島 鹿児島市 公式サイト
313587874495,上山病院,4610125181,890-0073,鹿児島県,鹿児島市宇宿３丁目１７番６号,,上山病院,CODE,G003662,代表,上山病院 鹿児島市 公式サイト
313707874018,ふじわら眼科,4610120794,890-0014,鹿児島県,鹿児島市草牟田２丁目７番１７号,,ふじわら眼科,CODE,G003663,代表,ふじわら眼科 鹿児島市 公式サイト
313656142568,富村　整形外科,4610120083,890-0024,鹿児島県,鹿児島市明和４丁目１３番６号,,富村整形外科,CODE,G003664,代表,富村 整形外科 鹿児島市 公式サイト
313587874494,ひわきクリニック,4017911811,802-0001,福岡県,福岡県北九州市小倉北区浅野２－１４－６５,,ひわきクリニック,CODE,G003665,代表,ひわきクリニック 福岡県北九州市小倉北区 公式サイト
313700745922,医療法人　松田耳鼻咽喉科,4017810781,800-0224,福岡県,福岡県北九州市小倉南区東貫２丁目２番９号,,松田耳鼻咽喉科,CODE,G003666,代表,医療法人 松田耳鼻咽喉科 福岡県北九州市小倉南区 公式サイト
313587874493,小倉到津病院,4017910219,803-0846,福岡県,福岡県北九州市小倉北区下到津５丁目１０番３１号,,小倉到津病院,CODE,G003667,代表,小倉到津病院 福岡県北九州市小倉北区 公式サイト
313707807459,医療法人　田辺内科小児科医院,4017719958,802-0981,福岡県,福岡県北九州市小倉南区企救丘４－７－２,,田辺内科小児科医院,CODE,G003668,代表,医療法人 田辺内科小児科医院 福岡県北九州市小倉南区 公式サイト
313707924170,医療法人成田医院,4017619315,800-0112,福岡県,福岡県北九州市門司区大字畑２１２７－１,,成田医院,CODE,G003669,代表,医療法人成田医院 福岡県北九州市門司区 公式サイト
313700816573,医療法人　加生医院,4017718513,802-0056,福岡県,福岡県北九州市小倉北区黒住町２４番８号,,加生医院,CODE,G003670,代表,医療法人 加生医院 福岡県北九州市小倉北区 公式サイト
313707844304,医療法人　さがら耳鼻咽喉科医院,4017619786,801-0873,福岡県,福岡県北九州市門司区東門司一丁目１番１７号,,さがら耳鼻咽喉科医院,CODE,G003671,代表,医療法人 さがら耳鼻咽喉科医院 福岡県北九州市門司区 公式サイト
313700816572,医療法人碧水会　門司田野浦病院,4017619125,801-0803,福岡県,福岡県北九州市門司区大字田野浦１０１８の１,,碧水会門司田野浦病院,CODE,G003672,代表,医療法人碧水会 門司田野浦病院 福岡県北九州市門司区 公式サイト
313707874017,医療法人社団　翠会　行橋記念病院,4017519044,824-0033,福岡県,福岡県行橋市北泉３丁目１１－１,,翠会行橋記念病院,CODE,G003673,代表,医療法人社団 翠会 行橋記念病院 福岡県行橋市 公式サイト
313707844303,荒木医院,4016711568,807-1101,福岡県,北九州市八幡西区上香月一丁目４番８号,,荒木医院,CODE,G003674,代表,荒木医院 北九州市八幡西区 公式サイト
313587874492,三浦眼科クリニック,4017410749,828-0028,福岡県,福岡県豊前市青豊１９－９,,三浦眼科クリニック,CODE,G003675,代表,三浦眼科クリニック 福岡県豊前市 公式サイト
313656142567,香西洋クリニック,4016615850,806-0021,福岡県,福岡県北九州市八幡西区黒崎４丁目１－５,,香西洋クリニック,CODE,G003676,代表,香西洋クリニック 福岡県北九州市八幡西区 公式サイト
313700663994,医療法人　沖重医院,4016619563,805-0017,福岡県,福岡県北九州市八幡東区山王一丁目１７番１３号,,沖重医院,CODE,G003677,代表,医療法人 沖重医院 福岡県北九州市八幡東区 公式サイト
313553855211,医療法人　上の原クリニック,4016618961,807-0071,福岡県,福岡県北九州市八幡西区上の原３丁目２８番１１号,,上の原クリニック,CODE,G003678,代表,医療法人 上の原クリニック 福岡県北九州市八幡西区 公式サイト
313544878819,黒崎整形外科・永犬丸クリニック,4016711527,807-0852,福岡県,北九州市八幡西区永犬丸西町３丁目１６－１,,黒崎整形外科永犬丸クリニック,CODE,G003679,代表,黒崎整形外科・永犬丸クリニック 北九州市八幡西区 公式サイト
313707807458,医療法人　河本整形外科医院,4016616437,807-0824,福岡県,福岡県北九州市八幡西区光明２丁目５ー２３,,河本整形外科医院,CODE,G003680,代表,医療法人 河本整形外科医院 福岡県北九州市八幡西区 公式サイト
313707807457,日高クリニック,4016618938,806-0021,福岡県,福岡県北九州市八幡西区黒崎１丁目５番７号,,日高クリニック,CODE,G003681,代表,日高クリニック 福岡県北九州市八幡西区 公式サイト
313707807456,医療法人　三木クリニック,4016519383,808-0053,福岡県,福岡県北九州市若松区修多羅２丁目１番３号,,三木クリニック,CODE,G003682,代表,医療法人 三木クリニック 福岡県北九州市若松区 公式サイト
313663162044,コールメディカルクリニック若松,4016519615,808-0142,福岡県,北九州市若松区青葉台南二丁目１６－２,,コルメディカルクリニック若松,CODE,G003683,代表,コールメディカルクリニック若松 北九州市若松区 公式サイト
313700816571,大野耳鼻咽喉科医院,4016411540,804-0013,福岡県,福岡県北九州市戸畑区境川２－１５－４,,大野耳鼻咽喉科医院,CODE,G003684,代表,大野耳鼻咽喉科医院 福岡県北九州市戸畑区 公式サイト
313700816570,医療法人本田産婦人科クリニック,4016419519,804-0021,福岡県,北九州市戸畑区一枝二丁目１番１６号,,本田産婦人科クリニック,CODE,G003685,代表,医療法人本田産婦人科クリニック 北九州市戸畑区 公式サイト
313707924169,徳永眼科医院,4016119234,811-4218,福岡県,福岡県遠賀郡岡垣町中央台３丁目１番６号,,徳永眼科医院,CODE,G003686,代表,徳永眼科医院 福岡県遠賀郡岡垣町 公式サイト
313707874016,かくたクリニック,4016111579,811-4305,福岡県,遠賀郡遠賀町松の本２－１９－２５,,かくたクリニック,CODE,G003687,代表,かくたクリニック 遠賀郡遠賀町 公式サイト
313700782831,福井クリニック,4015611397,826-0022,福岡県,福岡県田川市本町１４－２９,,福井クリニック,CODE,G003688,代表,福井クリニック 福岡県田川市 公式サイト
313561076457,医療法人　くわの内科・小児科医院,4015619408,825-0002,福岡県,福岡県田川市大字伊田２７１４番地の８,,くわの内科小児科医院,CODE,G003689,代表,医療法人 くわの内科・小児科医院 福岡県田川市 公式サイト
313553855210,升永医院,4014419933,837-0916,福岡県,福岡県大牟田市大字田隈２５,,升永医院,CODE,G003690,代表,升永医院 福岡県大牟田市 公式サイト
313707807455,児嶋病院,4015519541,820-0045,福岡県,飯塚市花瀬８７番地１,,児嶋病院,CODE,G003691,代表,児嶋病院 飯塚市 公式サイト
313700745921,医療法人　おおもり皮ふ科クリニック,4015419353,822-0001,福岡県,福岡県直方市大字感田字井牟田１９３０ー１,,おおもり皮ふ科クリニック,CODE,G003692,代表,医療法人 おおもり皮ふ科クリニック 福岡県直方市 公式サイト
313700710102,坂西医院　内科・小児科,4014429502,836-0862,福岡県,大牟田市原山町２番地８,,坂西医院内科小児科,CODE,G003693,代表,坂西医院 内科・小児科 大牟田市 公式サイト
313553855209,医療法人新光園　英彦山病院,4015319124,824-0603,福岡県,福岡県田川郡添田町大字中元寺８４４の１４,,新光園英彦山病院,CODE,G003694,代表,医療法人新光園 英彦山病院 福岡県田川郡添田町 公式サイト
313544878818,飯塚記念病院,4015519095,820-0014,福岡県,福岡県飯塚市鶴三緒１４５２番地２,,飯塚記念病院,CODE,G003695,代表,飯塚記念病院 福岡県飯塚市 公式サイト
313656142566,ヨコクラ病院,4014219424,839-0295,福岡県,福岡県みやま市高田町濃施４８０番地２,,ヨコクラ病院,CODE,G003696,代表,ヨコクラ病院 福岡県みやま市 公式サイト
313707874015,おかだ整形外科　スポーツ・リハビリ　クリニック,4012712925,830-0037,福岡県,久留米市諏訪野町２７７２番地１,,おかだ整形外科スポツリハビリクリニック,CODE,G003697,代表,おかだ整形外科 スポーツ・リハビリ クリニック 久留米市 公式サイト
313707924168,蓮田医院,4014419313,836-0065,福岡県,福岡県大牟田市三川町１丁目２５－１,,蓮田医院,CODE,G003698,代表,蓮田医院 福岡県大牟田市 公式サイト
313700745920,えだみつクリニック,4014414157,836-0814,福岡県,福岡県大牟田市龍湖瀬町８－３７,,えだみつクリニック,CODE,G003699,代表,えだみつクリニック 福岡県大牟田市 公式サイト
313700710101,くにさき内科・胃腸科医院,4014419693,836-0845,福岡県,福岡県大牟田市正山町１１７番地の２,,くにさき内科胃腸科医院,CODE,G003700,代表,くにさき内科・胃腸科医院 福岡県大牟田市 公式サイト
313587874491,医療法人　松岡医院,4014419495,837-0915,福岡県,福岡県大牟田市大字久福木４２９,,松岡医院,CODE,G003701,代表,医療法人 松岡医院 福岡県大牟田市 公式サイト
313561076456,川崎耳鼻咽喉科医院,,832-0013,福岡県,福岡県柳川市上町５１－１,,川崎耳鼻咽喉科医院,ZIP+NAME,G003702,代表,川崎耳鼻咽喉科医院 福岡県柳川市 公式サイト
313504634602,西内科循環器科医院,4014414173,837-0925,福岡県,福岡県大牟田市大字白川１－４０,,西内科循環器科医院,CODE,G003703,代表,西内科循環器科医院 福岡県大牟田市 公式サイト
313700745919,医療法人　聖和クリニック,4017718547,802-0971,福岡県,福岡県北九州市小倉南区守恒本町二丁目１９番１号,,聖和クリニック,CODE,G003704,代表,医療法人 聖和クリニック 福岡県北九州市小倉南区 公式サイト
313561076455,医療法人　日新会　稲永病院,4013119120,838-0802,福岡県,福岡県朝倉郡筑前町久光１２６４,,日新会稲永病院,CODE,G003705,代表,医療法人 日新会 稲永病院 福岡県朝倉郡筑前町 公式サイト
313707874014,慈恵曽根病院,4017719362,800-0208,福岡県,福岡県北九州市小倉南区沼本町四丁目２－１９,,慈恵曽根病院,CODE,G003706,代表,慈恵曽根病院 福岡県北九州市小倉南区 公式サイト
313700782830,まつもと整形外科,4012712859,830-0072,福岡県,久留米市安武町安武本３３３３－３,,まつもと整形外科,CODE,G003707,代表,まつもと整形外科 久留米市 公式サイト
313587874490,医療法人成映会　たかぼうクリニック,4017717465,802-0053,福岡県,福岡県北九州市小倉北区高坊２丁目８－３３,,成映会たかぼうクリニック,CODE,G003708,代表,医療法人成映会 たかぼうクリニック 福岡県北九州市小倉北区 公式サイト
313561076454,久米内科クリニック,4017718794,803-0844,福岡県,福岡県北九州市小倉北区真鶴１－３－２３,,久米内科クリニック,CODE,G003709,代表,久米内科クリニック 福岡県北九州市小倉北区 公式サイト
313553855208,医療法人　はいしクリニック,4017619836,800-0025,福岡県,福岡県北九州市門司区柳町２丁目１番２４号馬場ビル５Ｆ,,はいしクリニック,CODE,G003710,代表,医療法人 はいしクリニック 福岡県北九州市門司区 公式サイト
313544878817,医療法人　沖田クリニック,4017719941,802-0974,福岡県,福岡県北九州市小倉南区徳力１丁目１０番３号,,沖田クリニック,CODE,G003711,代表,医療法人 沖田クリニック 福岡県北九州市小倉南区 公式サイト
313707844302,王クリニック,4016711592,806-0047,福岡県,北九州市八幡西区鷹の巣一丁目１８番９号鷹ノ巣中央ビル５０２,,王クリニック,CODE,G003712,代表,王クリニック 北九州市八幡西区 公式サイト
313707844301,医療法人森和会　行橋中央病院,4017519283,824-0031,福岡県,福岡県行橋市西宮市５丁目５番４２号,,森和会行橋中央病院,CODE,G003713,代表,医療法人森和会 行橋中央病院 福岡県行橋市 公式サイト
313587873529,安田クリニック,4012311066,833-0053,福岡県,福岡県筑後市大字西牟田字城崎３６７１番１１,,安田クリニック,CODE,G003714,代表,安田クリニック 福岡県筑後市 公式サイト
313707874013,迎甲状腺クリニック,4012712438,830-0011,福岡県,久留米市旭町５５番２,,迎甲状腺クリニック,CODE,G003715,代表,迎甲状腺クリニック 久留米市 公式サイト
313504634601,北九州整形外科・手の外科クリニック,4016711428,807-0856,福岡県,北九州市八幡西区八枝五丁目４番１１号メディカルタウン永犬丸２階,,北九州整形外科手の外科クリニック,CODE,G003716,代表,北九州整形外科・手の外科クリニック 北九州市八幡西区 公式サイト
313700815609,医療法人　大塚産婦人科クリニック,4016619993,807-0803,福岡県,福岡県北九州市八幡西区千代ケ崎２丁目２－１２,,大塚産婦人科クリニック,CODE,G003717,代表,医療法人 大塚産婦人科クリニック 福岡県北九州市八幡西区 公式サイト
313707924167,北九州市立門司休日急患診療所,4017619158,800-0005,福岡県,福岡県北九州市門司区羽山一丁目１番２４号,,北九州市立門司休日急患診療所,CODE,G003718,代表,北九州市立門司休日急患診療所 福岡県北九州市門司区 公式サイト
313707924166,こうゆうファミリークリニック,4016419477,804-0092,福岡県,北九州市戸畑区小芝１丁目１番３２号,,こうゆうファミリクリニック,CODE,G003719,代表,こうゆうファミリークリニック 北九州市戸畑区 公式サイト
313707807454,産業医科大学若松病院,4016519540,808-0024,福岡県,福岡県北九州市若松区浜町１丁目１７番１号,,産業医科大学若松病院,CODE,G003720,代表,産業医科大学若松病院 福岡県北九州市若松区 公式サイト
313700815608,医療法人　金澤整形外科クリニック,4015519244,820-0066,福岡県,福岡県飯塚市幸袋４９８番地１,,金澤整形外科クリニック,CODE,G003721,代表,医療法人 金澤整形外科クリニック 福岡県飯塚市 公式サイト
313700663033,医療法人　元木皮ふ科クリニック,4016119515,811-4305,福岡県,福岡県遠賀郡遠賀町松の本５丁目１番１０号,,元木皮ふ科クリニック,CODE,G003722,代表,医療法人 元木皮ふ科クリニック 福岡県遠賀郡遠賀町 公式サイト
313700663032,医療法人　青栁医院,4015219233,820-0607,福岡県,福岡県嘉穂郡桂川町大字土師２４３１－３,,青栁医院,CODE,G003723,代表,医療法人 青栁医院 福岡県嘉穂郡桂川町 公式サイト
313700663031,高倉クリニック,4016119358,811-4235,福岡県,福岡県遠賀郡岡垣町公園通り一丁目７番１号,,高倉クリニック,CODE,G003724,代表,高倉クリニック 福岡県遠賀郡岡垣町 公式サイト
313656142565,医療法人　中本ゆき内科クリニック,4016617898,807-0874,福岡県,福岡県北九州市八幡西区大浦１丁目１２番２５号,,中本ゆき内科クリニック,CODE,G003725,代表,医療法人 中本ゆき内科クリニック 福岡県北九州市八幡西区 公式サイト
313504634600,医療法人　飯塚恵仁会　たていわ病院,4015519012,820-0003,福岡県,福岡県飯塚市立岩１７２５番地,,飯塚恵仁会たていわ病院,CODE,G003726,代表,医療法人 飯塚恵仁会 たていわ病院 福岡県飯塚市 公式サイト
313504634599,医療法人　つつみこどもクリニック,4016618623,807-0856,福岡県,福岡県北九州市八幡西区八枝３－９－３０,,つつみこどもクリニック,CODE,G003727,代表,医療法人 つつみこどもクリニック 福岡県北九州市八幡西区 公式サイト
313707924165,一番街総合診療所,4012711687,830-0032,福岡県,福岡県久留米市東町２５－３０ＭＹＭ１ｓｔ　ＳＴＡＧＥ　２階,,一番街総合診療所,CODE,G003728,代表,一番街総合診療所 福岡県久留米市 公式サイト
313700782829,社会医療法人　陽明会　小波瀬病院,4017319072,800-0344,福岡県,福岡県京都郡苅田町大字新津１５９８,,陽明会小波瀬病院,CODE,G003729,代表,社会医療法人 陽明会 小波瀬病院 福岡県京都郡苅田町 公式サイト
313700782828,サカイダクリニック,4017519341,824-0008,福岡県,福岡県行橋市宮市町２番２０号,,サカイダクリニック,CODE,G003730,代表,サカイダクリニック 福岡県行橋市 公式サイト
313700745918,ごとうクリニック,4017612633,800-0028,福岡県,福岡県北九州市門司区下二十町２番３０号－２,,ごとうクリニック,CODE,G003731,代表,ごとうクリニック 福岡県北九州市門司区 公式サイト
313663162043,医療法人　池園医院,4016419196,804-0011,福岡県,福岡県北九州市戸畑区中原西三丁目２番１０号,,池園医院,CODE,G003732,代表,医療法人 池園医院 福岡県北九州市戸畑区 公式サイト
313571675870,原口医院,4012710333,830-0207,福岡県,福岡県久留米市城島町城島３３－２,,原口医院,CODE,G003733,代表,原口医院 福岡県久留米市 公式サイト
313707807453,医療法人　広瀬眼科医院,4012619252,838-0144,福岡県,福岡県小郡市祗園一丁目１５番地の１０,,広瀬眼科医院,CODE,G003734,代表,医療法人 広瀬眼科医院 福岡県小郡市 公式サイト
313700815607,医療法人　倉重こどもクリニック,4016617369,806-0047,福岡県,福岡県北九州市八幡西区鷹ノ巣二丁目１３番９号１階,,倉重こどもクリニック,CODE,G003735,代表,医療法人 倉重こどもクリニック 福岡県北九州市八幡西区 公式サイト
313700815606,医療法人藤誠会　後藤クリニック,4016419329,804-0081,福岡県,福岡県北九州市戸畑区千防１丁目１番２０号－１０１,,藤誠会後藤クリニック,CODE,G003736,代表,医療法人藤誠会 後藤クリニック 福岡県北九州市戸畑区 公式サイト
313700710100,三橋長田医院,4014319356,832-0823,福岡県,柳川市三橋町今古賀２１０－２,,三橋長田医院,CODE,G003737,代表,三橋長田医院 柳川市 公式サイト
313663162042,安岡医院,4012411213,838-0051,福岡県,朝倉市小田８９６番地１,,安岡医院,CODE,G003738,代表,安岡医院 朝倉市 公式サイト
313663161081,大城診療所,4012710267,830-1124,福岡県,福岡県久留米市北野町乙吉２番地,,大城診療所,CODE,G003739,代表,大城診療所 福岡県久留米市 公式サイト
313587873528,芳野病院,4016519490,808-0034,福岡県,福岡県北九州市若松区本町二丁目１５番６号,,芳野病院,CODE,G003740,代表,芳野病院 福岡県北九州市若松区 公式サイト
313571675869,医療法人　完光会　今野病院,4014419339,836-0874,福岡県,福岡県大牟田市末広町５－２,,完光会今野病院,CODE,G003741,代表,医療法人 完光会 今野病院 福岡県大牟田市 公式サイト
313561076453,末吉小児科内科医院,4014414223,836-0073,福岡県,福岡県大牟田市船津町４３９－１,,末吉小児科内科医院,CODE,G003742,代表,末吉小児科内科医院 福岡県大牟田市 公式サイト
313700710099,医療法人ＯＭＣ　大塚内科神経内科医院,4012019388,819-1116,福岡県,福岡県糸島市前原中央２丁目４番１７号,,omc大塚内科神経内科医院,CODE,G003743,代表,医療法人OMC 大塚内科神経内科医院 福岡県糸島市 公式サイト
313553855207,医療法人　桑原産婦人科医院,4016229108,809-0034,福岡県,福岡県中間市中間３丁目５番５号,,桑原産婦人科医院,CODE,G003744,代表,医療法人 桑原産婦人科医院 福岡県中間市 公式サイト
313707924164,医療法人正周会水巻共立病院,4016119176,807-0046,福岡県,福岡県遠賀郡水巻町吉田西四丁目２番１号,,正周会水巻共立病院,CODE,G003745,代表,医療法人正周会水巻共立病院 福岡県遠賀郡水巻町 公式サイト
313707807452,小林皮ふ科,4015629241,825-0012,福岡県,田川市日の出町５番６号,,小林皮ふ科,CODE,G003746,代表,小林皮ふ科 田川市 公式サイト
313700782827,丸山内科・呼吸器科医院,4014413902,837-0917,福岡県,福岡県大牟田市大字草木字羽山７９９－１,,丸山内科呼吸器科医院,CODE,G003747,代表,丸山内科・呼吸器科医院 福岡県大牟田市 公式サイト
313656142564,医療法人　國崎内科医院,4013519113,834-0115,福岡県,福岡県八女郡広川町大字新代７３７番地,,國崎内科医院,CODE,G003748,代表,医療法人 國崎内科医院 福岡県八女郡広川町 公式サイト
313656142563,医療法人伊藤医院,4012319291,833-0002,福岡県,筑後市大字前津９０番１,,伊藤医院,CODE,G003749,代表,医療法人伊藤医院 筑後市 公式サイト
313561076452,甲斐田医院,4014329140,832-0081,福岡県,福岡県柳川市西浜武１０７３－１,,甲斐田医院,CODE,G003750,代表,甲斐田医院 福岡県柳川市 公式サイト
313544878816,医療法人　原鶴温泉病院,4013319126,839-1304,福岡県,福岡県うきは市吉井町千年６２８,,原鶴温泉病院,CODE,G003751,代表,医療法人 原鶴温泉病院 福岡県うきは市 公式サイト
313700815605,みい内科クリニック,4012712198,839-0851,福岡県,福岡県久留米市御井町２１７６－３,,みい内科クリニック,CODE,G003752,代表,みい内科クリニック 福岡県久留米市 公式サイト
313700815604,八媛病院,4012111300,834-0015,福岡県,八女市本１４８６番地,,八媛病院,CODE,G003753,代表,八媛病院 八女市 公式サイト
313700815603,医療法人　平井医院,4012319135,833-0041,福岡県,福岡県筑後市大字和泉３８２番地,,平井医院,CODE,G003754,代表,医療法人 平井医院 福岡県筑後市 公式サイト
313700745917,安元整形外科,4013311529,839-1401,福岡県,うきは市浮羽町朝田１３番地１,,安元整形外科,CODE,G003755,代表,安元整形外科 うきは市 公式サイト
313587873527,なご整形外科,4012215333,839-0832,福岡県,福岡県久留米市大橋町合楽５３４－１,,なご整形外科,CODE,G003756,代表,なご整形外科 福岡県久留米市 公式サイト
313571675868,田中クリニック,4012610947,838-0101,福岡県,福岡県小郡市美鈴が丘５丁目１２番３,,田中クリニック,CODE,G003757,代表,田中クリニック 福岡県小郡市 公式サイト
313553855206,かわち内科循環器科医院,4012610715,838-0141,福岡県,福岡県小郡市小郡字町口１５０４－１,,かわち内科循環器科医院,CODE,G003758,代表,かわち内科循環器科医院 福岡県小郡市 公式サイト
313707807451,若津内科皮膚科医院,4012510873,831-0005,福岡県,福岡県大川市大字向島２５８５の６,,若津内科皮膚科医院,CODE,G003759,代表,若津内科皮膚科医院 福岡県大川市 公式サイト
313707874012,重松医院,4012411072,838-1511,福岡県,福岡県朝倉市杷木池田７１３番地４,,重松医院,CODE,G003760,代表,重松医院 福岡県朝倉市 公式サイト
313504634598,医療法人おおた胃腸科Ｓクリニック,4012319200,833-0044,福岡県,福岡県筑後市大字富久１１５番地の１,,おおた胃腸科sクリニック,CODE,G003761,代表,医療法人おおた胃腸科Sクリニック 福岡県筑後市 公式サイト
313587873526,医療法人　実藤医院,4012419091,838-0065,福岡県,福岡県朝倉市一木５４番地,,実藤医院,CODE,G003762,代表,医療法人 実藤医院 福岡県朝倉市 公式サイト
313707807450,川口耳鼻咽喉科医院,4012214435,830-0013,福岡県,福岡県久留米市櫛原町２－３,,川口耳鼻咽喉科医院,CODE,G003763,代表,川口耳鼻咽喉科医院 福岡県久留米市 公式サイト
313544878815,高良台リハビリテーション病院,4012219202,830-0054,福岡県,福岡県久留米市藤光町９６５番２,,高良台リハビリテション病院,CODE,G003764,代表,高良台リハビリテーション病院 福岡県久留米市 公式サイト
313700745916,まえだ耳鼻咽喉科クリニック,4012111284,834-0047,福岡県,福岡県八女市稲富１３６番地１,,まえだ耳鼻咽喉科クリニック,CODE,G003765,代表,まえだ耳鼻咽喉科クリニック 福岡県八女市 公式サイト
313571675867,医療法人　愛生会　馬渡産婦人科医院,4012019230,819-1117,福岡県,糸島市前原西２丁目１３番１号,,愛生会馬渡産婦人科医院,CODE,G003766,代表,医療法人 愛生会 馬渡産婦人科医院 糸島市 公式サイト
313700815602,医療法人恵真会　渡辺整形外科病院,4012019123,819-1113,福岡県,福岡県糸島市前原１８１１－１,,恵真会渡辺整形外科病院,CODE,G003767,代表,医療法人恵真会 渡辺整形外科病院 福岡県糸島市 公式サイト
313587873525,筒井内科医院,4012011138,819-1107,福岡県,福岡県糸島市波多江駅北一丁目８番１６号,,筒井内科医院,CODE,G003768,代表,筒井内科医院 福岡県糸島市 公式サイト
313707924163,きたやま小児科,4011620699,816-0824,福岡県,福岡県春日市小倉２－９７－１,,きたやま小児科,CODE,G003769,代表,きたやま小児科 福岡県春日市 公式サイト
313707924162,たけすえ耳鼻科クリニック,4011811918,811-1254,福岡県,那珂川市道善５丁目２５,,たけすえ耳鼻科クリニック,CODE,G003770,代表,たけすえ耳鼻科クリニック 那珂川市 公式サイト
313700710098,医療法人　大西内科クリニック,4011619295,816-0847,福岡県,福岡県春日市大土居３－１９２,,大西内科クリニック,CODE,G003771,代表,医療法人 大西内科クリニック 福岡県春日市 公式サイト
313700663029,こばやし整形外科,4011611391,816-0842,福岡県,春日市大字下白水２５番地１,,こばやし整形外科,CODE,G003772,代表,こばやし整形外科 春日市 公式サイト
313663161080,うえだ小児科クリニック,4011511021,816-0983,福岡県,福岡県大野城市月の浦１丁目２５－１,,うえだ小児科クリニック,CODE,G003773,代表,うえだ小児科クリニック 福岡県大野城市 公式サイト
313700815601,医療法人　金澤整形外科医院,4011519081,816-0933,福岡県,福岡県大野城市瑞穂町１丁目１－５,,金澤整形外科医院,CODE,G003774,代表,医療法人 金澤整形外科医院 福岡県大野城市 公式サイト
313656142562,白水乳腺クリニック,4011610971,816-0814,福岡県,福岡県春日市春日３丁目６７,,白水乳腺クリニック,CODE,G003775,代表,白水乳腺クリニック 福岡県春日市 公式サイト
313504634597,つじファミリークリニック,4011519446,816-0941,福岡県,大野城市東大利三丁目１１－２８,,つじファミリクリニック,CODE,G003776,代表,つじファミリークリニック 大野城市 公式サイト
313700710097,デイクリニック天神,4011025378,810-0001,福岡県,福岡市中央区天神一丁目４番２号エルガーラ７階,,デイクリニック天神,CODE,G003777,代表,デイクリニック天神 福岡市中央区 公式サイト
313656142561,医療法人　仁清会　しんかい内科・内視鏡クリニック,4011229681,815-0083,福岡県,福岡市南区高宮１丁目１番２３号ＣＩＤＮＡＬ　ＴＨＥ　ＰＬＡＣＥ　２０３号室,,仁清会しんかい内科内視鏡クリニック,CODE,G003778,代表,医療法人 仁清会 しんかい内科・内視鏡クリニック 福岡市南区 公式サイト
313587873524,しもむら内視鏡クリニック,4011214485,815-0033,福岡県,福岡市南区大橋１丁目９番１６号ＬＥＮＴＥＦＵＫＵＯＫＡ　４Ｆ,,しもむら内視鏡クリニック,CODE,G003779,代表,しもむら内視鏡クリニック 福岡市南区 公式サイト
313561076451,南福岡脳神経外科病院,4011214204,811-1313,福岡県,福岡市南区曰佐５丁目２番２３号,,南福岡脳神経外科病院,CODE,G003780,代表,南福岡脳神経外科病院 福岡市南区 公式サイト
313707844300,医療法人　社団照和会　西岡病院,4011219252,811-1346,福岡県,福岡県福岡市南区老司２丁目３－３４,,社団照和会西岡病院,CODE,G003781,代表,医療法人 社団照和会 西岡病院 福岡県福岡市南区 公式サイト
313700815600,岡本医院,4011212521,811-1365,福岡県,福岡県福岡市南区皿山２丁目３番１９号,,岡本医院,CODE,G003782,代表,岡本医院 福岡県福岡市南区 公式サイト
313700745915,デジタルケアクリニック,4011027812,814-0122,福岡県,福岡市城南区友泉亭５番５号ガーデンプレイス友泉２０１,,デジタルケアクリニック,CODE,G003783,代表,デジタルケアクリニック 福岡市城南区 公式サイト
313700663028,福岡市立西急患診療所,4011129907,819-0005,福岡県,福岡県福岡市西区内浜１丁目４－７,,福岡市立西急患診療所,CODE,G003784,代表,福岡市立西急患診療所 福岡県福岡市西区 公式サイト
313571675866,ｅｎ婦人科クリニック,4011027119,810-0031,福岡県,福岡市中央区谷一丁目１２番３７号六本松ＵＳビル４階,,en婦人科クリニック,CODE,G003785,代表,en婦人科クリニック 福岡市中央区 公式サイト
313707924161,ソフトリサーチパーク診療所,4011025741,814-0001,福岡県,福岡市早良区百道浜２－１－２２,,ソフトリサチパク診療所,CODE,G003786,代表,ソフトリサーチパーク診療所 福岡市早良区 公式サイト
313700745914,医療法人せんばクリニック,4011027085,819-0045,福岡県,福岡市西区拾六町団地１番２５号,,せんばクリニック,CODE,G003787,代表,医療法人せんばクリニック 福岡市西区 公式サイト
313544878814,浄水皮ふ科クリニック,4011024108,810-0022,福岡県,福岡市中央区薬院４丁目６番９号　３Ｆ４Ｆ,,浄水皮ふ科クリニック,CODE,G003788,代表,浄水皮ふ科クリニック 福岡市中央区 公式サイト
313561076450,医療法人　ＳＳＣ　西都クリニック,4011022649,819-0367,福岡県,福岡県福岡市西区西都一丁目４－４,,ssc西都クリニック,CODE,G003789,代表,医療法人 SSC 西都クリニック 福岡県福岡市西区 公式サイト
313707807449,医療法人社団福光会　ふくだ眼科クリニック,4011019017,819-0167,福岡県,福岡県福岡市西区今宿三丁目１９番１０号,,福光会ふくだ眼科クリニック,CODE,G003790,代表,医療法人社団福光会 ふくだ眼科クリニック 福岡県福岡市西区 公式サイト
313707844299,メンタルクリニック桜坂,4011022375,810-0023,福岡県,福岡県福岡市中央区警固３－６－１クラシオン桜坂２Ｆ,,メンタルクリニック桜坂,CODE,G003791,代表,メンタルクリニック桜坂 福岡県福岡市中央区 公式サイト
313707844298,学研都市林眼科,4011022243,819-0367,福岡県,福岡市西区西都一丁目３番５号,,学研都市林眼科,CODE,G003792,代表,学研都市林眼科 福岡市西区 公式サイト
313700782826,医療法人白石整形外科医院,4011019314,814-0175,福岡県,福岡県福岡市早良区田村４丁目２８番２６号,,白石整形外科医院,CODE,G003793,代表,医療法人白石整形外科医院 福岡県福岡市早良区 公式サイト
313656142560,清蓮クリニック,4011023357,811-1101,福岡県,福岡市早良区重留６丁目１５－２１,,清蓮クリニック,CODE,G003794,代表,清蓮クリニック 福岡市早良区 公式サイト
313553855205,赤坂とも内科,4011024009,810-0042,福岡県,福岡市中央区赤坂１丁目１１－１２赤坂井上ビル３Ｆ,,赤坂とも内科,CODE,G003795,代表,赤坂とも内科 福岡市中央区 公式サイト
313571675865,郁レディースクリニック,4011018753,810-0023,福岡県,福岡県福岡市中央区警固２丁目１７－３０アルバけやき通りビル３階,,郁レディスクリニック,CODE,G003796,代表,郁レディースクリニック 福岡県福岡市中央区 公式サイト
313656142559,原クリニック,4011018050,814-0144,福岡県,福岡県福岡市城南区梅林４－２１－２３,,原クリニック,CODE,G003797,代表,原クリニック 福岡県福岡市城南区 公式サイト
313553855204,えんどう整形外科クリニック,4011017854,810-0004,福岡県,福岡県福岡市中央区渡辺通２丁目６－１２八千代ビルＹＡ５５－３Ｆ,,えんどう整形外科クリニック,CODE,G003798,代表,えんどう整形外科クリニック 福岡県福岡市中央区 公式サイト
313700663027,整形外科　浄水通りクリニック,4011016088,810-0022,福岡県,福岡県福岡市中央区薬院４丁目１－２７　薬院大通りセンタービル１番館２１２,,整形外科浄水通りクリニック,CODE,G003799,代表,整形外科 浄水通りクリニック 福岡県福岡市中央区 公式サイト
313544878813,きよさわ眼科クリニック,4011012160,814-0001,福岡県,福岡県福岡市早良区百道浜４－１３－１,,きよさわ眼科クリニック,CODE,G003800,代表,きよさわ眼科クリニック 福岡県福岡市早良区 公式サイト
313707807448,古賀おなかぽんぽん内科クリニック,4010719435,811-3119,福岡県,古賀市美郷２０３,,古賀おなかぽんぽん内科クリニック,CODE,G003801,代表,古賀おなかぽんぽん内科クリニック 古賀市 公式サイト
313663161079,みやざき整形外科,4010710285,811-3112,福岡県,古賀市花見東５丁目１－３２,,みやざき整形外科,CODE,G003802,代表,みやざき整形外科 古賀市 公式サイト
313504634596,医療法人　浩心会　福間眼科クリニック,4010519074,811-3217,福岡県,福岡県福津市中央六丁目２１番２７号,,浩心会福間眼科クリニック,CODE,G003803,代表,医療法人 浩心会 福間眼科クリニック 福岡県福津市 公式サイト
313707874010,医療法人　太田脳神経外科医院,4012019149,819-1112,福岡県,福岡県糸島市浦志２丁目２１番２１号,,太田脳神経外科医院,CODE,G003804,代表,医療法人 太田脳神経外科医院 福岡県糸島市 公式サイト
313561076449,古賀医院,4012011294,819-1102,福岡県,糸島市高田一丁目９番３２号,,古賀医院,CODE,G003805,代表,古賀医院 糸島市 公式サイト
313700815594,いとしま腎クリニック,4012011096,819-1102,福岡県,福岡県糸島市高田４丁目１５－３７,,いとしま腎クリニック,CODE,G003806,代表,いとしま腎クリニック 福岡県糸島市 公式サイト
313700744953,まるおか内科・リウマチ科クリニック,4011711365,818-0057,福岡県,福岡県筑紫野市二日市南四丁目１番５号,,まるおか内科リウマチ科クリニック,CODE,G003807,代表,まるおか内科・リウマチ科クリニック 福岡県筑紫野市 公式サイト
313707844297,医療法人　すやま泌尿器科クリニック,4011510957,816-0943,福岡県,福岡県大野城市白木原４丁目８番１号,,すやま泌尿器科クリニック,CODE,G003808,代表,医療法人 すやま泌尿器科クリニック 福岡県大野城市 公式サイト
313587873523,たはら皮ふ科クリニック,4011229376,815-0042,福岡県,福岡市南区若久５丁目２４－１０,,たはら皮ふ科クリニック,CODE,G003809,代表,たはら皮ふ科クリニック 福岡市南区 公式サイト
313571675864,安元ひふ科クリニック,4011711274,818-0083,福岡県,福岡県筑紫野市針摺中央２－４－１　２Ｆ,,安元ひふ科クリニック,CODE,G003810,代表,安元ひふ科クリニック 福岡県筑紫野市 公式サイト
313707924160,医療法人　弘青会　とみざわクリニック中尾,4011219799,811-1364,福岡県,福岡県福岡市南区中尾３丁目４番６号,,弘青会とみざわクリニック中尾,CODE,G003811,代表,医療法人 弘青会 とみざわクリニック中尾 福岡県福岡市南区 公式サイト
313700815598,医療法人　有吉クリニック,4010317545,812-0041,福岡県,福岡県福岡市博多区吉塚５丁目７－９,,有吉クリニック,CODE,G003812,代表,医療法人 有吉クリニック 福岡県福岡市博多区 公式サイト
313553855203,吉永皮膚科医院,4010214304,812-0041,福岡県,福岡県福岡市博多区吉塚１丁目２７－３０,,吉永皮膚科医院,CODE,G003813,代表,吉永皮膚科医院 福岡県福岡市博多区 公式サイト
313544878812,伊東内科小児科医院,4010214551,813-0043,福岡県,福岡市東区名島二丁目４１番５号,,伊東内科小児科医院,CODE,G003814,代表,伊東内科小児科医院 福岡市東区 公式サイト
313707924159,医療法人たけなかこどもクリニック,4010511485,811-3217,福岡県,福岡県福津市中央６丁目２２番３３号,,たけなかこどもクリニック,CODE,G003815,代表,医療法人たけなかこどもクリニック 福岡県福津市 公式サイト
313707874009,谷小児科医院,4010213199,812-0016,福岡県,福岡県福岡市博多区博多駅南三丁目４番３７号,,谷小児科医院,CODE,G003816,代表,谷小児科医院 福岡県福岡市博多区 公式サイト
313700744952,上林神経内科クリニック,3010111932,641-0015,和歌山県,和歌山市布引６５２－６,,上林神経内科クリニック,CODE,G003817,代表,上林神経内科クリニック 和歌山市 公式サイト
313544878811,くさち耳鼻咽喉科医院,3012310375,647-0045,和歌山県,新宮市井の沢３番５号,,くさち耳鼻咽喉科医院,CODE,G003818,代表,くさち耳鼻咽喉科医院 新宮市 公式サイト
313504634595,かしい駅前内科・脳神経クリニック,4010214882,813-0013,福岡県,福岡市東区香椎駅前二丁目１５番１０－１階,,かしい駅前内科脳神経クリニック,CODE,G003819,代表,かしい駅前内科・脳神経クリニック 福岡市東区 公式サイト
313707844296,じんばやし整形外科リウマチ科医院,4010413153,811-0101,福岡県,福岡県糟屋郡新宮町大字原上１５７４番１,,じんばやし整形外科リウマチ科医院,CODE,G003820,代表,じんばやし整形外科リウマチ科医院 福岡県糟屋郡新宮町 公式サイト
313707807447,原口形成外科・皮ふ科クリニック,4010413021,811-2320,福岡県,糟屋郡粕屋町内橋東三丁目１４番１８号レジデンス内橋１０１・１０２号,,原口形成外科皮ふ科クリニック,CODE,G003821,代表,原口形成外科・皮ふ科クリニック 糟屋郡粕屋町 公式サイト
313700710096,松尾医院,4010412213,811-2304,福岡県,福岡県糟屋郡粕屋町甲仲原二丁目１０番１０号,,松尾医院,CODE,G003822,代表,松尾医院 福岡県糟屋郡粕屋町 公式サイト
313656142558,米満内科,3010113805,640-8341,和歌山県,和歌山市黒田１０９番地の１,,米満内科,CODE,G003823,代表,米満内科 和歌山市 公式サイト
313587873522,古田医院,3012110171,649-1211,和歌山県,日高郡日高町荊木５６０,,古田医院,CODE,G003824,代表,古田医院 日高郡日高町 公式サイト
313561076448,小林医院,3011010125,648-0086,和歌山県,橋本市神野々３８５番地の２,,小林医院,CODE,G003825,代表,小林医院 橋本市 公式サイト
313561076447,医療法人成雅会　泰平病院,4010419499,811-2111,福岡県,福岡県糟屋郡須恵町大字新原１４番地の７,,成雅会泰平病院,CODE,G003826,代表,医療法人成雅会 泰平病院 福岡県糟屋郡須恵町 公式サイト
313707874008,もりはら内科クリニック,4010215665,812-0016,福岡県,福岡市博多区博多駅南六丁目１－７,,もりはら内科クリニック,CODE,G003827,代表,もりはら内科クリニック 福岡市博多区 公式サイト
313707874007,医療法人成松循環器科医院,4010419754,811-0119,福岡県,福岡県糟屋郡新宮町緑ケ浜四丁目５番２５号,,成松循環器科医院,CODE,G003828,代表,医療法人成松循環器科医院 福岡県糟屋郡新宮町 公式サイト
313707844295,原口クリニック,4010214072,812-0013,福岡県,福岡市博多区博多駅東１－１２－５博多大島ビル３Ｆ,,原口クリニック,CODE,G003829,代表,原口クリニック 福岡市博多区 公式サイト
313707807446,多田クリニック,4010313551,812-0024,福岡県,福岡県福岡市博多区綱場町１－１６,,多田クリニック,CODE,G003830,代表,多田クリニック 福岡県福岡市博多区 公式サイト
313700815593,たなか内科クリニック,4010211219,812-0053,福岡県,福岡県福岡市東区箱崎１－５－７,,たなか内科クリニック,CODE,G003831,代表,たなか内科クリニック 福岡県福岡市東区 公式サイト
313700744951,みつたけ整形外科クリニック,4010216077,813-0016,福岡県,福岡市東区香椎浜４丁目８－２,,みつたけ整形外科クリニック,CODE,G003832,代表,みつたけ整形外科クリニック 福岡市東区 公式サイト
313700744950,医療法人富和会　木下眼科医院,4010211623,813-0044,福岡県,福岡県福岡市東区千早４丁目９３－２－１０５,,富和会木下眼科医院,CODE,G003833,代表,医療法人富和会 木下眼科医院 福岡県福岡市東区 公式サイト
313663161078,医療法人ｋｉｎｏｅ　紀伊クリニック,3012010207,644-0012,和歌山県,御坊市湯川町小松原６１５番地１,,kinoe紀伊クリニック,CODE,G003834,代表,医療法人kinoe 紀伊クリニック 御坊市 公式サイト
313656142556,よしむら脳神経外科・頭痛クリニック,4010214080,812-0053,福岡県,福岡市東区箱崎６丁目１３番３号,,よしむら脳神経外科頭痛クリニック,CODE,G003835,代表,よしむら脳神経外科・頭痛クリニック 福岡市東区 公式サイト
313656142555,西坂医院,4010216085,812-0044,福岡県,福岡市博多区千代４丁目２９－４６アストール博多ビル１階,,西坂医院,CODE,G003836,代表,西坂医院 福岡市博多区 公式サイト
313561076446,オレンジクリニック,3011610437,643-0166,和歌山県,有田郡有田川町吉原５２２番地,,オレンジクリニック,CODE,G003837,代表,オレンジクリニック 有田郡有田川町 公式サイト
313553855202,福岡赤十字病院,4011219187,815-0082,福岡県,福岡県福岡市南区大楠３丁目１－１,,福岡赤十字病院,CODE,G003838,代表,福岡赤十字病院 福岡県福岡市南区 公式サイト
313553855201,医療法人　大国医院,4010419515,811-2501,福岡県,福岡県糟屋郡久山町大字久原２５９７－７,,大国医院,CODE,G003839,代表,医療法人 大国医院 福岡県糟屋郡久山町 公式サイト
313553855200,新宮市国民健康保険直営熊野川診療所附属玉置口診療所,3012310367,647-1231,和歌山県,新宮市熊野川町玉置口１５０番地,,新宮市国民健康保険直営熊野川診療所附属玉置口診療所,CODE,G003840,代表,新宮市国民健康保険直営熊野川診療所附属玉置口診療所 新宮市 公式サイト
313544878810,笠松病院,3011410242,642-0001,和歌山県,海南市船尾１９６,,笠松病院,CODE,G003841,代表,笠松病院 海南市 公式サイト
313504634594,北里眼科,4010211888,812-0887,福岡県,福岡市博多区三筑２－１－２,,北里眼科,CODE,G003842,代表,北里眼科 福岡市博多区 公式サイト
313504634593,花山ママクリニック,3010113250,640-8322,和歌山県,和歌山市秋月４８３番地,,花山ママクリニック,CODE,G003843,代表,花山ママクリニック 和歌山市 公式サイト
313707924158,まつもと内科クリニック,4010211649,813-0001,福岡県,福岡県福岡市東区唐原１丁目１０番１号,,まつもと内科クリニック,CODE,G003844,代表,まつもと内科クリニック 福岡県福岡市東区 公式サイト
313700710095,なかお眼科医院,3010151292,649-6331,和歌山県,和歌山市北野５１７－４,,なかお眼科医院,CODE,G003845,代表,なかお眼科医院 和歌山市 公式サイト
313700663026,日本赤十字社　和歌山医療センター,3018210124,640-8269,和歌山県,和歌山市小松原通４丁目２０番地,,日本赤十字社和歌山医療センタ,CODE,G003846,代表,日本赤十字社 和歌山医療センター 和歌山市 公式サイト
313656142557,医療法人近藤整形クリニック,4011213214,815-0071,福岡県,福岡県福岡市南区平和１丁目６番５６号,,近藤整形クリニック,CODE,G003847,代表,医療法人近藤整形クリニック 福岡県福岡市南区 公式サイト
313656142554,國正医院,3012410746,649-3142,和歌山県,西牟婁郡すさみ町江住９４１－１０,,國正医院,CODE,G003848,代表,國正医院 西牟婁郡すさみ町 公式サイト
313587873521,整形外科ＬＹＦＡＲＴ,4010215624,812-0039,福岡県,福岡市博多区冷泉町５－１３ＬＹＦＡＲＴビル２階,,整形外科lyfart,CODE,G003849,代表,整形外科LYFART 福岡市博多区 公式サイト
313571675863,三浦医院,2512400447,521-0225,滋賀県,米原市市場３５９,,三浦医院,CODE,G003850,代表,三浦医院 米原市 公式サイト
313700815597,いらなみのりこメンタルケアクリニック,3010152274,640-8329,和歌山県,和歌山市田中町三丁目４番地,,いらなみのりこメンタルケアクリニック,CODE,G003851,代表,いらなみのりこメンタルケアクリニック 和歌山市 公式サイト
313700782825,医療法人誠信会　甲斐クリニック,4010412619,811-2246,福岡県,福岡県糟屋郡志免町片峰中央３丁目１５番１号,,誠信会甲斐クリニック,CODE,G003852,代表,医療法人誠信会 甲斐クリニック 福岡県糟屋郡志免町 公式サイト
313700663025,和田耳鼻咽喉科医院,2511402220,528-0017,滋賀県,甲賀市水口町京町６番１１号,,和田耳鼻咽喉科医院,CODE,G003853,代表,和田耳鼻咽喉科医院 甲賀市 公式サイト
313663161077,中坊医院,2512201449,520-1812,滋賀県,高島市マキノ町西浜１１５７－６９,,中坊医院,CODE,G003854,代表,中坊医院 高島市 公式サイト
313544878809,クリニック宮本,3010112658,640-8472,和歌山県,和歌山市大谷１０６－１,,クリニック宮本,CODE,G003855,代表,クリニック宮本 和歌山市 公式サイト
313707924157,平山内科皮膚泌尿科,3011601006,643-0004,和歌山県,有田郡湯浅町湯浅４５９,,平山内科皮膚泌尿科,CODE,G003856,代表,平山内科皮膚泌尿科 有田郡湯浅町 公式サイト
313707844294,小林診療所,3011010182,648-0043,和歌山県,橋本市学文路７０５,,小林診療所,CODE,G003857,代表,小林診療所 橋本市 公式サイト
313707807445,いしい眼科,2512300373,520-3106,滋賀県,湖南市石部中央六丁目１番３号,,いしい眼科,CODE,G003858,代表,いしい眼科 湖南市 公式サイト
313700744949,こいけ内科糖尿病内科クリニック,3010152936,641-0044,和歌山県,和歌山市今福２丁目１－５３,,こいけ内科糖尿病内科クリニック,CODE,G003859,代表,こいけ内科糖尿病内科クリニック 和歌山市 公式サイト
313571675862,橋本胃腸科,3011401043,642-0002,和歌山県,海南市日方４３１,,橋本胃腸科,CODE,G003860,代表,橋本胃腸科 海南市 公式サイト
313707807444,医療法人　にじいろ会　おぐまファミリークリニック,2510602630,525-0050,滋賀県,草津市南草津二丁目４番地３,,にじいろ会おぐまファミリクリニック,CODE,G003861,代表,医療法人 にじいろ会 おぐまファミリークリニック 草津市 公式サイト
313700815595,紀伊クリニック,3010111718,649-6332,和歌山県,和歌山市宇田森２７５番地の１０,,紀伊クリニック,CODE,G003862,代表,紀伊クリニック 和歌山市 公式サイト
313587873520,稲垣泌尿器科医院,3011001165,648-0072,和歌山県,橋本市東家１丁目２－２２,,稲垣泌尿器科医院,CODE,G003863,代表,稲垣泌尿器科医院 橋本市 公式サイト
313700744948,さくら病院,4011118751,814-0143,福岡県,福岡市城南区南片江６丁目２番３２号,,さくら病院,CODE,G003864,代表,さくら病院 福岡市城南区 公式サイト
313707844293,福岡和仁会病院,4011119684,819-0055,福岡県,福岡県福岡市西区生の松原１丁目３３番１８号,,福岡和仁会病院,CODE,G003865,代表,福岡和仁会病院 福岡県福岡市西区 公式サイト
313663161076,とみた内科クリニック,4011025238,810-0033,福岡県,福岡市中央区小笹四丁目４番５号,,とみた内科クリニック,CODE,G003866,代表,とみた内科クリニック 福岡市中央区 公式サイト
313707844292,やら整形外科,4011025329,811-1102,福岡県,福岡市早良区東入部六丁目２６番４号,,やら整形外科,CODE,G003867,代表,やら整形外科 福岡市早良区 公式サイト
313700782824,つのだ耳鼻咽喉科クリニック,4011022615,814-0165,福岡県,福岡県福岡市早良区次郎丸四丁目９番１１号,,つのだ耳鼻咽喉科クリニック,CODE,G003868,代表,つのだ耳鼻咽喉科クリニック 福岡県福岡市早良区 公式サイト
313544878808,笠外科胃腸内科医院,4011023175,814-0101,福岡県,福岡県福岡市城南区荒江１－２３－２１,,笠外科胃腸内科医院,CODE,G003869,代表,笠外科胃腸内科医院 福岡県福岡市城南区 公式サイト
313700815596,福岡市城南区保健福祉センター,4011118017,814-0103,福岡県,福岡県福岡市城南区鳥飼５丁目２－２５,,福岡市城南区保健福祉センタ,CODE,G003870,代表,福岡市城南区保健福祉センター 福岡県福岡市城南区 公式サイト
313656142553,大神内科クリニック,4011024967,814-0011,福岡県,福岡市早良区高取一丁目３番２０号ファインガーデン高取２０４,,大神内科クリニック,CODE,G003871,代表,大神内科クリニック 福岡市早良区 公式サイト
313707807443,まことクリニック,4011023464,814-0012,福岡県,福岡市早良区昭代３－７－４０ＳＪＲ高取１Ｆ,,まことクリニック,CODE,G003872,代表,まことクリニック 福岡市早良区 公式サイト
313700815599,医療法人　ナグモクリニック福岡,4011024884,810-0041,福岡県,福岡市中央区大名２丁目８番１号肥後天神宝ビル７階,,ナグモクリニック福岡,CODE,G003873,代表,医療法人 ナグモクリニック福岡 福岡市中央区 公式サイト
313707874006,べふ眼科,4011014414,814-0104,福岡県,福岡県福岡市城南区別府５丁目１０－８,,べふ眼科,CODE,G003874,代表,べふ眼科 福岡県福岡市城南区 公式サイト
313656142551,医療法人松井医仁会　大島眼科天神クリニック,4011019181,810-0041,福岡県,福岡市中央区大名２丁目６番５３号福岡大名ガーデンシティ・テラス４階,,松井医仁会大島眼科天神クリニック,CODE,G003875,代表,医療法人松井医仁会 大島眼科天神クリニック 福岡市中央区 公式サイト
313656142552,医療法人　あんどう小児科医院,4011020213,810-0035,福岡県,福岡県福岡市中央区梅光園２丁目１０－２０,,あんどう小児科医院,CODE,G003876,代表,医療法人 あんどう小児科医院 福岡県福岡市中央区 公式サイト
313544878807,福岡市健康づくりサポートセンター,4011022177,810-0073,福岡県,福岡県福岡市中央区舞鶴２丁目５番１号,,福岡市健康づくりサポトセンタ,CODE,G003877,代表,福岡市健康づくりサポートセンター 福岡県福岡市中央区 公式サイト
313663161075,秋本病院,4011012905,810-0023,福岡県,福岡県福岡市中央区警固一丁目８番３号,,秋本病院,CODE,G003878,代表,秋本病院 福岡県福岡市中央区 公式サイト
313587873519,医療法人かとうまりこ皮フ科・アレルギー科,4011018431,814-0031,福岡県,福岡県福岡市早良区南庄１－２－２４,,かとうまりこ皮フ科アレルギ科,CODE,G003879,代表,医療法人かとうまりこ皮フ科・アレルギー科 福岡県福岡市早良区 公式サイト
313561076445,高木医院,4011015288,810-0011,福岡県,福岡県福岡市中央区高砂１丁目１８－１０,,高木医院,CODE,G003880,代表,高木医院 福岡県福岡市中央区 公式サイト
313700710094,医療法人　ふじい眼科クリニック,4010619346,811-4184,福岡県,福岡県宗像市くりえいと２丁目３－４４,,ふじい眼科クリニック,CODE,G003881,代表,医療法人 ふじい眼科クリニック 福岡県宗像市 公式サイト
313700663024,医療法人　福満会　トーマ・クリニック,4010719195,811-3101,福岡県,福岡県古賀市天神５－５－１２,,福満会トマクリニック,CODE,G003882,代表,医療法人 福満会 トーマ・クリニック 福岡県古賀市 公式サイト
313571675861,おくだ脳神経外科クリニック,4010429910,811-2419,福岡県,糟屋郡篠栗町庄１－２－１８,,おくだ脳神経外科クリニック,CODE,G003883,代表,おくだ脳神経外科クリニック 糟屋郡篠栗町 公式サイト
313707874005,地島診療所,4010611293,811-3511,福岡県,福岡県宗像市地島１３６－１３,,地島診療所,CODE,G003884,代表,地島診療所 福岡県宗像市 公式サイト
313700663023,医療法人うかじ小児科医院,4010429522,811-2244,福岡県,福岡県糟屋郡志免町志免中央３丁目６番２５号,,うかじ小児科医院,CODE,G003885,代表,医療法人うかじ小児科医院 福岡県糟屋郡志免町 公式サイト
313700782823,医療法人　みなみ　粕屋南病院,4010419747,811-2129,福岡県,糟屋郡宇美町神武原６丁目２番７号,,みなみ粕屋南病院,CODE,G003886,代表,医療法人 みなみ 粕屋南病院 糟屋郡宇美町 公式サイト
313571675860,医療法人　耕真会　えとう眼科クリニック,4010419812,811-2244,福岡県,福岡県糟屋郡志免町志免中央四丁目７番３０号,,耕真会えとう眼科クリニック,CODE,G003887,代表,医療法人 耕真会 えとう眼科クリニック 福岡県糟屋郡志免町 公式サイト
313561076444,まえだ脳神経外科,4010429944,811-2122,福岡県,糟屋郡宇美町明神坂２－１－２８,,まえだ脳神経外科,CODE,G003888,代表,まえだ脳神経外科 糟屋郡宇美町 公式サイト
313707924156,くまクリニック,4010319830,812-0879,福岡県,福岡県福岡市博多区銀天町二丁目２番３号,,くまクリニック,CODE,G003889,代表,くまクリニック 福岡県福岡市博多区 公式サイト
313707807442,医療法人　志方医院,4010419507,811-2501,福岡県,福岡県糟屋郡久山町大字久原３５１２－１,,志方医院,CODE,G003890,代表,医療法人 志方医院 福岡県糟屋郡久山町 公式サイト
313571675859,博多いせがわ内科循環器内科,4010326900,812-0025,福岡県,福岡県福岡市博多区店屋町８－２４,,博多いせがわ内科循環器内科,CODE,G003891,代表,博多いせがわ内科循環器内科 福岡県福岡市博多区 公式サイト
313707874004,医療法人しなり　明神まぶたのクリニック,4010215921,812-0026,福岡県,福岡市博多区上川端町４－２０４,,しなり明神まぶたのクリニック,CODE,G003892,代表,医療法人しなり 明神まぶたのクリニック 福岡市博多区 公式サイト
313700744947,倉成神経科クリニック,4010318212,810-0801,福岡県,福岡県福岡市博多区中洲５丁目５－１９緑川ビル５０１号,,倉成神経科クリニック,CODE,G003893,代表,倉成神経科クリニック 福岡県福岡市博多区 公式サイト
313700744946,医療法人　江森医院,4010317321,813-0045,福岡県,福岡県福岡市東区城浜団地８－２,,江森医院,CODE,G003894,代表,医療法人 江森医院 福岡県福岡市東区 公式サイト
313700663022,特別養護老人ホームマザーハート医務室,4010215186,812-0008,福岡県,福岡市博多区東光２丁目８番２３号,,特別養護老人ホムマザハト医務室,CODE,G003895,代表,特別養護老人ホームマザーハート医務室 福岡市博多区 公式サイト
313504634592,障がい児者医療生活支援ホーム　虹の家,4010214320,812-0044,福岡県,福岡市博多区千代１丁目１５番１０号,,障がい児者医療生活支援ホム虹の家,CODE,G003896,代表,障がい児者医療生活支援ホーム 虹の家 福岡市博多区 公式サイト
313707844291,江口皮ふ科,4010214106,813-0025,福岡県,福岡市東区青葉７丁目５番３号,,江口皮ふ科,CODE,G003897,代表,江口皮ふ科 福岡市東区 公式サイト
313707924155,がんこクリニック,4010213892,812-0888,福岡県,福岡市博多区板付１－５－９,,がんこクリニック,CODE,G003898,代表,がんこクリニック 福岡市博多区 公式サイト
313700815592,医療法人ＳＳＣ　香椎耳鼻咽喉科,4010213819,813-0013,福岡県,福岡県福岡市東区香椎駅前二丁目１２番５４号オリジンビル１０３号,,ssc香椎耳鼻咽喉科,CODE,G003899,代表,医療法人SSC 香椎耳鼻咽喉科 福岡県福岡市東区 公式サイト
313553855199,響クリニック,4010212068,813-0043,福岡県,福岡市東区名島３丁目５１－２１クリスタル＆リゾートスカイプレミア１階,,響クリニック,CODE,G003900,代表,響クリニック 福岡市東区 公式サイト
313663161074,和歌山県立医科大学　サテライト診療所　本町,3018013056,640-8033,和歌山県,和歌山市本町二丁目１番地　フォルテワジマビル５Ｆ,,和歌山県立医科大学サテライト診療所本町,CODE,G003901,代表,和歌山県立医科大学 サテライト診療所 本町 和歌山市 公式サイト
313700815591,榎本クリニック,3012500876,649-4122,和歌山県,東牟婁郡串本町西向１２２－３,,榎本クリニック,CODE,G003902,代表,榎本クリニック 東牟婁郡串本町 公式サイト
313587873518,納田整形外科,3012210955,646-0021,和歌山県,田辺市あけぼの４６番１４号,,納田整形外科,CODE,G003903,代表,納田整形外科 田辺市 公式サイト
313700663021,玉置循環器科,3012100818,644-0044,和歌山県,日高郡美浜町和田１１３８ー１９８,,玉置循環器科,CODE,G003904,代表,玉置循環器科 日高郡美浜町 公式サイト
313561076443,南紀医療福祉センター,3012410274,649-2102,和歌山県,西牟婁郡上富田町岩田１７７６－１,,南紀医療福祉センタ,CODE,G003905,代表,南紀医療福祉センター 西牟婁郡上富田町 公式サイト
313544878805,新谷クリニック,3012301101,647-0052,和歌山県,新宮市橋本二丁目５－５４,,新谷クリニック,CODE,G003906,代表,新谷クリニック 新宮市 公式サイト
313707874003,田辺市国民健康保険中芳養診療所,3012210708,646-0057,和歌山県,田辺市中芳養１８０８－１,,田辺市国民健康保険中芳養診療所,CODE,G003907,代表,田辺市国民健康保険中芳養診療所 田辺市 公式サイト
313700815590,田辺市本宮さくら診療所,3012210658,647-1731,和歌山県,田辺市本宮町本宮９２１番地の２,,田辺市本宮さくら診療所,CODE,G003908,代表,田辺市本宮さくら診療所 田辺市 公式サイト
313700815589,山入こどもクリニック,,649-6222,和歌山県,岩出市岡田２３４番地５,,山入こどもクリニック,ZIP+NAME,G003909,代表,山入こどもクリニック 岩出市 公式サイト
313700744945,那賀休日急患診療所,3011710401,649-6405,和歌山県,紀の川市東大井３６６番地１,,那賀休日急患診療所,CODE,G003910,代表,那賀休日急患診療所 紀の川市 公式サイト
313656142550,循環器内科するたクリニック,3011710302,649-6416,和歌山県,紀の川市上野７８番地の１,,循環器内科するたクリニック,CODE,G003911,代表,循環器内科するたクリニック 紀の川市 公式サイト
313707807441,坊岡医院,3011601212,643-0801,和歌山県,有田郡有田川町徳田４０６－１,,坊岡医院,CODE,G003912,代表,坊岡医院 有田郡有田川町 公式サイト
313700815588,医療法人晃和会　谷口病院,3011410416,642-0002,和歌山県,海南市日方３２７－１１,,晃和会谷口病院,CODE,G003913,代表,医療法人晃和会 谷口病院 海南市 公式サイト
313656142549,おかもとキッズクリニック,2510501501,521-1224,滋賀県,東近江市林町６１６番地,,おかもとキッズクリニック,CODE,G003914,代表,おかもとキッズクリニック 東近江市 公式サイト
313587873517,虎谷内科小児科医院,3011000878,649-7206,和歌山県,橋本市高野口町向島１７７,,虎谷内科小児科医院,CODE,G003915,代表,虎谷内科小児科医院 橋本市 公式サイト
313571675858,萬谷医院,3011500497,649-0316,和歌山県,有田市宮崎町２３７番地,,萬谷医院,CODE,G003916,代表,萬谷医院 有田市 公式サイト
313707924154,いぬい内科呼吸器内科クリニック,3011410424,642-0032,和歌山県,海南市名高５３９番地１８　岩﨑ビル１階,,いぬい内科呼吸器内科クリニック,CODE,G003917,代表,いぬい内科呼吸器内科クリニック 海南市 公式サイト
313700782822,山田クリニック,2511300911,520-2362,滋賀県,野洲市市三宅２７２５番地,,山田クリニック,CODE,G003918,代表,山田クリニック 野洲市 公式サイト
313561076442,金川眼科,3011410218,642-0032,和歌山県,海南市名高７６番地の１６,,金川眼科,CODE,G003919,代表,金川眼科 海南市 公式サイト
313544878804,医療法人社団　村上整形外科クリニック,2511401727,528-0041,滋賀県,甲賀市水口町虫生野１０９５番地４,,村上整形外科クリニック,CODE,G003920,代表,医療法人社団 村上整形外科クリニック 甲賀市 公式サイト
313707874002,森田内科クリニック,3011610338,643-0811,和歌山県,有田郡有田川町庄６２１ー１,,森田内科クリニック,CODE,G003921,代表,森田内科クリニック 有田郡有田川町 公式サイト
313707844290,和歌山ブレストクリニック,3010152639,640-8203,和歌山県,和歌山市東蔵前丁３９　キーノ和歌山３階,,和歌山ブレストクリニック,CODE,G003922,代表,和歌山ブレストクリニック 和歌山市 公式サイト
313707807440,緑町診療所,2510500776,527-0023,滋賀県,東近江市八日市緑町２０－１２,,緑町診療所,CODE,G003923,代表,緑町診療所 東近江市 公式サイト
313700815587,おおはぎ内科,3011000613,648-0094,和歌山県,橋本市三石台三丁目２３－６,,おおはぎ内科,CODE,G003924,代表,おおはぎ内科 橋本市 公式サイト
313700782821,奥村医院,2510107051,520-0834,滋賀県,大津市御殿浜２０番２６号,,奥村医院,CODE,G003925,代表,奥村医院 大津市 公式サイト
313700744944,田原整形外科,2510400886,523-0032,滋賀県,近江八幡市白鳥町４８番地２,,田原整形外科,CODE,G003926,代表,田原整形外科 近江八幡市 公式サイト
313700663020,うちだクリニック,2510700996,524-0022,滋賀県,守山市守山五丁目８番７号,,うちだクリニック,CODE,G003927,代表,うちだクリニック 守山市 公式サイト
313587873516,ほしの整形外科,3010151904,640-8471,和歌山県,和歌山市善明寺３０２番地１,,ほしの整形外科,CODE,G003928,代表,ほしの整形外科 和歌山市 公式サイト
313544878803,藤堂診療所,3011000464,648-0054,和歌山県,橋本市城山台２－１２－６,,藤堂診療所,CODE,G003929,代表,藤堂診療所 橋本市 公式サイト
313663161073,やまもと内科・外科クリニック,2511402253,528-0042,滋賀県,甲賀市水口町虫生野中央１１１番地,,やまもと内科外科クリニック,CODE,G003930,代表,やまもと内科・外科クリニック 甲賀市 公式サイト
313656142548,土井脳神経外科クリニック,3010107625,640-8482,和歌山県,和歌山市六十谷３５－１,,土井脳神経外科クリニック,CODE,G003931,代表,土井脳神経外科クリニック 和歌山市 公式サイト
313587873515,かつじクリニック,2511301273,520-2362,滋賀県,野洲市市三宅２３７３,,かつじクリニック,CODE,G003932,代表,かつじクリニック 野洲市 公式サイト
313571675857,びわこ学園医療福祉センター野洲,2511300978,520-2321,滋賀県,野洲市北桜９７８番地２,,びわこ学園医療福祉センタ野洲,CODE,G003933,代表,びわこ学園医療福祉センター野洲 野洲市 公式サイト
313707807439,医療法人社団真下胃腸科医院,2511200616,520-3035,滋賀県,栗東市霊仙寺一丁目１番５２号,,真下胃腸科医院,CODE,G003934,代表,医療法人社団真下胃腸科医院 栗東市 公式サイト
313707874001,おうみのくにクリニック,2510106848,520-2144,滋賀県,大津市大萱一丁目１８番３４号　中川ビル４Ｆ,,おうみのくにクリニック,CODE,G003935,代表,おうみのくにクリニック 大津市 公式サイト
313707844289,まごころファミリークリニック,2510602994,525-0025,滋賀県,草津市西渋川一丁目２１番１４号１階,,まごころファミリクリニック,CODE,G003936,代表,まごころファミリークリニック 草津市 公式サイト
313707844288,東近江市長峰診療所,2510501360,529-1551,滋賀県,東近江市宮川町２４４番地９２１,,東近江市長峰診療所,CODE,G003937,代表,東近江市長峰診療所 東近江市 公式サイト
313707807438,医療福祉生活協同組合おおさか　淡路皮膚科歯科診療所,,533-0032,大阪府,大阪市東淀川区淡路四丁目３４番１１号,,医療福祉生活協同組合おおさか淡路皮膚科歯科診療所,ZIP+NAME,G003938,代表,医療福祉生活協同組合おおさか 淡路皮膚科歯科診療所 大阪市東淀川区 公式サイト
313700815586,医療法人緑泉会　小泉医院,2510105691,520-0241,滋賀県,大津市今堅田二丁目２６番１５号,,緑泉会小泉医院,CODE,G003939,代表,医療法人緑泉会 小泉医院 大津市 公式サイト
313700710093,医療法人　中井医院,2719500155,599-0201,大阪府,阪南市尾崎町八丁目１番２号,,中井医院,CODE,G003940,代表,医療法人 中井医院 阪南市 公式サイト
313544878802,医療法人京春会　心斎橋いわもとクリニック,2719410082,542-0081,大阪府,大阪市中央区南船場三丁目５番１１号心斎橋フロントビル４階,,京春会心斎橋いわもとクリニック,CODE,G003941,代表,医療法人京春会 心斎橋いわもとクリニック 大阪市中央区 公式サイト
313553855198,医療法人社団　山中医院,2510104504,520-2276,滋賀県,大津市里三丁目６番２２号,,山中医院,CODE,G003942,代表,医療法人社団 山中医院 大津市 公式サイト
313707844287,ふくずみアレルギー科,2719406205,540-0012,大阪府,大阪市中央区谷町一丁目５番６号サンユー天満橋ビル　４階,,ふくずみアレルギ科,CODE,G003943,代表,ふくずみアレルギー科 大阪市中央区 公式サイト
313700815585,岩佐クリニック,2719404143,542-0073,大阪府,大阪市中央区日本橋１－３－１三共日本橋ビル３階,,岩佐クリニック,CODE,G003944,代表,岩佐クリニック 大阪市中央区 公式サイト
313700663019,しみずクリニック,2719409860,542-0074,大阪府,大阪市中央区千日前１丁目　虹のまち　５－３,,しみずクリニック,CODE,G003945,代表,しみずクリニック 大阪市中央区 公式サイト
313504634591,新長堀診療所,2719407682,542-0082,大阪府,大阪市中央区島之内一丁目１１番１８号,,新長堀診療所,CODE,G003946,代表,新長堀診療所 大阪市中央区 公式サイト
313700815584,医療法人　笠原レディースクリニック,2510500669,527-0091,滋賀県,東近江市小脇町２４０１番地６,,笠原レディスクリニック,CODE,G003947,代表,医療法人 笠原レディースクリニック 東近江市 公式サイト
313700663018,医療法人　さざなみ整形外科,2510301571,529-0112,滋賀県,長浜市宮部町３０２９番地１,,さざなみ整形外科,CODE,G003948,代表,医療法人 さざなみ整形外科 長浜市 公式サイト
313707923193,医療法人豊友会　鶴見診療所,2719205151,538-0053,大阪府,大阪市鶴見区鶴見３丁目５番１９号ＬＡＮＤＭＡＲＫ鶴見１階,,豊友会鶴見診療所,CODE,G003949,代表,医療法人豊友会 鶴見診療所 大阪市鶴見区 公式サイト
313700782820,医療法人　かわすみクリニック,2719204717,538-0051,大阪府,大阪市鶴見区諸口三丁目１番２８号６階,,かわすみクリニック,CODE,G003950,代表,医療法人 かわすみクリニック 大阪市鶴見区 公式サイト
313700782819,医療法人　青葉会　イーリスウィメンズクリニック,2510201854,522-0063,滋賀県,彦根市中央町３番７３号,,青葉会イリスウィメンズクリニック,CODE,G003951,代表,医療法人 青葉会 イーリスウィメンズクリニック 彦根市 公式サイト
313561076441,医療法人友仁会　友仁山崎病院,2510201722,522-0044,滋賀県,彦根市竹ケ鼻町８０番地,,友仁会友仁山崎病院,CODE,G003952,代表,医療法人友仁会 友仁山崎病院 彦根市 公式サイト
313663161072,医療法人東和会　さくらレディースクリニック,2719109536,532-0033,大阪府,大阪市淀川区新高３－６－１７三国駅前クリニックモール２Ｆ,,東和会さくらレディスクリニック,CODE,G003953,代表,医療法人東和会 さくらレディースクリニック 大阪市淀川区 公式サイト
313707874000,大津京なかた眼科,2510107689,520-0021,滋賀県,大津市二本松１番１号,,大津京なかた眼科,CODE,G003954,代表,大津京なかた眼科 大津市 公式サイト
313656142547,井本回陽堂皮膚科形成外科医院,2719108157,532-0024,大阪府,大阪市淀川区十三本町二丁目１４－５,,井本回陽堂皮膚科形成外科医院,CODE,G003955,代表,井本回陽堂皮膚科形成外科医院 大阪市淀川区 公式サイト
313663161071,ＡＺＵＳＡ　ＳＫＩＮ＆ＷＥＬＬＮＥＳＳ　ＣＬＩＮＩＣ,2510107952,520-0801,滋賀県,大津市におの浜２丁目２番５号　大津スカイハイツ１１２号室,,azusaskin&wellnessclinic,CODE,G003956,代表,AZUSA SKIN&WELLNESS CLINIC 大津市 公式サイト
313700782818,ひらた耳鼻咽喉科,,520-0528,滋賀県,大津市和邇高城２６７番１の２,,ひらた耳鼻咽喉科,ZIP+NAME,G003957,代表,ひらた耳鼻咽喉科 大津市 公式サイト
313700663017,医療法人医済会　やん整形外科医院,2719107522,532-0002,大阪府,大阪市淀川区東三国二丁目３１番１７号サンビラ東三国１階,,医済会やん整形外科医院,CODE,G003958,代表,医療法人医済会 やん整形外科医院 大阪市淀川区 公式サイト
313700815583,医療法人道器　さくらいクリニック,2510107424,520-0832,滋賀県,大津市粟津町２番６５号第２久下ビル１Ｆ,,道器さくらいクリニック,CODE,G003959,代表,医療法人道器 さくらいクリニック 大津市 公式サイト
313700663016,坂部医院,2510105683,520-0801,滋賀県,大津市におの浜三丁目５番１５号大津アクアエール１階,,坂部医院,CODE,G003960,代表,坂部医院 大津市 公式サイト
313587873514,医療法人木下レディースクリニック,2510107614,520-0806,滋賀県,大津市打出浜１０－３７,,木下レディスクリニック,CODE,G003961,代表,医療法人木下レディースクリニック 大津市 公式サイト
313700815582,大阪府立中河内救命救急センター,2719801512,578-0947,大阪府,東大阪市西岩田三丁目４番１３号,,大阪府立中河内救命救急センタ,CODE,G003962,代表,大阪府立中河内救命救急センター 東大阪市 公式サイト
313571675856,社会医療法人協和会　北大阪病院,2719105252,532-0004,大阪府,大阪市淀川区西宮原二丁目７番１７号,,協和会北大阪病院,CODE,G003963,代表,社会医療法人協和会 北大阪病院 大阪市淀川区 公式サイト
313504634590,ほし在宅クリニック,2719410132,542-0064,大阪府,大阪市中央区上汐一丁目３番１０号上汐ビル５階,,ほし在宅クリニック,CODE,G003964,代表,ほし在宅クリニック 大阪市中央区 公式サイト
313707873999,医療法人晴天会　三宅皮膚科・美容皮膚科,2716501164,591-8023,大阪府,堺市北区中百舌鳥町三丁３４１番地１,,晴天会三宅皮膚科美容皮膚科,CODE,G003965,代表,医療法人晴天会 三宅皮膚科・美容皮膚科 堺市北区 公式サイト
313707873998,クマタカ小林クリニック,2719408615,541-0057,大阪府,大阪市中央区北久宝寺町３丁目６番１１号,,クマタカ小林クリニック,CODE,G003966,代表,クマタカ小林クリニック 大阪市中央区 公式サイト
313700744943,医療法人　向井医院,2719500304,599-0211,大阪府,阪南市鳥取中２９９番地の１,,向井医院,CODE,G003967,代表,医療法人 向井医院 阪南市 公式サイト
313656142546,小児科伊吹医院,2510106665,520-0001,滋賀県,大津市蓮池町７番３号,,小児科伊吹医院,CODE,G003968,代表,小児科伊吹医院 大津市 公式サイト
313571675855,りえレディースクリニック,2719410918,541-0043,大阪府,大阪市中央区高麗橋２丁目４番２号メディカルモール北浜４階,,りえレディスクリニック,CODE,G003969,代表,りえレディースクリニック 大阪市中央区 公式サイト
313553855197,大阪市中央区保健福祉センター,2719801207,541-0056,大阪府,大阪市中央区久太郎町一丁目２番２７号,,大阪市中央区保健福祉センタ,CODE,G003970,代表,大阪市中央区保健福祉センター 大阪市中央区 公式サイト
313707923192,医療法人翠生会　中澤眼科,2719408359,542-0012,大阪府,大阪市中央区谷町７丁目２番２８号,,翠生会中澤眼科,CODE,G003971,代表,医療法人翠生会 中澤眼科 大阪市中央区 公式サイト
313707807437,医療法人　ひろせ耳鼻咽喉科医院,2510106053,520-0801,滋賀県,大津市におの浜二丁目２番５号大津スカイハイツ１０６号,,ひろせ耳鼻咽喉科医院,CODE,G003972,代表,医療法人 ひろせ耳鼻咽喉科医院 大津市 公式サイト
313561076440,山口医院,2510104272,520-2141,滋賀県,大津市大江三丁目３番２０号,,山口医院,CODE,G003973,代表,山口医院 大津市 公式サイト
313707807436,医療法人　下肢静脈瘤研究会　坂田血管外科クリニック,2719408284,541-0043,大阪府,大阪市中央区高麗橋一丁目７番３号Ｔｈｅ　Ｋｉｔａｈａｍａ　ＰＬＡＺＡ３階,,下肢静脈瘤研究会坂田血管外科クリニック,CODE,G003974,代表,医療法人 下肢静脈瘤研究会 坂田血管外科クリニック 大阪市中央区 公式サイト
313700782817,菅尾眼科,2719407823,542-0062,大阪府,大阪市中央区上本町西五丁目３番９号佐伯クリニックビル３階,,菅尾眼科,CODE,G003975,代表,菅尾眼科 大阪市中央区 公式サイト
313656142545,医療法人　元季会　今野クリニック,2716500422,591-8025,大阪府,堺市北区長曽根町３０６５番地１,,元季会今野クリニック,CODE,G003976,代表,医療法人 元季会 今野クリニック 堺市北区 公式サイト
313553855196,関西医科大学　天満橋総合クリニック,2719408334,540-0008,大阪府,大阪市中央区大手前一丁目７番３１号ＯＭＭビル３階,,関西医科大学天満橋総合クリニック,CODE,G003977,代表,関西医科大学 天満橋総合クリニック 大阪市中央区 公式サイト
313504634589,安田クリニック,2719405892,542-0085,大阪府,大阪市中央区心斎橋筋一丁目４番７号,,安田クリニック,CODE,G003978,代表,安田クリニック 大阪市中央区 公式サイト
313707923191,ならむらクリニック,2719405413,541-0042,大阪府,大阪市中央区今橋三丁目２番１７号緒方ビル４階,,ならむらクリニック,CODE,G003979,代表,ならむらクリニック 大阪市中央区 公式サイト
313707844286,はく内科クリニック,2719301273,589-0011,大阪府,大阪狭山市半田１丁目３－３メディカルスクエア金剛駅前２階,,はく内科クリニック,CODE,G003980,代表,はく内科クリニック 大阪狭山市 公式サイト
313707807435,医療法人松真会　大阪鶴見まつやま眼科,2719205201,538-0053,大阪府,大阪市鶴見区鶴見三丁目５番１５号,,松真会大阪鶴見まつやま眼科,CODE,G003981,代表,医療法人松真会 大阪鶴見まつやま眼科 大阪市鶴見区 公式サイト
313587873513,円尾神経科クリニック,2719405462,541-0041,大阪府,大阪市中央区北浜三丁目１番２１号　松崎ビル３階,,円尾神経科クリニック,CODE,G003982,代表,円尾神経科クリニック 大阪市中央区 公式サイト
313587873512,あだち皮フ科クリニック,2719204576,538-0044,大阪府,大阪市鶴見区放出東三丁目２１番５０号ＪＲ放出駅ＮＫビル３０２号,,あだち皮フ科クリニック,CODE,G003983,代表,あだち皮フ科クリニック 大阪市鶴見区 公式サイト
313663161070,橋内耳鼻咽喉科,2719204501,538-0053,大阪府,大阪市鶴見区鶴見四丁目１６番４６号,,橋内耳鼻咽喉科,CODE,G003984,代表,橋内耳鼻咽喉科 大阪市鶴見区 公式サイト
313656142544,中百舌鳥おか内科医院,2716500927,591-8023,大阪府,堺市北区中百舌鳥町６－８２５,,中百舌鳥おか内科医院,CODE,G003985,代表,中百舌鳥おか内科医院 堺市北区 公式サイト
313553855195,大阪回生病院,2719107662,532-0003,大阪府,大阪市淀川区宮原一丁目６番１０号,,大阪回生病院,CODE,G003986,代表,大阪回生病院 大阪市淀川区 公式サイト
313544878801,医療法人　隅倉クリニック,2719105807,532-0026,大阪府,大阪市淀川区塚本五丁目６番１７号前原ビル１階,,隅倉クリニック,CODE,G003987,代表,医療法人 隅倉クリニック 大阪市淀川区 公式サイト
313700710092,医療法人圭晃会　すぎもと脳神経外科クリニック,2716400607,590-0132,大阪府,堺市南区原山台二丁２番１号トナリエ栂・美木多１－１５,,圭晃会すぎもと脳神経外科クリニック,CODE,G003988,代表,医療法人圭晃会 すぎもと脳神経外科クリニック 堺市南区 公式サイト
313700663015,医療法人紀陽会　北花田クリニック,2716500281,591-8007,大阪府,堺市北区奥本町一丁２３２番,,紀陽会北花田クリニック,CODE,G003989,代表,医療法人紀陽会 北花田クリニック 堺市北区 公式サイト
313707844285,メリアクリニック,2716200197,599-8123,大阪府,堺市東区北野田１０８４番地２０４号ベルヒル北野田２Ｆ,,メリアクリニック,CODE,G003990,代表,メリアクリニック 堺市東区 公式サイト
313700710091,はぜ眼科,2716300658,593-8322,大阪府,堺市西区津久野町１丁２０番７号,,はぜ眼科,CODE,G003991,代表,はぜ眼科 堺市西区 公式サイト
313707923190,ｍｙ　ｃｌｉｎｉｃ,2716001587,590-0024,大阪府,堺市堺区向陵中町２丁５番１０号杉本ビル４階,,myclinic,CODE,G003992,代表,my clinic 堺市堺区 公式サイト
313707844284,社会医療法人景岳会　南大阪病院附属リハビリテーションクリニック,2715906174,559-0017,大阪府,大阪市住之江区中加賀屋二丁目１番２４号,,景岳会南大阪病院附属リハビリテションクリニック,CODE,G003993,代表,社会医療法人景岳会 南大阪病院附属リハビリテーションクリニック 大阪市住之江区 公式サイト
313587873511,医療法人実有会　小松クリニック,2715906554,559-0034,大阪府,大阪市住之江区南港北一丁目１７番１９号３０３、３０４,,実有会小松クリニック,CODE,G003994,代表,医療法人実有会 小松クリニック 大阪市住之江区 公式サイト
313504634588,医療法人梓良成会　かもとクリニック,2715906141,559-0013,大阪府,大阪市住之江区御崎３丁目６番２号,,梓良成会かもとクリニック,CODE,G003995,代表,医療法人梓良成会 かもとクリニック 大阪市住之江区 公式サイト
313700815581,はなのまちファミリークリニック,2715905770,559-0033,大阪府,大阪市住之江区南港中５番５号南港はなのまち団地４１－１０１,,はなのまちファミリクリニック,CODE,G003996,代表,はなのまちファミリークリニック 大阪市住之江区 公式サイト
313700815580,おかむら眼科,2715808081,547-0012,大阪府,大阪市平野区長吉六反二丁目４番５号,,おかむら眼科,CODE,G003997,代表,おかむら眼科 大阪市平野区 公式サイト
313544878800,医療法人　宇野耳鼻咽喉科,2715808701,547-0011,大阪府,大阪市平野区長吉出戸四丁目１番２３号,,宇野耳鼻咽喉科,CODE,G003998,代表,医療法人 宇野耳鼻咽喉科 大阪市平野区 公式サイト
313700744942,医療法人　小上医院,2715601130,590-0503,大阪府,泉南市新家３４６１番地の１,,小上医院,CODE,G003999,代表,医療法人 小上医院 泉南市 公式サイト
313553855194,しんもん内科クリニック,2715507584,581-0085,大阪府,八尾市安中町４丁目３番１７号ウエルシア八尾安中店　２階,,しんもん内科クリニック,CODE,G004000,代表,しんもん内科クリニック 八尾市 公式サイト
313707873997,医療法人　なぎさ会　第五なぎさクリニック,2715601643,590-0523,大阪府,泉南市信達岡中９３６番地の１,,なぎさ会第五なぎさクリニック,CODE,G004001,代表,医療法人 なぎさ会 第五なぎさクリニック 泉南市 公式サイト
313700663014,医療法人聖佑会　おおしま眼科八尾クリニック,2715507188,581-0869,大阪府,八尾市桜ケ丘一丁目１０番地の２桜ケ丘クリニックビル２Ｆ,,聖佑会おおしま眼科八尾クリニック,CODE,G004002,代表,医療法人聖佑会 おおしま眼科八尾クリニック 八尾市 公式サイト
313571675854,ひらいクリニック,2716400508,590-0138,大阪府,堺市南区鴨谷台２丁１番３号　アクトビル１階,,ひらいクリニック,CODE,G004003,代表,ひらいクリニック 堺市南区 公式サイト
313587873510,佐々木内科クリニック,2716500240,591-8037,大阪府,堺市北区百舌鳥赤畑町二丁５５－１ＴＳカーサ・セコンドマンション１階,,佐々木内科クリニック,CODE,G004004,代表,佐々木内科クリニック 堺市北区 公式サイト
313707923189,医療法人友永会　堺駅前展仁堂クリニック,2716001017,590-0972,大阪府,堺市堺区竜神橋町２丁３番１号ステュディオ堺フェニックス２２８号,,友永会堺駅前展仁堂クリニック,CODE,G004005,代表,医療法人友永会 堺駅前展仁堂クリニック 堺市堺区 公式サイト
313656142543,伊東皮膚科,2716400326,590-0111,大阪府,堺市南区三原台４丁１－５,,伊東皮膚科,CODE,G004006,代表,伊東皮膚科 堺市南区 公式サイト
313553855193,医療法人　いわがきクリニック,2716000084,590-0075,大阪府,堺市堺区南花田口町二丁２番７号南野ビル１・２階,,いわがきクリニック,CODE,G004007,代表,医療法人 いわがきクリニック 堺市堺区 公式サイト
313544878799,近江眼科,2716300401,592-8348,大阪府,堺市西区浜寺諏訪森町中３丁２４４番地２９,,近江眼科,CODE,G004008,代表,近江眼科 堺市西区 公式サイト
313571675853,医療法人英皐会　石田クリニック,2715905796,559-0024,大阪府,大阪市住之江区新北島七丁目１番５３号マンションハピネス,,英皐会石田クリニック,CODE,G004009,代表,医療法人英皐会 石田クリニック 大阪市住之江区 公式サイト
313700815579,医療法人佳寿会　大阪みやたけ泌尿器科クリニック,2715906448,559-0015,大阪府,大阪市住之江区南加賀屋三丁目２番１８号多田メディカルビル２階,,佳寿会大阪みやたけ泌尿器科クリニック,CODE,G004010,代表,医療法人佳寿会 大阪みやたけ泌尿器科クリニック 大阪市住之江区 公式サイト
313663161069,医療法人　中島クリニック,2715904534,559-0033,大阪府,大阪市住之江区南港中三丁目４番７９番,,中島クリニック,CODE,G004011,代表,医療法人 中島クリニック 大阪市住之江区 公式サイト
313504634587,森ノ宮医療大学附属大阪ベイクリニック,2715906661,559-0034,大阪府,大阪市住之江区南港北１丁目２６番１６号,,森ノ宮医療大学附属大阪ベイクリニック,CODE,G004012,代表,森ノ宮医療大学附属大阪ベイクリニック 大阪市住之江区 公式サイト
313707807434,医療法人碧医会　あおい皮フ科,2715809683,547-0035,大阪府,大阪市平野区西脇３丁目５番１号平野クリニックビル５階,,碧医会あおい皮フ科,CODE,G004013,代表,医療法人碧医会 あおい皮フ科 大阪市平野区 公式サイト
313587873509,岩田クリニック,2715809428,547-0034,大阪府,大阪市平野区背戸口２丁目１２番２５号,,岩田クリニック,CODE,G004014,代表,岩田クリニック 大阪市平野区 公式サイト
313707923188,城眼科クリニック,2715809675,547-0002,大阪府,大阪市平野区加美東４丁目１９番２４号,,城眼科クリニック,CODE,G004015,代表,城眼科クリニック 大阪市平野区 公式サイト
313707844283,プラーナ診療所,2715809162,547-0014,大阪府,大阪市平野区長吉川辺二丁目１番３２号,,プラナ診療所,CODE,G004016,代表,プラーナ診療所 大阪市平野区 公式サイト
313663161068,医療法人　中村診療所,2715701203,575-0052,大阪府,四條畷市中野一丁目３番１号,,中村診療所,CODE,G004017,代表,医療法人 中村診療所 四條畷市 公式サイト
313544878798,安部クリニック,2715701393,575-0013,大阪府,四條畷市田原台五丁目１７番２１号,,安部クリニック,CODE,G004018,代表,安部クリニック 四條畷市 公式サイト
313707807433,るうてるホーム診療所,2715701500,575-0002,大阪府,四條畷市岡山五丁目１９番２０号,,るうてるホム診療所,CODE,G004019,代表,るうてるホーム診療所 四條畷市 公式サイト
313700815578,はかまだ耳鼻咽喉科,2715701237,575-0003,大阪府,四條畷市岡山東一丁目８番３号山口ビル２階,,はかまだ耳鼻咽喉科,CODE,G004020,代表,はかまだ耳鼻咽喉科 四條畷市 公式サイト
313571675852,八尾総合クリニックス,2715507840,581-0004,大阪府,八尾市東本町三丁目４番１６号,,八尾総合クリニックス,CODE,G004021,代表,八尾総合クリニックス 八尾市 公式サイト
313700663013,医療法人孝德会　徳田診療所,2715507493,581-0022,大阪府,八尾市柏村町４丁目３０８－１,,孝德会徳田診療所,CODE,G004022,代表,医療法人孝德会 徳田診療所 八尾市 公式サイト
313553855192,医療法人　親和会　林医院,2715506651,581-0801,大阪府,八尾市山城町２丁目２番３０号,,親和会林医院,CODE,G004023,代表,医療法人 親和会 林医院 八尾市 公式サイト
313656142542,医療法人博友会　井上医院,2715301376,592-0014,大阪府,高石市綾園一丁目７番３号,,博友会井上医院,CODE,G004024,代表,医療法人博友会 井上医院 高石市 公式サイト
313561076439,藤原医院,2715504359,581-0865,大阪府,八尾市服部川七丁目４９番地,,藤原医院,CODE,G004025,代表,藤原医院 八尾市 公式サイト
313707873996,医療法人桜会　はせがわ整形外科,2715013948,578-0974,大阪府,東大阪市鴻池元町１１番７号　１階,,桜会はせがわ整形外科,CODE,G004026,代表,医療法人桜会 はせがわ整形外科 東大阪市 公式サイト
313707844282,はやかわ眼科,2715204174,534-0021,大阪府,大阪市都島区都島本通３－２４－７,,はやかわ眼科,CODE,G004027,代表,はやかわ眼科 大阪市都島区 公式サイト
313700782816,医療法人　未来会　みらいクリニック,2715012957,578-0971,大阪府,東大阪市鴻池本町２番２８号,,未来会みらいクリニック,CODE,G004028,代表,医療法人 未来会 みらいクリニック 東大阪市 公式サイト
313700744941,みどり　ＢＥＡＵＴＹ　ＣＬＩＮＩＣ,2715014730,578-0944,大阪府,東大阪市若江西新町１－２－４瓜生堂クリニックビルＳｏｕｔｈ３階,,みどりbeautyclinic,CODE,G004029,代表,みどり BEAUTY CLINIC 東大阪市 公式サイト
313504634586,医療法人　紀光会　平井クリニック,2715203614,534-0027,大阪府,大阪市都島区中野町五丁目１３番４号タワープラザアベニュー１階,,紀光会平井クリニック,CODE,G004030,代表,医療法人 紀光会 平井クリニック 大阪市都島区 公式サイト
313700815577,医療法人浩真会　秋山内科医院,2715012098,578-0931,大阪府,東大阪市花園東町二丁目１１番１４号秋山内科ビル１階,,浩真会秋山内科医院,CODE,G004031,代表,医療法人浩真会 秋山内科医院 東大阪市 公式サイト
313700710090,白山医院,2715012429,577-0843,大阪府,東大阪市荒川１丁目１５−２３,,白山医院,CODE,G004032,代表,白山医院 東大阪市 公式サイト
313700663012,村上診療所,2715011694,578-0925,大阪府,東大阪市稲葉三丁目１２番３０号,,村上診療所,CODE,G004033,代表,村上診療所 東大阪市 公式サイト
313707843321,上津クリニック,2715010795,578-0941,大阪府,東大阪市岩田町四丁目３番１４号２０１希来里若江岩田２階,,上津クリニック,CODE,G004034,代表,上津クリニック 東大阪市 公式サイト
313707807432,医療法人　大久保小児科医院,2715010597,579-8013,大阪府,東大阪市西石切町一丁目１１番２０号新石切出口正ビル２階,,大久保小児科医院,CODE,G004035,代表,医療法人 大久保小児科医院 東大阪市 公式サイト
313707807431,医療法人　碇眼科医院,2715010233,579-8046,大阪府,東大阪市昭和町９番１号,,碇眼科医院,CODE,G004036,代表,医療法人 碇眼科医院 東大阪市 公式サイト
313700744940,医療法人　光仁会　東川クリニック,2715010308,578-0944,大阪府,東大阪市若江西新町三丁目６番１７号,,光仁会東川クリニック,CODE,G004037,代表,医療法人 光仁会 東川クリニック 東大阪市 公式サイト
313700663011,医療法人真正会　若江岩田クリニック,2715010753,578-0941,大阪府,東大阪市岩田町四丁目３番１４号希来里２階,,真正会若江岩田クリニック,CODE,G004038,代表,医療法人真正会 若江岩田クリニック 東大阪市 公式サイト
313656142541,村田医院,2714902133,584-0076,大阪府,富田林市青葉丘８番１４号,,村田医院,CODE,G004039,代表,村田医院 富田林市 公式サイト
313700815576,とのむらクリニック,2714601396,582-0009,大阪府,柏原市大正３－２－３１　２階,,とのむらクリニック,CODE,G004040,代表,とのむらクリニック 柏原市 公式サイト
313700782815,医療法人　栄滉会　佐藤眼科,2714902299,584-0025,大阪府,富田林市若松町西二丁目１４０１番地５,,栄滉会佐藤眼科,CODE,G004041,代表,医療法人 栄滉会 佐藤眼科 富田林市 公式サイト
313561076438,こうもと内科・消化器内視鏡クリニック,2714802994,580-0016,大阪府,松原市上田４丁目３番１９号,,こうもと内科消化器内視鏡クリニック,CODE,G004042,代表,こうもと内科・消化器内視鏡クリニック 松原市 公式サイト
313700815575,医療法人恵永会　わたなべクリニック整形外科・乳腺外科,2714407216,536-0004,大阪府,大阪市城東区今福西一丁目９番３号メディカルアベニュー城東２階３階,,恵永会わたなべクリニック整形外科乳腺外科,CODE,G004043,代表,医療法人恵永会 わたなべクリニック整形外科・乳腺外科 大阪市城東区 公式サイト
313700710089,医療法人龍志会　ＩＧＴクリニック,2714502826,598-0047,大阪府,泉佐野市りんくう往来南３番４１,,龍志会igtクリニック,CODE,G004044,代表,医療法人龍志会 IGTクリニック 泉佐野市 公式サイト
313587873508,医療法人亀廣記念医学会　関西サナトリウム,2714501067,598-0006,大阪府,泉佐野市市場西３－９－２８,,亀廣記念医学会関西サナトリウム,CODE,G004045,代表,医療法人亀廣記念医学会 関西サナトリウム 泉佐野市 公式サイト
313707923187,中川クリニック,2715401002,595-0805,大阪府,泉北郡忠岡町忠岡東二丁目２２番１５－１３号,,中川クリニック,CODE,G004046,代表,中川クリニック 泉北郡忠岡町 公式サイト
313707843320,植月診療所,2714407042,536-0002,大阪府,大阪市城東区今福東３丁目５番６号メディカルモール今福３階,,植月診療所,CODE,G004047,代表,植月診療所 大阪市城東区 公式サイト
313553855191,大野外科胃腸科,2714501091,598-0002,大阪府,泉佐野市中庄４２－８,,大野外科胃腸科,CODE,G004048,代表,大野外科胃腸科 泉佐野市 公式サイト
313700744939,宮木医院リオムメンタルクリニック,2714406929,536-0022,大阪府,大阪市城東区永田４丁目８番１０号,,宮木医院リオムメンタルクリニック,CODE,G004049,代表,宮木医院リオムメンタルクリニック 大阪市城東区 公式サイト
313700815574,市田内科クリニック,2715301756,592-0014,大阪府,高石市綾園七丁目７番２４号,,市田内科クリニック,CODE,G004050,代表,市田内科クリニック 高石市 公式サイト
313656142540,ふなおか消化器・内視鏡クリニック,2714406663,536-0002,大阪府,大阪市城東区今福東１－１３－８今福つるみクリニックビル１階,,ふなおか消化器内視鏡クリニック,CODE,G004051,代表,ふなおか消化器・内視鏡クリニック 大阪市城東区 公式サイト
313504634585,泌尿器科守屋クリニック,2714406085,536-0005,大阪府,大阪市城東区中央一丁目８番２７号アルマンド蒲生１階,,泌尿器科守屋クリニック,CODE,G004052,代表,泌尿器科守屋クリニック 大阪市城東区 公式サイト
313707923185,医療法人栄寿会　上田医院,2715301749,592-0014,大阪府,高石市綾園三丁目３番２４号,,栄寿会上田医院,CODE,G004053,代表,医療法人栄寿会 上田医院 高石市 公式サイト
313707923186,南條医院,2714403868,536-0021,大阪府,大阪市城東区諏訪四丁目１５番３１号,,南條医院,CODE,G004054,代表,南條医院 大阪市城東区 公式サイト
313707873995,医療法人宏西会　西岡ファミリークリニック,2715013922,578-0922,大阪府,東大阪市松原一丁目１６番３４号,,宏西会西岡ファミリクリニック,CODE,G004055,代表,医療法人宏西会 西岡ファミリークリニック 東大阪市 公式サイト
313587873507,医療法人福肇会　正木脳神経外科クリニック,2714404387,536-0016,大阪府,大阪市城東区蒲生二丁目９番７号,,福肇会正木脳神経外科クリニック,CODE,G004056,代表,医療法人福肇会 正木脳神経外科クリニック 大阪市城東区 公式サイト
313561076437,こすぎ整形外科リウマチ科,2715015059,577-0061,大阪府,東大阪市森河内西二丁目２５番１号,,こすぎ整形外科リウマチ科,CODE,G004057,代表,こすぎ整形外科リウマチ科 東大阪市 公式サイト
313504634584,大石クリニック,2715010241,577-0807,大阪府,東大阪市菱屋西一丁目１５番２１号,,大石クリニック,CODE,G004058,代表,大石クリニック 東大阪市 公式サイト
313707843319,医療法人　近藤医院,2715007254,577-0056,大阪府,東大阪市長堂一丁目２番５号,,近藤医院,CODE,G004059,代表,医療法人 近藤医院 東大阪市 公式サイト
313707873994,医療法人　竹村内科,2715006371,577-0807,大阪府,東大阪市菱屋西三丁目４番３２号,,竹村内科,CODE,G004060,代表,医療法人 竹村内科 東大阪市 公式サイト
313656142539,チェックアップ健診センター,2714902372,584-0025,大阪府,富田林市若松町西１－１８４１－１アジア商事ビル１階１０６号,,チェックアップ健診センタ,CODE,G004061,代表,チェックアップ健診センター 富田林市 公式サイト
313707843318,医療法人真医会　福永クリニック,2714303233,556-0011,大阪府,大阪市浪速区難波中一丁目６番１－１０１号,,真医会福永クリニック,CODE,G004062,代表,医療法人真医会 福永クリニック 大阪市浪速区 公式サイト
313707807430,赤山クリニック,2714502271,598-0021,大阪府,泉佐野市日根野７２４５番地,,赤山クリニック,CODE,G004063,代表,赤山クリニック 泉佐野市 公式サイト
313700815573,北中耳鼻咽喉科医院,2714800832,580-0033,大阪府,松原市天美南５－２２－１,,北中耳鼻咽喉科医院,CODE,G004064,代表,北中耳鼻咽喉科医院 松原市 公式サイト
313700782814,金剛団地診療所　児島医院,2714902224,584-0073,大阪府,富田林市寺池台一丁目９番７２号,,金剛団地診療所児島医院,CODE,G004065,代表,金剛団地診療所 児島医院 富田林市 公式サイト
313700744938,医療法人雅会　みやびクリニック,2714303639,556-0025,大阪府,大阪市浪速区浪速東三丁目７番１号,,雅会みやびクリニック,CODE,G004066,代表,医療法人雅会 みやびクリニック 大阪市浪速区 公式サイト
313700663010,医療法人友徳会　石井クリニック,2714503071,598-0046,大阪府,泉佐野市羽倉崎２丁目５番１５号ＴＲビル２Ｆ,,友徳会石井クリニック,CODE,G004067,代表,医療法人友徳会 石井クリニック 泉佐野市 公式サイト
313663161067,医療法人健成会　なりたクリニック,2714406952,536-0002,大阪府,大阪市城東区今福東一丁目１４番１１号鶴見メディカルビル５階,,健成会なりたクリニック,CODE,G004068,代表,医療法人健成会 なりたクリニック 大阪市城東区 公式サイト
313656142538,楓こころのホスピタル,2714502065,598-0002,大阪府,泉佐野市中庄１０２５番地,,楓こころのホスピタル,CODE,G004069,代表,楓こころのホスピタル 泉佐野市 公式サイト
313553855190,寿里苑サラ診療所,2714802218,580-0013,大阪府,松原市丹南四丁目１７２,,寿里苑サラ診療所,CODE,G004070,代表,寿里苑サラ診療所 松原市 公式サイト
313707843317,医療法人　健徳会　浅井クリニック,2714502446,598-0032,大阪府,泉佐野市新安松二丁目２番３６号,,健徳会浅井クリニック,CODE,G004071,代表,医療法人 健徳会 浅井クリニック 泉佐野市 公式サイト
313700710088,近畿大学医学部　関西国際空港クリニック,2714501588,549-0001,大阪府,泉佐野市泉州空港北１番地,,近畿大学医学部関西国際空港クリニック,CODE,G004072,代表,近畿大学医学部 関西国際空港クリニック 泉佐野市 公式サイト
313553855189,中村医院,2714208382,567-0018,大阪府,茨木市太田１丁目１３番２６号,,中村医院,CODE,G004073,代表,中村医院 茨木市 公式サイト
313544878797,医療法人　みずの眼科,2714208465,567-0032,大阪府,茨木市西駅前町６番２号クリニックステーション茨木駅前１階,,みずの眼科,CODE,G004074,代表,医療法人 みずの眼科 茨木市 公式サイト
313504634583,社会福祉法人至善会　至善荘診療所,2714405129,536-0016,大阪府,大阪市城東区蒲生四丁目２番１０号,,至善会至善荘診療所,CODE,G004075,代表,社会福祉法人至善会 至善荘診療所 大阪市城東区 公式サイト
313707873993,ファイヤークリニック大阪院,2714114499,530-0013,大阪府,大阪市北区茶屋町１２番６号エスパシオン梅田ビル３階,,ファイヤクリニック大阪院,CODE,G004076,代表,ファイヤークリニック大阪院 大阪市北区 公式サイト
313571675851,社会医療法人　協和会　ハートフルクリニック,2714114309,531-0041,大阪府,大阪市北区天神橋七丁目４番５号,,協和会ハトフルクリニック,CODE,G004077,代表,社会医療法人 協和会 ハートフルクリニック 大阪市北区 公式サイト
313707807429,医療法人陽風会　片山メンタルクリニック,2714206071,567-0829,大阪府,茨木市双葉町８番１号　奥村ビル４階,,陽風会片山メンタルクリニック,CODE,G004078,代表,医療法人陽風会 片山メンタルクリニック 茨木市 公式サイト
313700815572,大阪梅田耳鼻咽喉科　ゆあさクリニック,2714112592,530-0001,大阪府,大阪市北区梅田１丁目８番１６号ヒルトンプラザイースト４階,,大阪梅田耳鼻咽喉科ゆあさクリニック,CODE,G004079,代表,大阪梅田耳鼻咽喉科 ゆあさクリニック 大阪市北区 公式サイト
313700663009,医療法人かがやき　くぼた眼科,2714207087,567-0832,大阪府,茨木市白川一丁目３番２２号,,かがやきくぼた眼科,CODE,G004080,代表,医療法人かがやき くぼた眼科 茨木市 公式サイト
313663161066,医療法人涼葵会　Ｗ　ＣＬＩＮＩＣ　梅田院,2714111917,530-0001,大阪府,大阪市北区梅田２丁目１番２１号レイズウメダビル４階,,涼葵会wclinic梅田院,CODE,G004081,代表,医療法人涼葵会 W CLINIC 梅田院 大阪市北区 公式サイト
313561076436,医療法人　瑠璃会　岩﨑正洋クリニック,2714206543,567-0831,大阪府,茨木市鮎川三丁目９番３１号,,瑠璃会岩﨑正洋クリニック,CODE,G004082,代表,医療法人 瑠璃会 岩﨑正洋クリニック 茨木市 公式サイト
313553855188,マイヘルスクリニック西天満院,2714114200,530-0047,大阪府,大阪市北区西天満三丁目１３番２０号ＡＳビル３階,,マイヘルスクリニック西天満院,CODE,G004083,代表,マイヘルスクリニック西天満院 大阪市北区 公式サイト
313553855187,社会福祉法人　幸聖福祉会診療所,2714105927,531-0073,大阪府,大阪市北区本庄西二丁目６番１５号,,幸聖福祉会診療所,CODE,G004084,代表,社会福祉法人 幸聖福祉会診療所 大阪市北区 公式サイト
313544878796,坂上クリニック,2714113186,530-0041,大阪府,大阪市北区天神橋２丁目３番１０号,,坂上クリニック,CODE,G004085,代表,坂上クリニック 大阪市北区 公式サイト
313656142537,梅田ＮＯＲＩ内科・消化器内科クリニック,2714110851,530-0018,大阪府,大阪市北区小松原町３番３号ＯＳビル８階,,梅田nori内科消化器内科クリニック,CODE,G004086,代表,梅田NORI内科・消化器内科クリニック 大阪市北区 公式サイト
313700782813,えつこ内科クリニック,2714014210,560-0024,大阪府,豊中市末広町１丁目６－２２－１０１,,えつこ内科クリニック,CODE,G004087,代表,えつこ内科クリニック 豊中市 公式サイト
313561076435,城医院,2714014202,561-0833,大阪府,豊中市庄内幸町２－１２－４,,城医院,CODE,G004088,代表,城医院 豊中市 公式サイト
313707873992,医療法人社団藤樹会　ゆみこ皮フ科,2714014855,560-0021,大阪府,豊中市本町三丁目４番２７号豊中本町メディカルブリッジ３Ｆ,,藤樹会ゆみこ皮フ科,CODE,G004089,代表,医療法人社団藤樹会 ゆみこ皮フ科 豊中市 公式サイト
313700815571,医療法人良風会　桂クリニック,2714013766,561-0822,大阪府,豊中市三国一丁目６番１４号,,良風会桂クリニック,CODE,G004090,代表,医療法人良風会 桂クリニック 豊中市 公式サイト
313587873506,医療法人　ひらの耳鼻咽喉科,2714013469,560-0054,大阪府,豊中市桜の町一丁目５番１３号,,ひらの耳鼻咽喉科,CODE,G004091,代表,医療法人 ひらの耳鼻咽喉科 豊中市 公式サイト
313544878795,谷皮フ科,2714013170,561-0832,大阪府,豊中市庄内西町３－２－６,,谷皮フ科,CODE,G004092,代表,谷皮フ科 豊中市 公式サイト
313707843316,むやスキンクリニック,2714012305,560-0082,大阪府,豊中市新千里東町一丁目４番２号千里ライフサイエンスセンタービル８階,,むやスキンクリニック,CODE,G004093,代表,むやスキンクリニック 豊中市 公式サイト
313700744937,医療法人律政会　都井メンタルクリニック,2714012925,560-0021,大阪府,豊中市本町一丁目２番５３号　高山第３ビル８階,,律政会都井メンタルクリニック,CODE,G004094,代表,医療法人律政会 都井メンタルクリニック 豊中市 公式サイト
313504634582,医療法人げんき会　川口こどもクリニック,2714011919,560-0003,大阪府,豊中市東豊中町四丁目６番３６号細川メディカルビル１階,,げんき会川口こどもクリニック,CODE,G004095,代表,医療法人げんき会 川口こどもクリニック 豊中市 公式サイト
313571675850,橋中内科小児科クリニック,2714010853,561-0829,大阪府,豊中市千成町二丁目６番７号,,橋中内科小児科クリニック,CODE,G004096,代表,橋中内科小児科クリニック 豊中市 公式サイト
313700710087,医療法人良知会　中村クリニック,2714010457,561-0853,大阪府,豊中市服部南町四丁目１番２４号,,良知会中村クリニック,CODE,G004097,代表,医療法人良知会 中村クリニック 豊中市 公式サイト
313656142536,ワタナベクリニック,2714010549,560-0085,大阪府,豊中市上新田三丁目４番１７号　１０１,,ワタナベクリニック,CODE,G004098,代表,ワタナベクリニック 豊中市 公式サイト
313707807428,医療法人　堀江クリニック,2714007669,560-0021,大阪府,豊中市本町９－１０－１０－１０３　ハイツリバーサイド１階,,堀江クリニック,CODE,G004099,代表,医療法人 堀江クリニック 豊中市 公式サイト
313587873505,医療法人　みやじま医院,2714007479,561-0804,大阪府,豊中市曽根南町一丁目５番１３号,,みやじま医院,CODE,G004100,代表,医療法人 みやじま医院 豊中市 公式サイト
313553855186,医療法人　スミ内科,2714007032,561-0872,大阪府,豊中市寺内二丁目４番１号緑地駅ビル２階,,スミ内科,CODE,G004101,代表,医療法人 スミ内科 豊中市 公式サイト
313700663008,尼子小児科医院,,618-0024,大阪府,三島郡島本町若山台二丁目６番５棟１０１号,,尼子小児科医院,ZIP+NAME,G004102,代表,尼子小児科医院 三島郡島本町 公式サイト
313707923184,医療法人光惠会　恵愛クリニック,2714207301,567-0085,大阪府,茨木市彩都あさぎ１丁目２番１号,,光惠会恵愛クリニック,CODE,G004103,代表,医療法人光惠会 恵愛クリニック 茨木市 公式サイト
313707873991,皮フ科シュウゾー,2714010648,561-0871,大阪府,豊中市東寺内町１３番１０号コーポ上原２階,,皮フ科シュウゾ,CODE,G004104,代表,皮フ科シュウゾー 豊中市 公式サイト
313707873990,医療法人海春会　あかりクリニック,2714015183,561-0884,大阪府,豊中市岡町北三丁目１番２２号,,海春会あかりクリニック,CODE,G004105,代表,医療法人海春会 あかりクリニック 豊中市 公式サイト
313700815570,医療法人三慧会　ＨＯＲＡＣグランフロント大阪クリニック,2714110935,530-0011,大阪府,大阪市北区大深町３番１号グランフロント大阪タワーＢ１５階,,三慧会horacグランフロント大阪クリニック,CODE,G004106,代表,医療法人三慧会 HORACグランフロント大阪クリニック 大阪市北区 公式サイト
313700815569,木村　整形外科,2714303316,556-0014,大阪府,大阪市浪速区大国１丁目３－２０－１Ｆ、２Ｆ,,木村整形外科,CODE,G004107,代表,木村 整形外科 大阪市浪速区 公式サイト
313656142535,ふじもとクリニック,2714207160,567-0031,大阪府,茨木市春日二丁目２番９号やまだいビル２階,,ふじもとクリニック,CODE,G004108,代表,ふじもとクリニック 茨木市 公式サイト
313587873504,医療法人幸裕会　天下茶屋内科クリニック,2713305957,557-0015,大阪府,大阪市西成区花園南二丁目７番８号泰山第１ビル１階,,幸裕会天下茶屋内科クリニック,CODE,G004109,代表,医療法人幸裕会 天下茶屋内科クリニック 大阪市西成区 公式サイト
313561076434,かわむらのりこクリニック,,573-1105,大阪府,枚方市南楠葉一丁目３０番１号川島第２４ビル２０１号,,かわむらのりこクリニック,ZIP+NAME,G004110,代表,かわむらのりこクリニック 枚方市 公式サイト
313553855185,医療法人ゴールド会　高橋ゴールドマンクリニック,2714110943,530-0051,大阪府,大阪市北区太融寺町５番１３号東梅田パークビル６Ｆ,,ゴルド会高橋ゴルドマンクリニック,CODE,G004111,代表,医療法人ゴールド会 高橋ゴールドマンクリニック 大阪市北区 公式サイト
313700744936,医療法人友広会　整形外科星田クリニック,2713602056,576-0017,大阪府,交野市星田北六丁目１５番１号トナリエ星田メディカルゾーン２階２０６区画,,友広会整形外科星田クリニック,CODE,G004112,代表,医療法人友広会 整形外科星田クリニック 交野市星田北六丁目15番1号トナリエ星田メディカルゾーン2階206区 公式サイト
313700663007,医療法人孝尽会　透析クリニック大正橋,2714303175,556-0021,大阪府,大阪市浪速区幸町三丁目８番１８号,,孝尽会透析クリニック大正橋,CODE,G004113,代表,医療法人孝尽会 透析クリニック大正橋 大阪市浪速区 公式サイト
313656142534,社会医療法人山紀会　山本第三病院,2713304158,557-0063,大阪府,大阪市西成区南津守四丁目５番２０号,,山紀会山本第三病院,CODE,G004114,代表,社会医療法人山紀会 山本第三病院 大阪市西成区 公式サイト
313587873503,うさみ整形外科,2714015035,561-0832,大阪府,豊中市庄内西町３丁目４番１５号２階，３階,,うさみ整形外科,CODE,G004115,代表,うさみ整形外科 豊中市 公式サイト
313544878794,医療法人　山尾診療所,2714107543,530-0041,大阪府,大阪市北区天神橋二丁目４番２２号,,山尾診療所,CODE,G004116,代表,医療法人 山尾診療所 大阪市北区 公式サイト
313707923183,医療法人紫博会　なかむかいクリニック,2714205016,567-0886,大阪府,茨木市下中条町４番５号ラ・フレール２階,,紫博会なかむかいクリニック,CODE,G004117,代表,医療法人紫博会 なかむかいクリニック 茨木市 公式サイト
313700782812,大阪梅田こころのクリニック,2714112741,530-0001,大阪府,大阪市北区梅田１丁目８番１６号ヒルトンプラザイ－スト４階,,大阪梅田こころのクリニック,CODE,G004118,代表,大阪梅田こころのクリニック 大阪市北区 公式サイト
313700782811,増田内科医院,2714204597,567-0886,大阪府,茨木市下中条町３番４号アークＡ１階,,増田内科医院,CODE,G004119,代表,増田内科医院 茨木市 公式サイト
313700710086,社会医療法人行岡医学研究会　行岡病院,2714102734,530-0021,大阪府,大阪市北区浮田二丁目２番３号,,行岡医学研究会行岡病院,CODE,G004120,代表,社会医療法人行岡医学研究会 行岡病院 大阪市北区 公式サイト
313700710085,医療法人　西村耳鼻咽喉科,2714105109,530-0017,大阪府,大阪市北区角田町８番４７号阪急グランドビル２２階,,西村耳鼻咽喉科,CODE,G004121,代表,医療法人 西村耳鼻咽喉科 大阪市北区 公式サイト
313663161065,山村皮フ科クリニック,2713901045,618-0014,大阪府,三島郡島本町水無瀬一丁目２３番４号島本健康モール３Ｆ,,山村皮フ科クリニック,CODE,G004122,代表,山村皮フ科クリニック 三島郡島本町 公式サイト
313561076433,はまもと整形外科,2713204028,570-0003,大阪府,守口市大日町三丁目１番９号大日フクダビル２０２号,,はまもと整形外科,CODE,G004123,代表,はまもと整形外科 守口市 公式サイト
313553855184,医療法人　岡藤会　岡藤クリニック,2714302649,556-0021,大阪府,大阪市浪速区幸町一丁目２番２号,,岡藤会岡藤クリニック,CODE,G004124,代表,医療法人 岡藤会 岡藤クリニック 大阪市浪速区 公式サイト
313544878793,大阪駅前こころのクリニック,2714110992,530-0012,大阪府,大阪市北区芝田２丁目１番１８号西阪急ビル地下１階,,大阪駅前こころのクリニック,CODE,G004125,代表,大阪駅前こころのクリニック 大阪市北区 公式サイト
313707873989,医療法人永令会　大川ＶＡ透析クリニック,2712408794,573-1197,大阪府,枚方市禁野本町一丁目１６番６号　アクロポリス有馬２階,,永令会大川va透析クリニック,CODE,G004126,代表,医療法人永令会 大川VA透析クリニック 枚方市 公式サイト
313700815568,医療法人　孝清会　清田医院,2713601751,576-0015,大阪府,交野市星田西三丁目１２番１号,,孝清会清田医院,CODE,G004127,代表,医療法人 孝清会 清田医院 交野市 公式サイト
313587873502,鈴木診療所,2713307391,557-0051,大阪府,大阪市西成区橘３丁目１２番２号,,鈴木診療所,CODE,G004128,代表,鈴木診療所 大阪市西成区 公式サイト
313587873501,小西耳鼻咽喉科,2714109762,530-0041,大阪府,大阪市北区天神橋五丁目７番１１号,,小西耳鼻咽喉科,CODE,G004129,代表,小西耳鼻咽喉科 大阪市北区 公式サイト
313571675849,夢宏健会レディースクリニック,2712702873,551-0003,大阪府,大阪市大正区千島２丁目４－４パルティちしま１階,,夢宏健会レディスクリニック,CODE,G004130,代表,夢宏健会レディースクリニック 大阪市大正区 公式サイト
313561076432,ひろざね内科・循環器科,2713007009,533-0013,大阪府,大阪市東淀川区豊里四丁目５番２１号大光ビル１階,,ひろざね内科循環器科,CODE,G004131,代表,ひろざね内科・循環器科 大阪市東淀川区 公式サイト
313504634581,春光会クリニック,2713306427,557-0001,大阪府,大阪市西成区山王一丁目８番３号ドゥスプランドゥール１階,,春光会クリニック,CODE,G004132,代表,春光会クリニック 大阪市西成区 公式サイト
313707843315,医療法人　馨秋会　秋山内科,2713104020,535-0031,大阪府,大阪市旭区高殿三丁目１５番１８号,,馨秋会秋山内科,CODE,G004133,代表,医療法人 馨秋会 秋山内科 大阪市旭区 公式サイト
313707807427,医療法人輝晃会　北村医院,2713103923,535-0005,大阪府,大阪市旭区赤川四丁目１７番５号,,輝晃会北村医院,CODE,G004134,代表,医療法人輝晃会 北村医院 大阪市旭区 公式サイト
313700815567,医療法人豊潤会　彭医院,2714013428,561-0834,大阪府,豊中市庄内栄町四丁目７番１４号,,豊潤会彭医院,CODE,G004135,代表,医療法人豊潤会 彭医院 豊中市 公式サイト
313663161064,医療法人真会　吉岡医院,2712602867,571-0061,大阪府,門真市朝日町１５番１号,,真会吉岡医院,CODE,G004136,代表,医療法人真会 吉岡医院 門真市 公式サイト
313571675848,医療法人円美会　すぎもと皮フ科,2713601959,576-0041,大阪府,交野市私部西２丁目６番１号メディカルテラスかたの２０１,,円美会すぎもと皮フ科,CODE,G004137,代表,医療法人円美会 すぎもと皮フ科 交野市 公式サイト
313544878792,医療法人　ガクト会　ナグモクリニック大阪,2714110232,530-0001,大阪府,大阪市北区梅田２丁目６－２０パシフィックマークス西梅田１４階,,ガクト会ナグモクリニック大阪,CODE,G004138,代表,医療法人 ガクト会 ナグモクリニック大阪 大阪市北区 公式サイト
313707873988,岸田内科,2712204664,544-0003,大阪府,大阪市生野区小路東一丁目３番２６号岸田振興ビル２階,,岸田内科,CODE,G004139,代表,岸田内科 大阪市生野区 公式サイト
313707807426,医療法人邦和会　生野病院,2712207352,544-0032,大阪府,大阪市生野区中川西三丁目４番７号,,邦和会生野病院,CODE,G004140,代表,医療法人邦和会 生野病院 大阪市生野区 公式サイト
313700663006,医療法人真秀良会　まほら会診療所,2713305544,557-0003,大阪府,大阪市西成区天下茶屋北二丁目５番１号,,真秀良会まほら会診療所,CODE,G004141,代表,医療法人真秀良会 まほら会診療所 大阪市西成区 公式サイト
313707923182,ひの小児科,2712802053,554-0001,大阪府,大阪市此花区高見二丁目１３番３号,,ひの小児科,CODE,G004142,代表,ひの小児科 大阪市此花区 公式サイト
313707843314,後藤医院,2713307409,557-0044,大阪府,大阪市西成区玉出中２丁目１５番２１号ＨＫビル３階,,後藤医院,CODE,G004143,代表,後藤医院 大阪市西成区 公式サイト
313700815566,孫クリニック,2712206289,544-0031,大阪府,大阪市生野区鶴橋一丁目３番８号,,孫クリニック,CODE,G004144,代表,孫クリニック 大阪市生野区 公式サイト
313700815565,医療法人　稲本眼科医院,2712306873,545-0003,大阪府,大阪市阿倍野区美章園３丁目３番１０号,,稲本眼科医院,CODE,G004145,代表,医療法人 稲本眼科医院 大阪市阿倍野区 公式サイト
313700663005,特別養護老人ホームウェルネスあびこ付設診療所,2712005996,558-0015,大阪府,大阪市住吉区我孫子西一丁目２番１５号,,特別養護老人ホムウェルネスあびこ付設診療所,CODE,G004146,代表,特別養護老人ホームウェルネスあびこ付設診療所 大阪市住吉区 公式サイト
313656142533,秀美福祉会診療所,2712404801,573-0134,大阪府,枚方市春日東町二丁目１２番１０号,,秀美福祉会診療所,CODE,G004147,代表,秀美福祉会診療所 枚方市 公式サイト
313571675847,医療法人健緑会　田ノ口診療所,2712409289,573-1162,大阪府,枚方市田口１丁目２１番１１号,,健緑会田ノ口診療所,CODE,G004148,代表,医療法人健緑会 田ノ口診療所 枚方市 公式サイト
313553855183,おおみち整形外科リハビリテーションクリニック,2712409362,573-0064,大阪府,枚方市北中振３丁目２０番１０号ひらら光善寺３０７,,おおみち整形外科リハビリテションクリニック,CODE,G004149,代表,おおみち整形外科リハビリテーションクリニック 枚方市 公式サイト
313707807425,坂口医院,2712007000,558-0004,大阪府,大阪市住吉区長居東４丁目１１番１２号,,坂口医院,CODE,G004150,代表,坂口医院 大阪市住吉区 公式サイト
313700815564,医療法人　松風会　多田耳鼻咽喉科医院,2712007455,558-0033,大阪府,大阪市住吉区清水丘二丁目２３番２１号,,松風会多田耳鼻咽喉科医院,CODE,G004151,代表,医療法人 松風会 多田耳鼻咽喉科医院 大阪市住吉区 公式サイト
313707873987,医療法人嘉健会　思温病院,2713305718,557-0034,大阪府,大阪市西成区松一丁目１番３１号,,嘉健会思温病院,CODE,G004152,代表,医療法人嘉健会 思温病院 大阪市西成区 公式サイト
313707843313,医療法人博慈会　中川クリニック,2713104939,535-0021,大阪府,大阪市旭区清水二丁目１１番１号,,博慈会中川クリニック,CODE,G004153,代表,医療法人博慈会 中川クリニック 大阪市旭区 公式サイト
313700782810,社会福祉法人枚方療育園　ビアンエトール恭愛附属診療所,2713304430,557-0063,大阪府,大阪市西成区南津守一丁目４番７号,,枚方療育園ビアンエトル恭愛附属診療所,CODE,G004154,代表,社会福祉法人枚方療育園 ビアンエトール恭愛附属診療所 大阪市西成区 公式サイト
313700744935,医療法人一善会　山内医院,2713701262,566-0011,大阪府,摂津市千里丘東２－１２－１５,,一善会山内医院,CODE,G004155,代表,医療法人一善会 山内医院 摂津市 公式サイト
313700744934,医療法人　山田クリニック,2713802003,583-0886,大阪府,羽曳野市恵我之荘五丁目１番２３号,,山田クリニック,CODE,G004156,代表,医療法人 山田クリニック 羽曳野市 公式サイト
313700744933,医療法人優心会　丘の上きのうクリニック,2713802672,583-0865,大阪府,羽曳野市羽曳が丘西二丁目２番９号,,優心会丘の上きのうクリニック,CODE,G004157,代表,医療法人優心会 丘の上きのうクリニック 羽曳野市 公式サイト
313571675846,医療法人正尚会　清水眼科,2713402721,583-0007,大阪府,藤井寺市林５丁目７番２９号ＫＭ土師ノ里メディカルビル２Ｆ,,正尚会清水眼科,CODE,G004158,代表,医療法人正尚会 清水眼科 藤井寺市 公式サイト
313700815563,橋本眼科,2713202626,570-0032,大阪府,守口市菊水通一丁目１番１１号,,橋本眼科,CODE,G004159,代表,橋本眼科 守口市 公式サイト
313571675845,医療法人永紘会　足立内科クリニック,2713104871,535-0021,大阪府,大阪市旭区清水三丁目１番１４号柴眼科ビル３階,,永紘会足立内科クリニック,CODE,G004160,代表,医療法人永紘会 足立内科クリニック 大阪市旭区 公式サイト
313504634579,医療法人優心会　千林クリニック,2713104756,535-0021,大阪府,大阪市旭区清水３丁目３番３３号,,優心会千林クリニック,CODE,G004161,代表,医療法人優心会 千林クリニック 大阪市旭区 公式サイト
313707923181,おはらクリニック,2712602982,571-0048,大阪府,門真市新橋町３番３棟３０８号,,おはらクリニック,CODE,G004162,代表,おはらクリニック 門真市 公式サイト
313707843312,医療法人　八木眼科,2712502786,563-0048,大阪府,池田市呉服町一丁目１番３０１号,,八木眼科,CODE,G004163,代表,医療法人 八木眼科 池田市 公式サイト
313700782809,医療法人　行岡整形外科,2713104848,535-0031,大阪府,大阪市旭区高殿３丁目１５番１６号,,行岡整形外科,CODE,G004164,代表,医療法人 行岡整形外科 大阪市旭区 公式サイト
313700744932,医療法人　松下こどもクリニック,2712603253,571-0030,大阪府,門真市末広町１８番９号,,松下こどもクリニック,CODE,G004165,代表,医療法人 松下こどもクリニック 門真市 公式サイト
313663161063,医療法人彰療会　大正病院,2712700570,551-0002,大阪府,大阪市大正区三軒家東五丁目５番１６号,,彰療会大正病院,CODE,G004166,代表,医療法人彰療会 大正病院 大阪市大正区 公式サイト
313656142532,社会福祉法人邦寿会　特別養護老人ホーム高殿苑診療所,2713104855,535-0031,大阪府,大阪市旭区高殿五丁目１０番７号,,邦寿会特別養護老人ホム高殿苑診療所,CODE,G004167,代表,社会福祉法人邦寿会 特別養護老人ホーム高殿苑診療所 大阪市旭区 公式サイト
313504634580,中井医院,2713008163,533-0033,大阪府,大阪市東淀川区東中島２－２０－７シュウライフ新大阪１Ｆ,,中井医院,CODE,G004168,代表,中井医院 大阪市東淀川区 公式サイト
313707923180,医療法人星丘会　泌尿器科山田クリニック,2712405642,573-0021,大阪府,枚方市中宮西之町１５番１８－１０１号,,星丘会泌尿器科山田クリニック,CODE,G004169,代表,医療法人星丘会 泌尿器科山田クリニック 枚方市 公式サイト
313707807424,社会医療法人みどり会　中村記念クリニック,2712407952,573-0152,大阪府,枚方市藤阪中町３番２０号,,みどり会中村記念クリニック,CODE,G004170,代表,社会医療法人みどり会 中村記念クリニック 枚方市 公式サイト
313700663004,医療法人健優会　髙橋クリニック,2712604160,571-0013,大阪府,門真市千石東町２番４６号ウインズビル１階Ａ,,健優会髙橋クリニック,CODE,G004171,代表,医療法人健優会 髙橋クリニック 門真市 公式サイト
313700663003,社会医療法人美杉会　佐藤クリニックまきの,2712405212,573-1148,大阪府,枚方市西牧野四丁目８番１０号,,美杉会佐藤クリニックまきの,CODE,G004172,代表,社会医療法人美杉会 佐藤クリニックまきの 枚方市 公式サイト
313663161062,医療法人北辰会　天の川病院,2712409156,573-0022,大阪府,枚方市宮之阪２丁目２０番１号,,北辰会天の川病院,CODE,G004173,代表,医療法人北辰会 天の川病院 枚方市 公式サイト
313587873500,いちかわ眼科クリニック,2713007983,533-0022,大阪府,大阪市東淀川区菅原５丁目１１－１２,,いちかわ眼科クリニック,CODE,G004174,代表,いちかわ眼科クリニック 大阪市東淀川区 公式サイト
313561076431,荻野整形外科,2712409800,573-0107,大阪府,枚方市長尾宮前１丁目１－５－１０３シャルム宮前１Ｆ,,荻野整形外科,CODE,G004175,代表,荻野整形外科 枚方市 公式サイト
313553855182,柳田町診療所,2712603956,571-0038,大阪府,門真市柳田町１５番２３号,,柳田町診療所,CODE,G004176,代表,柳田町診療所 門真市 公式サイト
313700710084,医療法人仁善会　田中クリニック,2712206578,544-0024,大阪府,大阪市生野区生野西二丁目３番８号電気館ビル１Ｆ,,仁善会田中クリニック,CODE,G004177,代表,医療法人仁善会 田中クリニック 大阪市生野区 公式サイト
313707923179,おおまち眼科,2712306386,545-0034,大阪府,大阪市阿倍野区阿倍野元町６番７号,,おおまち眼科,CODE,G004178,代表,おおまち眼科 大阪市阿倍野区 公式サイト
313707923178,医療法人　はぐくみ会　あべのメディカルクリニック,2712306949,545-0052,大阪府,大阪市阿倍野区阿倍野筋三丁目５番１７－１０１号,,はぐくみ会あべのメディカルクリニック,CODE,G004179,代表,医療法人 はぐくみ会 あべのメディカルクリニック 大阪市阿倍野区 公式サイト
313700663002,医療法人凉庵会　整形外科吉田クリニック,2712306212,545-0021,大阪府,大阪市阿倍野区阪南町二丁目２０番１６号,,凉庵会整形外科吉田クリニック,CODE,G004180,代表,医療法人凉庵会 整形外科吉田クリニック 大阪市阿倍野区 公式サイト
313656142531,医療法人　永松医院,2712404116,573-1133,大阪府,枚方市招提元町二丁目１番２１号,,永松医院,CODE,G004181,代表,医療法人 永松医院 枚方市 公式サイト
313656142530,うみがめクリニック,2711804548,550-0002,大阪府,大阪市西区江戸堀３－１－１９フェスタ江戸堀５０１,,うみがめクリニック,CODE,G004182,代表,うみがめクリニック 大阪市西区 公式サイト
313707873986,きたすみ皮フ科,2712006077,558-0004,大阪府,大阪市住吉区長居東四丁目９番１１号昭栄ビル１階,,きたすみ皮フ科,CODE,G004183,代表,きたすみ皮フ科 大阪市住吉区 公式サイト
313707843311,いそのかみ皮フ科,2711902334,574-0046,大阪府,大東市赤井一丁目５番２０２号ラプラス住道２Ｆ,,いそのかみ皮フ科,CODE,G004184,代表,いそのかみ皮フ科 大東市 公式サイト
313707807423,岡崎医院,2711902722,574-0025,大阪府,大東市御供田４丁目１番５号,,岡崎医院,CODE,G004185,代表,岡崎医院 大東市 公式サイト
313700782808,住吉あべ眼科,2712007992,558-0055,大阪府,大阪市住吉区万代４丁目１番７号２階,,住吉あべ眼科,CODE,G004186,代表,住吉あべ眼科 大阪市住吉区 公式サイト
313656142529,健クリニック,2711802906,550-0002,大阪府,大阪市西区江戸堀一丁目１１番４号損保ジャパン肥後橋ビル１階,,健クリニック,CODE,G004187,代表,健クリニック 大阪市西区 公式サイト
313587873499,医療法人同友会　共和病院,2712204235,544-0021,大阪府,大阪市生野区勝山南四丁目１６番１０号,,同友会共和病院,CODE,G004188,代表,医療法人同友会 共和病院 大阪市生野区 公式サイト
313561076430,沢井産婦人科医院,2712006515,558-0032,大阪府,大阪市住吉区遠里小野三丁目４番８号,,沢井産婦人科医院,CODE,G004189,代表,沢井産婦人科医院 大阪市住吉区 公式サイト
313553855181,特別養護老人ホーム瑞光苑診療所,2712205604,544-0014,大阪府,大阪市生野区巽東四丁目１１番１０号,,特別養護老人ホム瑞光苑診療所,CODE,G004190,代表,特別養護老人ホーム瑞光苑診療所 大阪市生野区 公式サイト
313700782807,小山医院,2712005582,558-0043,大阪府,大阪市住吉区墨江四丁目１番８号エクシオール１階,,小山医院,CODE,G004191,代表,小山医院 大阪市住吉区 公式サイト
313553855180,医療法人　律政会　阿波座とい内科クリニック,2711804373,550-0012,大阪府,大阪市西区立売堀６丁目３番８号フレスポ阿波座２階,,律政会阿波座とい内科クリニック,CODE,G004192,代表,医療法人 律政会 阿波座とい内科クリニック 大阪市西区 公式サイト
313700815562,かつもとメンタルクリニック,2711704094,543-0056,大阪府,大阪市天王寺区堀越町１０番１３号天王寺まつむらビル２階,,かつもとメンタルクリニック,CODE,G004193,代表,かつもとメンタルクリニック 大阪市天王寺区 公式サイト
313663161061,医療法人　よしだ睡眠呼吸クリニック,2711803318,550-0011,大阪府,大阪市西区阿波座１丁目６番１３号カーニープレイス本町３階,,よしだ睡眠呼吸クリニック,CODE,G004194,代表,医療法人 よしだ睡眠呼吸クリニック 大阪市西区 公式サイト
313544878790,医療法人兵頭記念会　兵頭耳鼻咽喉科クリニック,2711704409,543-0023,大阪府,大阪市天王寺区味原町１３番８号サンエイ下味原第１ビル６階,,兵頭記念会兵頭耳鼻咽喉科クリニック,CODE,G004195,代表,医療法人兵頭記念会 兵頭耳鼻咽喉科クリニック 大阪市天王寺区 公式サイト
313700815561,医療法人暁雄会　まつもと眼科,2711609590,564-0082,大阪府,吹田市片山町二丁目４番１号,,暁雄会まつもと眼科,CODE,G004196,代表,医療法人暁雄会 まつもと眼科 吹田市 公式サイト
313561076429,山田駅前もりした内科クリニック,2711610564,565-0824,大阪府,吹田市山田西四丁目２番７０号ジオタワー千里山田１階,,山田駅前もりした内科クリニック,CODE,G004197,代表,山田駅前もりした内科クリニック 吹田市 公式サイト
313707873985,陳　整形外科クリニック,2711608048,565-0824,大阪府,吹田市山田西３－７７－７,,陳整形外科クリニック,CODE,G004198,代表,陳 整形外科クリニック 吹田市 公式サイト
313707843310,垂水医院,2711607305,564-0062,大阪府,吹田市垂水町二丁目６番３３号,,垂水医院,CODE,G004199,代表,垂水医院 吹田市 公式サイト
313700710083,医療法人　竹中消化器科・外科クリニック,2711703625,543-0044,大阪府,大阪市天王寺区国分町５番７号藤田ビル１階,,竹中消化器科外科クリニック,CODE,G004200,代表,医療法人 竹中消化器科・外科クリニック 大阪市天王寺区 公式サイト
313656142528,たけのこクリニック,2711607206,565-0821,大阪府,吹田市山田東一丁目１１番１号宮の前グリーンハイツ１階,,たけのこクリニック,CODE,G004201,代表,たけのこクリニック 吹田市 公式サイト
313707923177,おおば内科クリニック,2711505079,537-0014,大阪府,大阪市東成区大今里西２丁目１６番９号,,おおば内科クリニック,CODE,G004202,代表,おおば内科クリニック 大阪市東成区 公式サイト
313707873984,医療法人　街クリニック,2711103321,596-0805,大阪府,岸和田市田治米町４５８番地の４,,街クリニック,CODE,G004203,代表,医療法人 街クリニック 岸和田市 公式サイト
313707843309,エクセディクリニック,2710302056,572-0822,大阪府,寝屋川市木田元宮一丁目１－１,,エクセディクリニック,CODE,G004204,代表,エクセディクリニック 寝屋川市 公式サイト
313707843308,医療法人社団ＤＥＮ　みいクリニックみのお,2711403291,562-0001,大阪府,箕面市箕面６－７－４５　２階,,denみいクリニックみのお,CODE,G004205,代表,医療法人社団DEN みいクリニックみのお 箕面市 公式サイト
313707807422,医療法人　わくい耳鼻科,2711402657,562-0031,大阪府,箕面市小野原東三丁目４番１７号,,わくい耳鼻科,CODE,G004206,代表,医療法人 わくい耳鼻科 箕面市 公式サイト
313700815560,医療法人協仁会　クリニックこまつ,2710305000,572-0015,大阪府,寝屋川市川勝町１１番１号,,協仁会クリニックこまつ,CODE,G004207,代表,医療法人協仁会 クリニックこまつ 寝屋川市 公式サイト
313700744931,大阪体育大学診療所,2711202149,590-0459,大阪府,泉南郡熊取町朝代台１番１号,,大阪体育大学診療所,CODE,G004208,代表,大阪体育大学診療所 泉南郡熊取町 公式サイト
313656142526,真野内科クリニック,2711607065,564-0082,大阪府,吹田市片山町一丁目１４番２３号ソレイユ片山１階,,真野内科クリニック,CODE,G004209,代表,真野内科クリニック 吹田市 公式サイト
313587873498,ふくもと整形外科　リハビリテーションクリニック,2711403697,562-0045,大阪府,箕面市瀬川４丁目３－４３,,ふくもと整形外科リハビリテションクリニック,CODE,G004210,代表,ふくもと整形外科 リハビリテーションクリニック 箕面市 公式サイト
313571675844,医療法人晃晴会　もりの眼科分院,2711003018,555-0001,大阪府,大阪市西淀川区佃三丁目６番１３号エトワール千舟１０１号室,,晃晴会もりの眼科分院,CODE,G004211,代表,医療法人晃晴会 もりの眼科分院 大阪市西淀川区 公式サイト
313561076428,医療法人英惠会　白石整形外科,2710906062,569-0025,大阪府,高槻市藤の里町１８番２６号,,英惠会白石整形外科,CODE,G004212,代表,医療法人英惠会 白石整形外科 高槻市 公式サイト
313544878789,柴山神経科クリニック,2711503561,537-0021,大阪府,大阪市東成区東中本三丁目１番３号,,柴山神経科クリニック,CODE,G004213,代表,柴山神経科クリニック 大阪市東成区 公式サイト
313707923176,医療法人康上会　おおしろ耳鼻咽喉科,2710808342,546-0042,大阪府,大阪市東住吉区西今川二丁目１４番１２号,,康上会おおしろ耳鼻咽喉科,CODE,G004214,代表,医療法人康上会 おおしろ耳鼻咽喉科 大阪市東住吉区 公式サイト
313707873983,清水内科,2710121571,590-0141,大阪府,堺市南区桃山台二丁１５番１号,,清水内科,CODE,G004215,代表,清水内科 堺市南区 公式サイト
313707843307,しもむら内科クリニック,2710907649,569-0025,大阪府,高槻市藤の里町９－５,,しもむら内科クリニック,CODE,G004216,代表,しもむら内科クリニック 高槻市 公式サイト
313700815559,なかはら内科医院,2710306289,572-0033,大阪府,寝屋川市池田東町９－３ドムール池田１階,,なかはら内科医院,CODE,G004217,代表,なかはら内科医院 寝屋川市 公式サイト
313700782806,医療法人　桜箕会　前田内科クリニック,2711402749,562-0041,大阪府,箕面市桜４丁目１１番１５号箕面桜医療ビル２階,,桜箕会前田内科クリニック,CODE,G004218,代表,医療法人 桜箕会 前田内科クリニック 箕面市 公式サイト
313700710082,中村医院,2710124211,592-8343,大阪府,堺市西区浜寺元町五丁５１６－１,,中村医院,CODE,G004219,代表,中村医院 堺市西区 公式サイト
313663161060,医療法人共生会　アールクリニック,2710909108,569-0036,大阪府,高槻市子二丁目１６番２号１階,,共生会アルクリニック,CODE,G004220,代表,医療法人共生会 アールクリニック 高槻市 公式サイト
313553855179,医療法人　晃有会　大和田ササセ皮フ科,2711003547,555-0032,大阪府,大阪市西淀川区大和田２－２－４３,,晃有会大和田ササセ皮フ科,CODE,G004221,代表,医療法人 晃有会 大和田ササセ皮フ科 大阪市西淀川区 公式サイト
313504634578,福井療院,2912001142,633-0315,奈良県,宇陀市室生大野２２５３,,福井療院,CODE,G004222,代表,福井療院 宇陀市 公式サイト
313700710081,医療法人邦寿会　いけだクリニック,2710501855,594-0081,大阪府,和泉市葛の葉町６０番地の１１,,邦寿会いけだクリニック,CODE,G004223,代表,医療法人邦寿会 いけだクリニック 和泉市 公式サイト
313700663001,名越医院,2711003208,555-0024,大阪府,大阪市西淀川区野里二丁目４番２９号,,名越医院,CODE,G004224,代表,名越医院 大阪市西淀川区 公式サイト
313656142525,医療法人尚信会　整形外科河村医院,2710402419,552-0016,大阪府,大阪市港区三先一丁目１０番３０号,,尚信会整形外科河村医院,CODE,G004225,代表,医療法人尚信会 整形外科河村医院 大阪市港区 公式サイト
313587873497,法務省共済組合検察庁大阪支部診療所,2710203833,553-8511,大阪府,大阪市福島区福島１丁目１番６０号大阪中之島合同庁舎２４階,,法務省共済組合検察庁大阪支部診療所,CODE,G004226,代表,法務省共済組合検察庁大阪支部診療所 大阪市福島区 公式サイト
313587873496,なかやま内科医院,2710503745,594-0005,大阪府,和泉市幸三丁目１０番３５号,,なかやま内科医院,CODE,G004227,代表,なかやま内科医院 和泉市 公式サイト
313504634577,医療法人修進会　古河クリニック,2711401642,562-0001,大阪府,箕面市箕面四丁目１７番４３号,,修進会古河クリニック,CODE,G004228,代表,医療法人修進会 古河クリニック 箕面市 公式サイト
313504634576,飯田眼科医院,2710202728,553-0007,大阪府,大阪市福島区大開一丁目１４番５号,,飯田眼科医院,CODE,G004229,代表,飯田眼科医院 大阪市福島区 公式サイト
313707807421,笹井内科,2710702362,586-0094,大阪府,河内長野市小山田町６３１－１,,笹井内科,CODE,G004230,代表,笹井内科 河内長野市 公式サイト
313700663000,医療法人　北川クリニック,2710905684,569-1114,大阪府,高槻市別所新町３番１９号,,北川クリニック,CODE,G004231,代表,医療法人 北川クリニック 高槻市 公式サイト
313656142524,堺医院,2710904810,569-0803,大阪府,高槻市高槻町１４番７号,,堺医院,CODE,G004232,代表,堺医院 高槻市 公式サイト
313587873495,社会医療法人仙養会　北摂総合病院,2710906641,569-8585,大阪府,高槻市北柳川町６番２４号,,仙養会北摂総合病院,CODE,G004233,代表,社会医療法人仙養会 北摂総合病院 高槻市 公式サイト
313571675843,金澤クリニック,2710502093,594-0073,大阪府,和泉市和気町二丁目３番７号,,金澤クリニック,CODE,G004234,代表,金澤クリニック 和泉市 公式サイト
313544878788,医療法人和洲会　けやきクリニック,2711105599,596-0811,大阪府,岸和田市下池田町二丁目１０番３１号,,和洲会けやきクリニック,CODE,G004235,代表,医療法人和洲会 けやきクリニック 岸和田市 公式サイト
313656142523,医療法人藤田会　フジタ病院,2710200995,553-0006,大阪府,大阪市福島区吉野二丁目１０番１１号,,藤田会フジタ病院,CODE,G004236,代表,医療法人藤田会 フジタ病院 大阪市福島区 公式サイト
313561076427,たぶち耳鼻咽喉科,2710306503,572-0825,大阪府,寝屋川市萱島南町１５番１０号,,たぶち耳鼻咽喉科,CODE,G004237,代表,たぶち耳鼻咽喉科 寝屋川市 公式サイト
313707807420,田仲循環器科・内科医院,2710202603,553-0002,大阪府,大阪市福島区鷺洲三丁目７番２７号東海ビル２階,,田仲循環器科内科医院,CODE,G004238,代表,田仲循環器科・内科医院 大阪市福島区 公式サイト
313553855178,坂口クリニック,2710116829,590-0015,大阪府,堺市堺区南田出井町２－５－２０,,坂口クリニック,CODE,G004239,代表,坂口クリニック 堺市堺区 公式サイト
313707807419,社会医療法人頌徳会　日野病院,2710109758,599-8123,大阪府,堺市東区北野田６２６番地,,頌徳会日野病院,CODE,G004240,代表,社会医療法人頌徳会 日野病院 堺市東区 公式サイト
313700782805,医療法人　山田眼科医院,2710122298,591-8037,大阪府,堺市北区百舌鳥赤畑町四丁２５４番１,,山田眼科医院,CODE,G004241,代表,医療法人 山田眼科医院 堺市北区 公式サイト
313700744930,太田耳鼻咽喉科,2911502546,636-0081,奈良県,北葛城郡河合町星和台１－９－６,,太田耳鼻咽喉科,CODE,G004242,代表,太田耳鼻咽喉科 北葛城郡河合町 公式サイト
313700744929,医療法人　田邉耳鼻咽喉科,2710115896,590-0137,大阪府,堺市南区城山台三丁３番１号,,田邉耳鼻咽喉科,CODE,G004243,代表,医療法人 田邉耳鼻咽喉科 堺市南区 公式サイト
313700744928,わだばやし皮膚科,2910801428,635-0031,奈良県,大和高田市今里町５－２８,,わだばやし皮膚科,CODE,G004244,代表,わだばやし皮膚科 大和高田市 公式サイト
313544878787,柏木耳鼻咽喉科,2911202998,634-0063,奈良県,橿原市久米町６１５番地　赤心ビル１Ｆ,,柏木耳鼻咽喉科,CODE,G004245,代表,柏木耳鼻咽喉科 橿原市 公式サイト
313707923175,医療法人　山本診療所,2912001043,633-0251,奈良県,宇陀市榛原ひのき坂２丁目１番９,,山本診療所,CODE,G004246,代表,医療法人 山本診療所 宇陀市 公式サイト
313700815558,松山医院,2910900816,632-0052,奈良県,天理市柳本町１９６番地１,,松山医院,CODE,G004247,代表,松山医院 天理市 公式サイト
313656142522,内科松山医院,2911800817,639-0236,奈良県,香芝市磯壁６丁目２３４－６,,内科松山医院,CODE,G004248,代表,内科松山医院 香芝市 公式サイト
313587873494,南和広域医療企業団　吉野病院,2911701692,639-3114,奈良県,吉野郡吉野町大字丹治１３０番１,,南和広域医療企業団吉野病院,CODE,G004249,代表,南和広域医療企業団 吉野病院 吉野郡吉野町 公式サイト
313561076426,医療法人髙宮会　髙宮病院,2910901426,632-0052,奈良県,天理市柳本町１１０２,,髙宮会髙宮病院,CODE,G004250,代表,医療法人髙宮会 髙宮病院 天理市 公式サイト
313553855177,医療法人谷山耳鼻咽喉科クリニック,2911801344,639-0266,奈良県,香芝市旭ケ丘五丁目３６番地１４,,谷山耳鼻咽喉科クリニック,CODE,G004251,代表,医療法人谷山耳鼻咽喉科クリニック 香芝市 公式サイト
313544878786,小宮クリニック,2712004882,558-0045,大阪府,大阪市住吉区住吉一丁目１３番２３号,,小宮クリニック,CODE,G004252,代表,小宮クリニック 大阪市住吉区 公式サイト
313700744927,医療法人　渡部診療所,2712004809,558-0052,大阪府,大阪市住吉区帝塚山西一丁目１２番２０号,,渡部診療所,CODE,G004253,代表,医療法人 渡部診療所 大阪市住吉区 公式サイト
313700662999,あべ眼科,,574-0016,大阪府,大東市南津の辺町７－３５南津の辺メディカルモール,,あべ眼科,ZIP+NAME,G004254,代表,あべ眼科 大東市 公式サイト
313700710080,医療法人明栄会　上川耳鼻咽喉科,2711901237,574-0002,大阪府,大東市錦町１０番３号,,明栄会上川耳鼻咽喉科,CODE,G004255,代表,医療法人明栄会 上川耳鼻咽喉科 大東市 公式サイト
313663161059,医療法人仁泉会　阪奈病院,2711900353,574-0014,大阪府,大東市寺川１－１－３１,,仁泉会阪奈病院,CODE,G004256,代表,医療法人仁泉会 阪奈病院 大東市 公式サイト
313707923174,よねもと内科クリニック,2711705083,543-0031,大阪府,大阪府大阪市天王寺区石ケ辻町１８－２１　上六ときビル３Ｆ,,よねもと内科クリニック,CODE,G004257,代表,よねもと内科クリニック 大阪府大阪市天王寺区 公式サイト
313504634575,医療法人真光会　つじもと眼科クリニック阿波座院,2711803672,550-0005,大阪府,大阪市西区西本町３丁目１番１号３階３０１号室,,真光会つじもと眼科クリニック阿波座院,CODE,G004258,代表,医療法人真光会 つじもと眼科クリニック阿波座院 大阪市西区 公式サイト
313707843306,松井胃腸科クリニック,2711703740,543-0071,大阪府,大阪市天王寺区生玉町２番３号小出ビル３階,,松井胃腸科クリニック,CODE,G004259,代表,松井胃腸科クリニック 大阪市天王寺区 公式サイト
313553855176,大阪きづがわ医療福祉生活協同組合　医療生協ながほり通り診療所,2711803169,550-0013,大阪府,大阪市西区新町四丁目１０番１０号,,大阪きづがわ医療福祉生活協同組合ながほり通り診療所,CODE,G004260,代表,大阪きづがわ医療福祉生活協同組合 医療生協ながほり通り診療所 大阪市西区 公式サイト
313707843305,上本町リウマチこまちクリニック,2711705224,543-0031,大阪府,大阪市天王寺区石ケ辻町１３－１４,,上本町リウマチこまちクリニック,CODE,G004261,代表,上本町リウマチこまちクリニック 大阪市天王寺区 公式サイト
313700710079,べる皮ふ科形成外科,2711610259,565-0875,大阪府,吹田市青山台４－６－２５,,べる皮ふ科形成外科,CODE,G004262,代表,べる皮ふ科形成外科 吹田市 公式サイト
313656141561,医療法人　弘仁会　可児医院,2711703641,543-0051,大阪府,大阪市天王寺区四天王寺一丁目５番４５号,,弘仁会可児医院,CODE,G004263,代表,医療法人 弘仁会 可児医院 大阪市天王寺区 公式サイト
313587873493,緒方整形外科医院,2711611000,565-0842,大阪府,吹田市千里山東２丁目２７番１４号阪急千里山駅前ウェルビーイングテラス５階,,緒方整形外科医院,CODE,G004264,代表,緒方整形外科医院 吹田市 公式サイト
313707873982,長谷クリニック,2711609798,564-0018,大阪府,吹田市岸部新町５番４５号ビエラ岸辺健都２Ｆ,,長谷クリニック,CODE,G004265,代表,長谷クリニック 吹田市 公式サイト
313707807418,遠藤クリニック,2711702080,543-0002,大阪府,大阪市天王寺区上汐五丁目５番２号,,遠藤クリニック,CODE,G004266,代表,遠藤クリニック 大阪市天王寺区 公式サイト
313700815557,医療法人　小林耳鼻咽喉科,2711702379,543-0052,大阪府,大阪市天王寺区大道四丁目１０番４号たつみビル２階,,小林耳鼻咽喉科,CODE,G004267,代表,医療法人 小林耳鼻咽喉科 大阪市天王寺区 公式サイト
313544878785,すずき皮膚科クリニック,2711609772,565-0824,大阪府,吹田市山田西２丁目４山田西Ｃ団地Ａ１－１１１,,すずき皮膚科クリニック,CODE,G004268,代表,すずき皮膚科クリニック 吹田市 公式サイト
313571675842,えもと心の健康クリニック,2711608782,565-0855,大阪府,吹田市佐竹台１丁目４番１号クリニックモール南千里３０１,,えもと心の健康クリニック,CODE,G004269,代表,えもと心の健康クリニック 吹田市 公式サイト
313700662998,医療法人　垂桜会　奥田内科クリニック,2711608287,564-0062,大阪府,吹田市垂水町１丁目７－１３号,,垂桜会奥田内科クリニック,CODE,G004270,代表,医療法人 垂桜会 奥田内科クリニック 吹田市 公式サイト
313553855175,つばき内科クリニック,2711611091,564-0028,大阪府,吹田市昭和町１番１号アイワステーションビル１階,,つばき内科クリニック,CODE,G004271,代表,つばき内科クリニック 吹田市 公式サイト
313700815556,田坂皮フ科クリニック,2711608261,565-0862,大阪府,吹田市津雲台１－２－Ｄ９南千里ビル　２０５号,,田坂皮フ科クリニック,CODE,G004272,代表,田坂皮フ科クリニック 吹田市 公式サイト
313700744926,寺野医院,2711607354,564-0027,大阪府,吹田市朝日町３サンクス３番館３０２号,,寺野医院,CODE,G004273,代表,寺野医院 吹田市 公式サイト
313656141560,医療法人　のぎ内科医院,2711604914,565-0863,大阪府,吹田市竹見台２－７－７,,のぎ内科医院,CODE,G004274,代表,医療法人 のぎ内科医院 吹田市 公式サイト
313587873492,ちくりん診療所,2711606885,565-0853,大阪府,吹田市春日二丁目２５番１０号,,ちくりん診療所,CODE,G004275,代表,ちくりん診療所 吹田市 公式サイト
313587873491,医療法人貴晶会　戸田リウマチ科クリニック,2711605978,564-0051,大阪府,吹田市豊津町１４番１号ブレスビル５階,,貴晶会戸田リウマチ科クリニック,CODE,G004276,代表,医療法人貴晶会 戸田リウマチ科クリニック 吹田市 公式サイト
313707923173,医療法人　切通眼科,2711503850,537-0021,大阪府,大阪市東成区東中本一丁目１５番２３号,,切通眼科,CODE,G004277,代表,医療法人 切通眼科 大阪市東成区 公式サイト
313707806457,津田耳鼻咽喉科,2711603312,565-0823,大阪府,吹田市山田南３０番８号ムラタビル２階,,津田耳鼻咽喉科,CODE,G004278,代表,津田耳鼻咽喉科 吹田市 公式サイト
313700710078,医療法人　あべ耳鼻咽喉科,2711605739,564-0027,大阪府,吹田市朝日町５番１１号シップスビル２０１号,,あべ耳鼻咽喉科,CODE,G004279,代表,医療法人 あべ耳鼻咽喉科 吹田市 公式サイト
313700662997,山水診療所,2711503694,537-0003,大阪府,大阪市東成区神路一丁目１０番３号,,山水診療所,CODE,G004280,代表,山水診療所 大阪市東成区 公式サイト
313707923172,ミモザ皮膚科クリニック,2711403689,562-0045,大阪府,箕面市瀬川四丁目３番４３号,,ミモザ皮膚科クリニック,CODE,G004281,代表,ミモザ皮膚科クリニック 箕面市 公式サイト
313561076425,医療法人　箕面の森整形外科クリニック,2711403036,562-0013,大阪府,箕面市坊島五丁目４番２３号,,箕面の森整形外科クリニック,CODE,G004282,代表,医療法人 箕面の森整形外科クリニック 箕面市 公式サイト
313707806456,医療法人幸寿会　辻本内科・胃腸科,2711301412,597-0004,大阪府,貝塚市西町６番８号メゾンラメール１階,,幸寿会辻本内科胃腸科,CODE,G004283,代表,医療法人幸寿会 辻本内科・胃腸科 貝塚市 公式サイト
313700815555,医療法人田村会　貝塚中央病院,2711300455,597-0043,大阪府,貝塚市橋本１０００番地,,田村会貝塚中央病院,CODE,G004284,代表,医療法人田村会 貝塚中央病院 貝塚市 公式サイト
313700815554,医療法人喜和会　島田診療所,2711202305,598-0092,大阪府,泉南郡田尻町吉見６６５番地４,,喜和会島田診療所,CODE,G004285,代表,医療法人喜和会 島田診療所 泉南郡田尻町 公式サイト
313707806455,医療法人　あかぎ小児科,2711003471,555-0013,大阪府,大阪市西淀川区千舟二丁目８番２８号信栄千船ビル１階,,あかぎ小児科,CODE,G004286,代表,医療法人 あかぎ小児科 大阪市西淀川区 公式サイト
313700782804,しんたに内科・糖尿病内科クリニック,2710808615,546-0043,大阪府,大阪市東住吉区駒川３－１７－１８,,しんたに内科糖尿病内科クリニック,CODE,G004287,代表,しんたに内科・糖尿病内科クリニック 大阪市東住吉区 公式サイト
313544878784,岸和田形成外科,,596-0825,大阪府,岸和田市土生町２丁目３２－３,,岸和田形成外科,ZIP+NAME,G004288,代表,岸和田形成外科 岸和田市 公式サイト
313656141559,大阪さくらメンタルクリニック,2711003463,555-0022,大阪府,大阪市西淀川区柏里２丁目１番１５号塚本駅前林ビル３階,,大阪さくらメンタルクリニック,CODE,G004289,代表,大阪さくらメンタルクリニック 大阪市西淀川区 公式サイト
313561076424,一般社団法人七星会　針中野内科消化器内視鏡クリニック,2710808649,546-0043,大阪府,大阪市東住吉区駒川５丁目２３番１８号針中野医療ビル２階,,七星会針中野内科消化器内視鏡クリニック,CODE,G004290,代表,一般社団法人七星会 針中野内科消化器内視鏡クリニック 大阪市東住吉区 公式サイト
313707843304,医療法人　中村医院本院,2710807013,546-0013,大阪府,大阪市東住吉区湯里六丁目１３番２３号,,中村医院本院,CODE,G004291,代表,医療法人 中村医院本院 大阪市東住吉区 公式サイト
313700744925,医療法人　おおうえこどもクリニック,2710503513,594-0031,大阪府,和泉市伏屋町三丁目３番８号エムズコート光明池１階,,おおうえこどもクリニック,CODE,G004292,代表,医療法人 おおうえこどもクリニック 和泉市 公式サイト
313663161058,医療法人良秀会　奥村病院,2710504099,594-0071,大阪府,和泉市府中町三丁目１５番３号,,良秀会奥村病院,CODE,G004293,代表,医療法人良秀会 奥村病院 和泉市 公式サイト
313571675841,みやざき整形外科,2710701984,586-0007,大阪府,河内長野市松ケ丘東町１８０５番１,,みやざき整形外科,CODE,G004294,代表,みやざき整形外科 河内長野市 公式サイト
313700782803,社会福祉法人　和泉福祉会　ひかりの園診療所,2710502127,594-1121,大阪府,和泉市下宮町１４１－１,,和泉福祉会ひかりの園診療所,CODE,G004295,代表,社会福祉法人 和泉福祉会 ひかりの園診療所 和泉市 公式サイト
313707873981,上田泌尿器科,2710501962,594-1101,大阪府,和泉市室堂町１７２３槌屋ビル２階,,上田泌尿器科,CODE,G004296,代表,上田泌尿器科 和泉市 公式サイト
313700815553,医療法人　浅井内科医院,2710401700,552-0004,大阪府,大阪市港区夕凪一丁目１１番２３号,,浅井内科医院,CODE,G004297,代表,医療法人 浅井内科医院 大阪市港区 公式サイト
313553855174,萱島おちキッズクリニック,2710306719,572-0828,大阪府,寝屋川市萱島桜園町８－１５,,萱島おちキッズクリニック,CODE,G004298,代表,萱島おちキッズクリニック 寝屋川市 公式サイト
313700662996,社会医療法人　弘道会　寝屋川生野病院,2710305885,572-0028,大阪府,寝屋川市日新町２番８号,,弘道会寝屋川生野病院,CODE,G004299,代表,社会医療法人 弘道会 寝屋川生野病院 寝屋川市 公式サイト
313544878783,医療法人　平本耳鼻咽喉科,2710304532,572-0050,大阪府,寝屋川市黒原城内町１４番地２８号,,平本耳鼻咽喉科,CODE,G004300,代表,医療法人 平本耳鼻咽喉科 寝屋川市 公式サイト
313707806453,なかえ耳鼻咽喉科,2910801402,635-0059,奈良県,大和高田市吉井３５０番地１,,なかえ耳鼻咽喉科,CODE,G004301,代表,なかえ耳鼻咽喉科 大和高田市 公式サイト
313700815552,神戸医院,2710304367,572-0836,大阪府,寝屋川市木田町１１番１０号,,神戸医院,CODE,G004302,代表,神戸医院 寝屋川市 公式サイト
313707923171,医療法人　琇清會　さくらい眼科,2910301635,630-0123,奈良県,生駒市真弓南２－６－５,,琇清會さくらい眼科,CODE,G004303,代表,医療法人 琇清會 さくらい眼科 生駒市 公式サイト
313700662994,おかむら整形外科,2910202569,639-1001,奈良県,大和郡山市九条町１８８－２,,おかむら整形外科,CODE,G004304,代表,おかむら整形外科 大和郡山市 公式サイト
313656141557,医療法人永成会　田中耳鼻咽喉科,2710203759,553-0006,大阪府,大阪市福島区吉野三丁目２１番２６号　メゾン西梅田１０１号室,,永成会田中耳鼻咽喉科,CODE,G004305,代表,医療法人永成会 田中耳鼻咽喉科 大阪市福島区 公式サイト
313587873490,花田医院,2710120870,591-8008,大阪府,堺市北区東浅香山町三丁１３,,花田医院,CODE,G004306,代表,花田医院 堺市北区 公式サイト
313504634573,医療法人いぶき会　さかぐちクリニック,2710123122,593-8301,大阪府,堺市西区上野芝町二丁７番３号西友楽市上野芝２階,,いぶき会さかぐちクリニック,CODE,G004307,代表,医療法人いぶき会 さかぐちクリニック 堺市西区 公式サイト
313700782802,医療法人　鎌田医院田園診療所,2911401194,637-0093,奈良県,五條市田園３－１１－１０，１１－９,,鎌田医院田園診療所,CODE,G004308,代表,医療法人 鎌田医院田園診療所 五條市 公式サイト
313700662995,医療法人　桃山台山本内科,2710118148,590-0141,大阪府,堺市南区桃山台４－２－６,,桃山台山本内科,CODE,G004309,代表,医療法人 桃山台山本内科 堺市南区 公式サイト
313544878782,杉本クリニック,2612801437,610-0101,京都府,城陽市平川横道７－４,,杉本クリニック,CODE,G004310,代表,杉本クリニック 城陽市 公式サイト
313700744924,伊藤皮フ科,2613200613,610-0357,京都府,京田辺市山手東１－２－３,,伊藤皮フ科,CODE,G004311,代表,伊藤皮フ科 京田辺市 公式サイト
313700710077,医療法人なかやま医院,2613001755,617-0814,京都府,京都府長岡京市今里三ノ坪５番地４,,なかやま医院,CODE,G004312,代表,医療法人なかやま医院 京都府長岡京市 公式サイト
313656141556,安渕眼科医院,2613200373,610-0334,京都府,京都府京田辺市田辺中央６－３－１近鉄新田辺西ビル６Ｆ,,安渕眼科医院,CODE,G004313,代表,安渕眼科医院 京都府京田辺市 公式サイト
313561076423,中辻耳鼻咽喉科クリニック,2910108642,631-0805,奈良県,奈良市右京１－３－４サンタウンすずらん館　１Ｆ,,中辻耳鼻咽喉科クリニック,CODE,G004314,代表,中辻耳鼻咽喉科クリニック 奈良市 公式サイト
313561076422,工藤内科クリニック,2612900734,614-8348,京都府,八幡市橋本東原５９－８,,工藤内科クリニック,CODE,G004315,代表,工藤内科クリニック 八幡市 公式サイト
313553855173,小林内科医院,2710109881,591-8023,大阪府,堺市北区中百舌鳥町６－８６７,,小林内科医院,CODE,G004316,代表,小林内科医院 堺市北区 公式サイト
313544878781,医療法人大塚医院,2910301288,630-0134,奈良県,生駒市あすか野北１丁目２番１２号,,大塚医院,CODE,G004317,代表,医療法人大塚医院 生駒市 公式サイト
313707843303,ピュア美容皮膚科・美容外科クリニック王寺駅前院,2911501720,636-0002,奈良県,北葛城郡王寺町王寺２－７－１３　ＳＡＮＫＯビル４階,,ピュア美容皮膚科美容外科クリニック王寺駅前院,CODE,G004318,代表,ピュア美容皮膚科・美容外科クリニック王寺駅前院 北葛城郡王寺町 公式サイト
313700782801,医療法人へんみ眼科クリニック,2911801377,639-0225,奈良県,香芝市瓦口２３１０番地,,へんみ眼科クリニック,CODE,G004319,代表,医療法人へんみ眼科クリニック 香芝市 公式サイト
313700744922,医療法人鈴懸　岩佐クリニック,2910110267,631-0014,奈良県,奈良市朝日町一丁目３番地１,,鈴懸岩佐クリニック,CODE,G004320,代表,医療法人鈴懸 岩佐クリニック 奈良市 公式サイト
313700662993,医療法人健英会　鍜治田クリニック,2910110572,631-0001,奈良県,奈良市北登美ケ丘３－１２－１５,,健英会鍜治田クリニック,CODE,G004321,代表,医療法人健英会 鍜治田クリニック 奈良市 公式サイト
313544878780,楠原クリニック,2910110614,630-8233,奈良県,奈良市小川町４番地,,楠原クリニック,CODE,G004322,代表,楠原クリニック 奈良市 公式サイト
313504634572,医療法人三谷医院,2910102389,630-8441,奈良県,奈良市神殿町１７１－４,,三谷医院,CODE,G004323,代表,医療法人三谷医院 奈良市 公式サイト
313707806452,医療法人圭仁会　にわもと内科・呼吸器クリニック,2911501670,636-0012,奈良県,北葛城郡王寺町本町四丁目４６番５０号,,圭仁会にわもと内科呼吸器クリニック,CODE,G004324,代表,医療法人圭仁会 にわもと内科・呼吸器クリニック 北葛城郡王寺町 公式サイト
313700782800,医療法人桜雲会　あや眼科クリニック,2911901185,639-2162,奈良県,葛城市尺土９番１０号　あすかビル２階,,桜雲会あや眼科クリニック,CODE,G004325,代表,医療法人桜雲会 あや眼科クリニック 葛城市 公式サイト
313700744923,医療法人松田医院,2910801261,635-0082,奈良県,大和高田市本郷町１０番２７号,,松田医院,CODE,G004326,代表,医療法人松田医院 大和高田市 公式サイト
313553855172,西岡医院,2911203145,634-0005,奈良県,橿原市北八木町３丁目５０－１,,西岡医院,CODE,G004327,代表,西岡医院 橿原市 公式サイト
313663161057,大月診療所,2910401310,633-0053,奈良県,桜井市大字谷９７番地・９８番地合併６,,大月診療所,CODE,G004328,代表,大月診療所 桜井市 公式サイト
313663161056,多田皮フ科形成外科,2910111299,631-0032,奈良県,奈良市あやめ池北１丁目３２番２１－Ａ１０１号,,多田皮フ科形成外科,CODE,G004329,代表,多田皮フ科形成外科 奈良市 公式サイト
313663161055,石川耳鼻咽喉科医院高田診療所,2910801006,635-0081,奈良県,大和高田市高砂町４－２２,,石川耳鼻咽喉科医院高田診療所,CODE,G004330,代表,石川耳鼻咽喉科医院高田診療所 大和高田市 公式サイト
313587873489,中村脳神経外科クリニック,2910111380,631-0041,奈良県,奈良市学園大和町二丁目１２５番地の５,,中村脳神経外科クリニック,CODE,G004331,代表,中村脳神経外科クリニック 奈良市 公式サイト
313656141555,バルツァ・ゴーデル,2910102967,630-8425,奈良県,奈良市鹿野園町１０００番１,,バルツァゴデル,CODE,G004332,代表,バルツァ・ゴーデル 奈良市 公式サイト
313707873980,医療法人尚学会ながみクリニック,2910102371,631-0006,奈良県,奈良市西登美ヶ丘５丁目３－８,,尚学会ながみクリニック,CODE,G004333,代表,医療法人尚学会ながみクリニック 奈良市 公式サイト
313700815551,太田眼科,2613200183,610-0331,京都府,京田辺市田辺北里２２,,太田眼科,CODE,G004334,代表,太田眼科 京田辺市 公式サイト
313707923170,堀医院,2613100888,617-0002,京都府,向日市寺戸町渋川３の２３,,堀医院,CODE,G004335,代表,堀医院 向日市 公式サイト
313561076421,乙訓医療生活協同組合医誠会診療所,2613100656,617-0002,京都府,向日市寺戸町殿長３７,,乙訓医療生活協同組合医誠会診療所,CODE,G004336,代表,乙訓医療生活協同組合医誠会診療所 向日市 公式サイト
313700815550,耳鼻咽喉科・アレルギー科　やすだクリニック,2612801627,610-0101,京都府,京都府城陽市平川横道８４－１,,耳鼻咽喉科アレルギ科やすだクリニック,CODE,G004337,代表,耳鼻咽喉科・アレルギー科 やすだクリニック 京都府城陽市 公式サイト
313544878779,医療法人社団ハシイ産婦人科ハシイウィメンズクリニック,2613001839,617-0826,京都府,京都府長岡京市開田３丁目４－２１,,ハシイ産婦人科ハシイウィメンズクリニック,CODE,G004338,代表,医療法人社団ハシイ産婦人科ハシイウィメンズクリニック 京都府長岡京市 公式サイト
313707843302,十倉佳史胃腸内科クリニック,2611601721,621-0846,京都府,亀岡市南つつじケ丘大葉台２丁目２８番２,,十倉佳史胃腸内科クリニック,CODE,G004339,代表,十倉佳史胃腸内科クリニック 亀岡市 公式サイト
313700815549,はまだクリニック,2612100806,626-0061,京都府,京都府宮津市字波路２２８６番地,,はまだクリニック,CODE,G004340,代表,はまだクリニック 京都府宮津市 公式サイト
313700710076,医療法人社団　松桜会　松川耳鼻咽喉科医院,2611401528,619-0232,京都府,相楽郡精華町桜が丘４丁目２４－１７,,松桜会松川耳鼻咽喉科医院,CODE,G004341,代表,医療法人社団 松桜会 松川耳鼻咽喉科医院 相楽郡精華町 公式サイト
313700815548,和田眼科,2611601978,621-0823,京都府,京都府亀岡市篠町馬堀伊賀ノ辻８－２,,和田眼科,CODE,G004342,代表,和田眼科 京都府亀岡市 公式サイト
313700662992,いちのはしクリニック,2611204120,611-0011,京都府,京都府宇治市五ケ庄折坂５６番１,,いちのはしクリニック,CODE,G004343,代表,いちのはしクリニック 京都府宇治市 公式サイト
313700815547,中山医院,2611203676,611-0041,京都府,京都府宇治市槇島町南落合３８－３,,中山医院,CODE,G004344,代表,中山医院 京都府宇治市 公式サイト
313561076420,なら家庭医療クリニック,2910112016,630-8306,奈良県,奈良市紀寺町４１６番地１,,なら家庭医療クリニック,CODE,G004345,代表,なら家庭医療クリニック 奈良市 公式サイト
313707806451,医療法人　明安堂　はせがわ明安堂クリニック,2610907707,612-8490,京都府,京都市伏見区下鳥羽南柳長町６番地,,明安堂はせがわ明安堂クリニック,CODE,G004346,代表,医療法人 明安堂 はせがわ明安堂クリニック 京都市伏見区 公式サイト
313707806450,医療法人藤堂クリニック,2610908051,612-8051,京都府,京都市伏見区今町６７７番地１,,藤堂クリニック,CODE,G004347,代表,医療法人藤堂クリニック 京都市伏見区 公式サイト
313504634571,はらだ糖尿病・腎・内科クリニック,2910109517,631-0003,奈良県,奈良市中登美ケ丘三丁目１番地１階,,はらだ糖尿病腎内科クリニック,CODE,G004348,代表,はらだ糖尿病・腎・内科クリニック 奈良市 公式サイト
313700744921,ひらおか内科クリニック,2910111323,631-0033,奈良県,奈良市あやめ池南６丁目３の３６,,ひらおか内科クリニック,CODE,G004349,代表,ひらおか内科クリニック 奈良市 公式サイト
313707873979,医療法人　やの医院,2610907665,601-1352,京都府,京都市伏見区醍醐南里町２６番地３,,やの医院,CODE,G004350,代表,医療法人 やの医院 京都市伏見区 公式サイト
313663161054,かみつじこどもクリニック,2910107883,631-0011,奈良県,奈良市押熊町５４７－１　忍熊ビル２Ｆ,,かみつじこどもクリニック,CODE,G004351,代表,かみつじこどもクリニック 奈良市 公式サイト
313700815546,東山かわぐちクリニック,2610804532,605-0874,京都府,京都市東山区東大路五条下る常盤町４５７,,東山かわぐちクリニック,CODE,G004352,代表,東山かわぐちクリニック 京都市東山区 公式サイト
313700782799,大和診療所,2910106034,630-8115,奈良県,奈良市大宮町２－６－９,,大和診療所,CODE,G004353,代表,大和診療所 奈良市 公式サイト
313656141554,高山クリニック,,630-8031,奈良県,奈良市柏木町１９０－５,,高山クリニック,ZIP+NAME,G004354,代表,高山クリニック 奈良市 公式サイト
313707923169,かなもり耳鼻咽喉科,2910107693,631-0821,奈良県,奈良市西大寺東町２－１－６３サンワシティ西大寺３Ｆ,,かなもり耳鼻咽喉科,CODE,G004355,代表,かなもり耳鼻咽喉科 奈良市 公式サイト
313587873488,安田小児科医院,2910102942,631-0033,奈良県,奈良市あやめ池南２－２－９賀川ビル２階,,安田小児科医院,CODE,G004356,代表,安田小児科医院 奈良市 公式サイト
313571675840,たにぐち耳鼻咽喉科クリニック,2614102545,607-8351,京都府,京都市山科区西野八幡田町２８－１６,,たにぐち耳鼻咽喉科クリニック,CODE,G004357,代表,たにぐち耳鼻咽喉科クリニック 京都市山科区 公式サイト
313553855171,まえ田クリニック,2614103220,607-8305,京都府,京都府京都市山科区西野山中臣町４１番地１コープ山科新十条クリニックモール,,まえ田クリニック,CODE,G004358,代表,まえ田クリニック 京都府京都市山科区 公式サイト
313707806449,医療法人　花本クリニック,2910102637,631-0006,奈良県,奈良市西登美ヶ丘３丁目１８番３号,,花本クリニック,CODE,G004359,代表,医療法人 花本クリニック 奈良市 公式サイト
313700744920,一般社団法人愛生会山科病院,2614100242,607-8086,京都府,京都市山科区竹鼻四丁野町１９番地の４,,愛生会山科病院,CODE,G004360,代表,一般社団法人愛生会山科病院 京都市山科区 公式サイト
313700662991,医療法人柏井クリニック,2910102041,630-8114,奈良県,奈良市芝辻町４丁目１３－３,,柏井クリニック,CODE,G004361,代表,医療法人柏井クリニック 奈良市 公式サイト
313571675839,京都市細野診療所,2610706505,601-0262,京都府,京都市右京区京北細野町東ノ垣内１０番地の２,,京都市細野診療所,CODE,G004362,代表,京都市細野診療所 京都市右京区 公式サイト
313571675838,医療法人財団今井会足立病院　西院レディースクリニック,2610707321,615-0066,京都府,京都市右京区西院四条畑町１番地１１,,今井会足立病院西院レディスクリニック,CODE,G004363,代表,医療法人財団今井会足立病院 西院レディースクリニック 京都市右京区 公式サイト
313571675837,木戸診療所,2610605947,606-8164,京都府,京都市左京区一乗寺出口町１シラカワビル３Ｆ,,木戸診療所,CODE,G004364,代表,木戸診療所 京都市左京区 公式サイト
313553855170,土屋診療所,2614101968,607-8242,京都府,京都市山科区勧修寺柴山８－１０９,,土屋診療所,CODE,G004365,代表,土屋診療所 京都市山科区 公式サイト
313587873487,守屋医院,2614101711,607-8341,京都府,京都市山科区西野今屋敷町４６－２,,守屋医院,CODE,G004366,代表,守屋医院 京都市山科区 公式サイト
313707806448,塩見内科医院,2614002687,610-1142,京都府,京都市西京区大枝東新林町３丁目１番地,,塩見内科医院,CODE,G004367,代表,塩見内科医院 京都市西京区 公式サイト
313700814585,医療法人倖生会　桂駅前Ｍｉｈａｒａ　Ｃｌｉｎｉｃ,2614002927,615-8074,京都府,京都府京都市西京区桂南巽町１３３桂オーエスプラザビル１０３,,倖生会桂駅前miharaclinic,CODE,G004368,代表,医療法人倖生会 桂駅前Mihara Clinic 京都府京都市西京区 公式サイト
313707923168,耳鼻咽喉科　加藤医院,2610406759,600-8361,京都府,京都市下京区大宮通花屋町上る堀之上町５４１番地,,耳鼻咽喉科加藤医院,CODE,G004369,代表,耳鼻咽喉科 加藤医院 京都市下京区 公式サイト
313707843301,医療法人社団　塩見医院,2610605210,606-0816,京都府,京都市左京区下鴨松ノ木町７１,,塩見医院,CODE,G004370,代表,医療法人社団 塩見医院 京都市左京区 公式サイト
313544878778,石田医院,2614002059,610-1102,京都府,京都市西京区御陵大枝山町5-27-3,,石田医院,CODE,G004371,代表,石田医院 京都市西京区 公式サイト
313553855169,医療法人かみやクリニック　かみや小児科医院,2614001994,615-8133,京都府,京都市西京区樫原井戸１９番地６,,かみやクリニックかみや小児科医院,CODE,G004372,代表,医療法人かみやクリニック かみや小児科医院 京都市西京区 公式サイト
313707923167,いだ胃腸科内科医院,2614001705,615-8133,京都府,京都市西京区樫原井戸１６－１２,,いだ胃腸科内科医院,CODE,G004373,代表,いだ胃腸科内科医院 京都市西京区 公式サイト
313707843300,つじのうえクリニック,2613500376,619-0216,京都府,木津川市州見台七丁目１番地１４,,つじのうえクリニック,CODE,G004374,代表,つじのうえクリニック 木津川市 公式サイト
313707843299,洛西口ようこメンタルクリニック,2613101233,617-0002,京都府,京都府向日市寺戸町七ノ坪１０３番地　プレアデス洛西口駅前ビル３階,,洛西口ようこメンタルクリニック,CODE,G004375,代表,洛西口ようこメンタルクリニック 京都府向日市 公式サイト
313504634570,医療法人　吉田医院,2613400320,629-0341,京都府,南丹市日吉町殿田尾崎８番地,,吉田医院,CODE,G004376,代表,医療法人 吉田医院 南丹市 公式サイト
313707873978,医療法人さわい内科医院,2613201082,610-0352,京都府,京都府京田辺市花住坂一丁目６５番地１３,,さわい内科医院,CODE,G004377,代表,医療法人さわい内科医院 京都府京田辺市 公式サイト
313571675836,福田整形外科医院,2613101100,617-0002,京都府,京都府向日市寺戸町七ノ坪１００ジオ阪急洛西口ノースレジデンス１階,,福田整形外科医院,CODE,G004378,代表,福田整形外科医院 京都府向日市 公式サイト
313707873017,小児科・アレルギー科　北條クリニック,2613001300,617-0826,京都府,長岡京市開田４丁目５－１０,,小児科アレルギ科北條クリニック,CODE,G004379,代表,小児科・アレルギー科 北條クリニック 長岡京市 公式サイト
313707806447,いづち医院,2612601993,620-0932,京都府,福知山市字篠尾９９５番地,,いづち医院,CODE,G004380,代表,いづち医院 福知山市 公式サイト
313700662990,しろいお城のこどもクリニック,2613002001,617-0823,京都府,京都府長岡京市長岡２丁目２６－１３,,しろいお城のこどもクリニック,CODE,G004381,代表,しろいお城のこどもクリニック 京都府長岡京市 公式サイト
313544877817,医療法人　入江医院,2612900502,614-8367,京都府,八幡市男山長沢８－１,,入江医院,CODE,G004382,代表,医療法人 入江医院 八幡市 公式サイト
313700710075,野間医院八田診療所,2611800836,623-0102,京都府,綾部市上杉町渋市２,,野間医院八田診療所,CODE,G004383,代表,野間医院八田診療所 綾部市 公式サイト
313561076419,医療法人　熊澤皮膚科医院,2611601754,621-0861,京都府,亀岡市北町艮２番地６,,熊澤皮膚科医院,CODE,G004384,代表,医療法人 熊澤皮膚科医院 亀岡市 公式サイト
313553855168,二宮内科医院,2611204088,611-0042,京都府,宇治市小倉町南堀池８番地５,,二宮内科医院,CODE,G004385,代表,二宮内科医院 宇治市 公式サイト
313504634569,医療法人せいふう会　宇治脳卒中リハビリテーション病院,2611204013,611-0033,京都府,京都府宇治市大久保町井ノ尻４３番１,,せいふう会宇治脳卒中リハビリテション病院,CODE,G004386,代表,医療法人せいふう会 宇治脳卒中リハビリテーション病院 京都府宇治市 公式サイト
313700744919,社会福祉法人不動園診療所,2611202801,611-0022,京都府,宇治市白川東山１５番地,,不動園診療所,CODE,G004387,代表,社会福祉法人不動園診療所 宇治市 公式サイト
313700782798,中嶋外科・整形外科医院,2610804102,605-0975,京都府,京都市東山区泉涌寺雀ヶ森町１,,中嶋外科整形外科医院,CODE,G004388,代表,中嶋外科・整形外科医院 京都市東山区 公式サイト
313561076418,医療法人健寿会とよだ医院,2610608206,606-0025,京都府,京都市左京区岩倉中町２２５番地５ドムス岩倉Ｔ－１０２号室,,健寿会とよだ医院,CODE,G004389,代表,医療法人健寿会とよだ医院 京都市左京区 公式サイト
313544877816,医療法人理慶会　もろおかアレルギー科・小児科クリニック,2610706943,615-0096,京都府,京都市右京区山ノ内五反田町９番地１御池かどのビル１階,,理慶会もろおかアレルギ科小児科クリニック,CODE,G004390,代表,医療法人理慶会 もろおかアレルギー科・小児科クリニック 京都市右京区 公式サイト
313707923166,医療法人芳之桜会　たなか眼科クリニック,2610607745,606-0012,京都府,京都市左京区岩倉東宮田町５６番地１０,,芳之桜会たなか眼科クリニック,CODE,G004391,代表,医療法人芳之桜会 たなか眼科クリニック 京都市左京区 公式サイト
313707843298,東山仁王門　川添醫院,2610608230,606-8344,京都府,京都市左京区岡崎円勝寺町２番地４　３階,,東山仁王門川添醫院,CODE,G004392,代表,東山仁王門 川添醫院 京都市左京区 公式サイト
313707806446,医療法人社団礒田内科医院,2610804433,605-0067,京都府,京都市東山区三条通南四筋目白川筋西入稲荷町南組５７７番地３Ｓ－ＦＯＲＴ知恩院前１階,,礒田内科医院,CODE,G004393,代表,医療法人社団礒田内科医院 京都市東山区 公式サイト
313700744918,医療法人社団健貢会　山田医院,2610503167,601-8457,京都府,京都市南区唐橋琵琶町１２番地４,,健貢会山田医院,CODE,G004394,代表,医療法人社団健貢会 山田医院 京都市南区 公式サイト
313700662989,医療法人きらめき会　大井整形外科,2610706422,615-0851,京都府,京都市右京区西京極西池田町３８,,きらめき会大井整形外科,CODE,G004395,代表,医療法人きらめき会 大井整形外科 京都市右京区 公式サイト
313663161053,医療法人社団　佐藤耳鼻咽喉科医院,2610605368,606-8285,京都府,京都市左京区北白川東久保田町１,,佐藤耳鼻咽喉科医院,CODE,G004396,代表,医療法人社団 佐藤耳鼻咽喉科医院 京都市左京区 公式サイト
313571675835,鈴鹿内科医院,2610605798,606-8237,京都府,京都市左京区田中上大久保町２－３,,鈴鹿内科医院,CODE,G004397,代表,鈴鹿内科医院 京都市左京区 公式サイト
313707806445,医療法人　小林整形外科医院,2610502680,601-8211,京都府,京都市南区久世高田町３５－５０,,小林整形外科医院,CODE,G004398,代表,医療法人 小林整形外科医院 京都市南区 公式サイト
313700814584,あきしのこころのクリニック,2610407005,600-8412,京都府,京都市下京区烏丸通仏光寺上る二帖半敷町６５５番産経京都烏丸ビル５階,,あきしのこころのクリニック,CODE,G004399,代表,あきしのこころのクリニック 京都市下京区 公式サイト
313700710074,京都回生病院,2610400539,600-8814,京都府,京都市下京区中堂寺庄ノ内町８,,京都回生病院,CODE,G004400,代表,京都回生病院 京都市下京区 公式サイト
313553855167,医療法人財団康生会　康生会クリニック,2610406700,600-8231,京都府,京都市下京区油小路通下魚ノ棚下る油小路町２７７番地,,康生会康生会クリニック,CODE,G004401,代表,医療法人財団康生会 康生会クリニック 京都市下京区 公式サイト
313707923165,医療法人　祥風会　烏丸五条みどりクリニック,2610406593,600-8428,京都府,京都市下京区諏訪町通松原下る弁財天町３２８番地　ヴァン青雲１階,,祥風会烏丸五条みどりクリニック,CODE,G004402,代表,医療法人 祥風会 烏丸五条みどりクリニック 京都市下京区 公式サイト
313707843297,医療法人嶋元眼科診療所,2610309284,604-8381,京都府,京都市中京区西ノ京職司町４番地１,,嶋元眼科診療所,CODE,G004403,代表,医療法人嶋元眼科診療所 京都市中京区 公式サイト
313656141553,飛田医院,2610405991,600-8813,京都府,京都市下京区中堂寺南町１０８,,飛田医院,CODE,G004404,代表,飛田医院 京都市下京区 公式サイト
313707806444,ＥＲＩクリニック,2610309177,604-8135,京都府,京都市中京区東洞院通三条下る三文字町２２７番地の１　藤六ビル３Ｆ,,eriクリニック,CODE,G004405,代表,ERIクリニック 京都市中京区 公式サイト
313707806443,安威医院,2610307148,604-8862,京都府,京都市中京区壬生森町６３の９,,安威医院,CODE,G004406,代表,安威医院 京都市中京区 公式サイト
313700814583,京都市急病診療所,2610308344,604-8418,京都府,京都府京都市中京区西ノ京東栂尾町６番地,,京都市急病診療所,CODE,G004407,代表,京都市急病診療所 京都府京都市中京区 公式サイト
313700782797,がくさい病院,2610308609,604-8845,京都府,京都市中京区壬生東高田町１番９,,がくさい病院,CODE,G004408,代表,がくさい病院 京都市中京区 公式サイト
313656141552,医療法人社団　高木医院,2610305571,604-0881,京都府,京都市中京区高倉通丸太町下ル坂本町６８９,,高木医院,CODE,G004409,代表,医療法人社団 高木医院 京都市中京区 公式サイト
313571675834,医療法人　知音会　御池クリニック,2610306454,604-8436,京都府,京都市中京区西ノ京下合町１１,,知音会御池クリニック,CODE,G004410,代表,医療法人 知音会 御池クリニック 京都市中京区 公式サイト
313544877815,岩井医院,2610204808,602-0822,京都府,京都市上京区出町通今出川上る青龍町２４５－１,,岩井医院,CODE,G004411,代表,岩井医院 京都市上京区 公式サイト
313700782796,医療法人眞助会　なかつる内科クリニック,2610205136,602-8222,京都府,京都市上京区晴明町８１１番地,,眞助会なかつる内科クリニック,CODE,G004412,代表,医療法人眞助会 なかつる内科クリニック 京都市上京区 公式サイト
313700814582,木原医院,2610104610,603-8326,京都府,京都市北区北野下白梅町７３－３白梅町ＭＣビル２Ｆ,,木原医院,CODE,G004413,代表,木原医院 京都市北区 公式サイト
313700814581,医療法人社団正豊会　すぎはら医院,2610204329,602-8321,京都府,京都市上京区今出川通千本西入南上善寺町１７０番地３,,正豊会すぎはら医院,CODE,G004414,代表,医療法人社団正豊会 すぎはら医院 京都市上京区 公式サイト
313553855166,医療法人マリイズ診療所,2610309656,604-8082,京都府,京都市中京区三条通御幸町西入弁慶石町４８番地三条ありもとビル５階,,マリイズ診療所,CODE,G004415,代表,医療法人マリイズ診療所 京都市中京区 公式サイト
313707923164,梅原医院,2610104099,603-8412,京都府,京都市北区紫竹下竹殿町３８－５,,梅原医院,CODE,G004416,代表,梅原医院 京都市北区 公式サイト
313587873486,加藤内科胃腸科医院,2610103653,603-8331,京都府,京都市北区大将軍西町１７８,,加藤内科胃腸科医院,CODE,G004417,代表,加藤内科胃腸科医院 京都市北区 公式サイト
313700782795,花園診療所,2815201807,651-2255,兵庫県,神戸市西区平野町慶明字花岡７７,,花園診療所,CODE,G004418,代表,花園診療所 神戸市西区 公式サイト
313656141551,おおにしクリニック,,679-2215,兵庫県,神崎郡福崎町西治１４８１番地,,おおにしクリニック,ZIP+NAME,G004419,代表,おおにしクリニック 神崎郡福崎町 公式サイト
313700662988,ふくだ医院,2815201187,651-2136,兵庫県,神戸市西区中野１－２３－３,,ふくだ医院,CODE,G004420,代表,ふくだ医院 神戸市西区 公式サイト
313561076417,やさしい目のクリニック,2815109646,650-0022,兵庫県,神戸市中央区元町通一丁目６番１１号,,やさしい目のクリニック,CODE,G004421,代表,やさしい目のクリニック 神戸市中央区 公式サイト
313553855165,消化器内科・在宅　なおクリニック,2815203944,651-2109,兵庫県,神戸市西区前開南町１丁目４－４伊川谷駅前ビル３階,,消化器内科在宅なおクリニック,CODE,G004422,代表,消化器内科・在宅 なおクリニック 神戸市西区 公式サイト
313700744917,腎友会クリニック,2815105602,651-0094,兵庫県,神戸市中央区琴ノ緒町４丁目８－８,,腎友会クリニック,CODE,G004423,代表,腎友会クリニック 神戸市中央区 公式サイト
313700709113,すえよし眼科クリニック,2815107764,650-0022,兵庫県,神戸市中央区元町通４丁目２番１８号Ｔ＆Ｘ第１ビル２階,,すえよし眼科クリニック,CODE,G004424,代表,すえよし眼科クリニック 神戸市中央区 公式サイト
313561076416,内科小児科山中医院,2815105834,650-0001,兵庫県,神戸市中央区加納町４丁目８－１０,,内科小児科山中医院,CODE,G004425,代表,内科小児科山中医院 神戸市中央区 公式サイト
313707873016,宇野心療内科クリニック,2815105669,650-0021,兵庫県,神戸市中央区三宮町１丁目１０－１神戸交通センタービル６階,,宇野心療内科クリニック,CODE,G004426,代表,宇野心療内科クリニック 神戸市中央区 公式サイト
313707873015,中沢医院,2814400947,668-0224,兵庫県,豊岡市出石町本町６６,,中沢医院,CODE,G004427,代表,中沢医院 豊岡市 公式サイト
313700814580,神戸医療福祉センターにこにこハウス,2815002437,651-1106,兵庫県,神戸市北区しあわせの村１番９号,,神戸医療福祉センタにこにこハウス,CODE,G004428,代表,神戸医療福祉センターにこにこハウス 神戸市北区 公式サイト
313553855164,鳥田診療所,2815102872,650-0025,兵庫県,神戸市中央区相生町４丁目５－８,,鳥田診療所,CODE,G004429,代表,鳥田診療所 神戸市中央区 公式サイト
313700814579,みちこクリニック,2814200834,678-0007,兵庫県,相生市陸本町１５－２１,,みちこクリニック,CODE,G004430,代表,みちこクリニック 相生市 公式サイト
313700814578,森沢医院,2814101263,671-1561,兵庫県,揖保郡太子町鵤１３８９－５,,森沢医院,CODE,G004431,代表,森沢医院 揖保郡太子町 公式サイト
313571674873,神戸ほくと病院,2815003500,651-1243,兵庫県,神戸市北区山田町下谷上字梅木谷３７番３,,神戸ほくと病院,CODE,G004432,代表,神戸ほくと病院 神戸市北区 公式サイト
313504634568,医療法人伯鳳会イオン診療所,2814300972,678-0232,兵庫県,赤穂市中広字別所５５番３,,伯鳳会イオン診療所,CODE,G004433,代表,医療法人伯鳳会イオン診療所 赤穂市 公式サイト
313700709112,福田レディースクリニック,2814301319,678-0239,兵庫県,赤穂市加里屋３０番地９,,福田レディスクリニック,CODE,G004434,代表,福田レディースクリニック 赤穂市 公式サイト
313700662987,尾崎内科クリニック,2814200735,678-0071,兵庫県,相生市緑ケ丘３丁目３－３５,,尾崎内科クリニック,CODE,G004435,代表,尾崎内科クリニック 相生市 公式サイト
313571674872,正木医院,2814300873,678-0258,兵庫県,赤穂市古浜町１７４,,正木医院,CODE,G004436,代表,正木医院 赤穂市 公式サイト
313707873014,藤野内科クリニック,2814301012,678-0239,兵庫県,赤穂市加里屋６４－６,,藤野内科クリニック,CODE,G004437,代表,藤野内科クリニック 赤穂市 公式サイト
313700814577,いながき眼科,2814021842,672-8064,兵庫県,姫路市飾磨区細江２５６０番地イオンモール姫路リバーシティー店２階２０５Ａ,,いながき眼科,CODE,G004438,代表,いながき眼科 姫路市飾磨区 公式サイト
313663161052,兵庫県立はりま姫路総合医療センター,2814022402,670-0836,兵庫県,姫路市神屋町３丁目２６４番地,,兵庫県立はりま姫路総合医療センタ,CODE,G004439,代表,兵庫県立はりま姫路総合医療センター 姫路市 公式サイト
313707923163,岡尾医院,2813700461,679-5203,兵庫県,佐用郡佐用町米田４１０－２,,岡尾医院,CODE,G004440,代表,岡尾医院 佐用郡佐用町 公式サイト
313707806442,いくはし女性クリニック,2814021719,670-0972,兵庫県,姫路市手柄２丁目１番１,,いくはし女性クリニック,CODE,G004441,代表,いくはし女性クリニック 姫路市 公式サイト
313707843296,公立　宍粟総合病院,2813801020,671-2576,兵庫県,宍粟市山崎町鹿沢９３番地,,公立宍粟総合病院,CODE,G004442,代表,公立 宍粟総合病院 宍粟市 公式サイト
313707806441,医療法人全人会仁恵病院,2814004277,670-0811,兵庫県,姫路市野里２７５,,全人会仁恵病院,CODE,G004443,代表,医療法人全人会仁恵病院 姫路市 公式サイト
313553855163,中川耳鼻咽喉科,2814006918,671-1254,兵庫県,姫路市網干区余子浜字網干川５８２,,中川耳鼻咽喉科,CODE,G004444,代表,中川耳鼻咽喉科 姫路市網干区 公式サイト
313544877814,森田内科・循環器科,2814020083,671-1262,兵庫県,姫路市余部区上余部７５８－１,,森田内科循環器科,CODE,G004445,代表,森田内科・循環器科 姫路市余部区 公式サイト
313700782794,三上眼科,2813304256,664-0882,兵庫県,伊丹市鈴原町５－３３－１,,三上眼科,CODE,G004446,代表,三上眼科 伊丹市 公式サイト
313700662986,脳神経内科・内科　こしばクリニック,2610309516,604-0867,京都府,京都市中京区丸太町通室町東入常真横町１８８番地１　小泉ビル３階,,脳神経内科内科こしばクリニック,CODE,G004447,代表,脳神経内科・内科 こしばクリニック 京都市中京区 公式サイト
313587873485,森内科医院,2813304371,664-0865,兵庫県,伊丹市南野６丁目７－１３,,森内科医院,CODE,G004448,代表,森内科医院 伊丹市 公式サイト
313504634567,尾﨑病院,2813700479,679-5225,兵庫県,佐用郡佐用町上三河１４１番地４,,尾﨑病院,CODE,G004449,代表,尾﨑病院 佐用郡佐用町 公式サイト
313700744916,にしはら耳鼻咽喉科,2610308047,604-0802,京都府,京都市中京区堺町通竹屋町上ル橘町８２番地２　ＴＫＨ　ＥＮＴビル３階,,にしはら耳鼻咽喉科,CODE,G004450,代表,にしはら耳鼻咽喉科 京都市中京区 公式サイト
313700814576,森内科小児科医院,2813200116,666-0262,兵庫県,川辺郡猪名川町伏見台１丁目２番３号,,森内科小児科医院,CODE,G004451,代表,森内科小児科医院 川辺郡猪名川町 公式サイト
313700744915,大森クリニック,2813304041,664-0002,兵庫県,伊丹市荻野四丁目３３番２号,,大森クリニック,CODE,G004452,代表,大森クリニック 伊丹市 公式サイト
313707923162,川口医院,2610307601,604-8812,京都府,京都市中京区壬生相合町１番地,,川口医院,CODE,G004453,代表,川口医院 京都市中京区 公式サイト
313544877813,ひろこ心の診療所,2610205078,602-0023,京都府,京都市上京区烏丸通上立売下る御所八幡町１１０番地１４　烏丸今出川ビル５Ｆ,,ひろこ心の診療所,CODE,G004454,代表,ひろこ心の診療所 京都市上京区 公式サイト
313656141550,にった整形外科クリニック,2815203357,651-2113,兵庫県,神戸市西区伊川谷町有瀬１０５２番地の４,,にった整形外科クリニック,CODE,G004455,代表,にった整形外科クリニック 神戸市西区 公式サイト
313700814575,川西ほんわか訪問診療クリニック,2813103500,666-0017,兵庫県,川西市火打２丁目２－１４,,川西ほんわか訪問診療クリニック,CODE,G004456,代表,川西ほんわか訪問診療クリニック 川西市 公式サイト
313707873013,医療法人社団菫会伊川谷病院,2815203050,651-2111,兵庫県,神戸市西区池上２丁目４番地の２,,菫会伊川谷病院,CODE,G004457,代表,医療法人社団菫会伊川谷病院 神戸市西区 公式サイト
313587873484,あいしんクリニック泌尿器科,2815106915,651-0055,兵庫県,神戸市中央区熊内橋通７丁目１番１３号神戸芸術センター４Ｆ,,あいしんクリニック泌尿器科,CODE,G004458,代表,あいしんクリニック泌尿器科 神戸市中央区 公式サイト
313707843295,川崎重工業株式会社神戸工場診療所,2815100884,650-0044,兵庫県,神戸市中央区東川崎町３丁目１－１,,川崎重工業株式会社神戸工場診療所,CODE,G004459,代表,川崎重工業株式会社神戸工場診療所 神戸市中央区 公式サイト
313587873483,独立行政法人地域医療機能推進機構　神戸中央病院,2815001207,651-1145,兵庫県,神戸市北区惣山町２丁目１－１,,地域医療機能推進機構神戸中央病院,CODE,G004460,代表,独立行政法人地域医療機能推進機構 神戸中央病院 神戸市北区 公式サイト
313571674871,橋本健志クリニック,2815109711,651-0055,兵庫県,神戸市中央区熊内橋通７丁目１－１３神戸芸術センタービル４Ｆ,,橋本健志クリニック,CODE,G004461,代表,橋本健志クリニック 神戸市中央区 公式サイト
313504634566,山手クリニック,2815105768,650-0021,兵庫県,神戸市中央区三宮町１丁目４－４,,山手クリニック,CODE,G004462,代表,山手クリニック 神戸市中央区 公式サイト
313656141549,おかのうえクリニック,2813103211,666-0007,兵庫県,川西市鴬が丘１９番１０号,,おかのうえクリニック,CODE,G004463,代表,おかのうえクリニック 川西市 公式サイト
313656141548,こやまクリニック,2815003120,651-1243,兵庫県,神戸市北区山田町下谷上字梅木谷４２の４,,こやまクリニック,CODE,G004464,代表,こやまクリニック 神戸市北区 公式サイト
313553855162,井上心療クリニック,2815106394,650-0022,兵庫県,神戸市中央区元町通３丁目１番１号メディカルビル翔貴６階,,井上心療クリニック,CODE,G004465,代表,井上心療クリニック 神戸市中央区 公式サイト
313656141547,鈴木医院,2815106071,651-0056,兵庫県,神戸市中央区熊内町２丁目１０－２,,鈴木医院,CODE,G004466,代表,鈴木医院 神戸市中央区 公式サイト
313587873482,Ｃａｍａｃ　ケア＆サポート　クリニック,2813305634,664-0851,兵庫県,伊丹市中央４－４－１８ＴＦＰビル３Ｆ,,camacケア&サポトクリニック,CODE,G004467,代表,Camac ケア&サポート クリニック 伊丹市 公式サイト
313707873012,柴本内科循環器科,2813303530,664-0858,兵庫県,伊丹市西台３丁目１－４,,柴本内科循環器科,CODE,G004468,代表,柴本内科循環器科 伊丹市 公式サイト
313553854201,西田医院,2813600844,679-4167,兵庫県,たつの市龍野町富永２０８,,西田医院,CODE,G004469,代表,西田医院 たつの市 公式サイト
313707806440,そよかぜ診療所,2814900946,669-5103,兵庫県,朝来市山東町矢名瀬町８４７番地,,そよかぜ診療所,CODE,G004470,代表,そよかぜ診療所 朝来市 公式サイト
313700814574,はりまこどものこころ診療所,2814022899,670-0081,兵庫県,姫路市田寺東４丁目１７番８号,,はりまこどものこころ診療所,CODE,G004471,代表,はりまこどものこころ診療所 姫路市 公式サイト
313700709111,くるす医院,2814009318,671-1107,兵庫県,姫路市広畑区西蒲田３７－１,,くるす医院,CODE,G004472,代表,くるす医院 姫路市広畑区 公式サイト
313707806439,大野整形外科,2813400955,679-2315,兵庫県,神崎郡市川町西川辺字中ノ供御６１２,,大野整形外科,CODE,G004473,代表,大野整形外科 神崎郡市 公式サイト
313700744914,大田医院,2814008088,670-0081,兵庫県,姫路市田寺東２丁目２３－１,,大田医院,CODE,G004474,代表,大田医院 姫路市 公式サイト
313663161051,三木眼科,2814006777,672-8051,兵庫県,姫路市飾磨区清水７２,,三木眼科,CODE,G004475,代表,三木眼科 姫路市飾磨区 公式サイト
313587873481,菊川荒木内科心療内科,2814006504,670-0804,兵庫県,姫路市保城２９６の１,,菊川荒木内科心療内科,CODE,G004476,代表,菊川荒木内科心療内科 姫路市 公式サイト
313707923161,さくらホームケアクリニック,2813102734,666-0121,兵庫県,川西市平野三丁目１８番２７号,,さくらホムケアクリニック,CODE,G004477,代表,さくらホームケアクリニック 川西市 公式サイト
313700744913,医療法人琢生会　阪神バースクリニック,2813028152,661-0972,兵庫県,尼崎市小中島２丁目２０－１６,,琢生会阪神バスクリニック,CODE,G004478,代表,医療法人琢生会 阪神バースクリニック 尼崎市 公式サイト
313700662985,梅田皮膚科クリニック,2813304397,664-0896,兵庫県,伊丹市船原２－２－３,,梅田皮膚科クリニック,CODE,G004479,代表,梅田皮膚科クリニック 伊丹市 公式サイト
313561076415,おおで眼科クリニック,,664-0865,兵庫県,伊丹市南野２丁目９－１１神港ビル１階,,おおで眼科クリニック,ZIP+NAME,G004480,代表,おおで眼科クリニック 伊丹市 公式サイト
313707843294,庄村医院,2813027865,661-0003,兵庫県,尼崎市富松町１－１－２９,,庄村医院,CODE,G004481,代表,庄村医院 尼崎市 公式サイト
313587873480,井上内科クリニック,2813023641,661-0967,兵庫県,尼崎市浜３丁目１番３６号,,井上内科クリニック,CODE,G004482,代表,井上内科クリニック 尼崎市 公式サイト
313561076414,あまなクリニック,2813026644,660-0883,兵庫県,尼崎市神田北通一丁目７番地１,,あまなクリニック,CODE,G004483,代表,あまなクリニック 尼崎市 公式サイト
313707843293,阪神医療生活協同組合　小中島診療所,2813025471,661-0972,兵庫県,尼崎市小中島２丁目８番８号,,阪神医療生活協同組合小中島診療所,CODE,G004484,代表,阪神医療生活協同組合 小中島診療所 尼崎市 公式サイト
313700744912,塩山心療内科,2813025455,660-0052,兵庫県,尼崎市七松町１丁目２番１－６０１Ｅ,,塩山心療内科,CODE,G004485,代表,塩山心療内科 尼崎市 公式サイト
313571674870,わだ脳神経外科クリニック,2813025380,660-0803,兵庫県,尼崎市長洲本通１－１０－１アテーナ２１・１Ｆ,,わだ脳神経外科クリニック,CODE,G004486,代表,わだ脳神経外科クリニック 尼崎市 公式サイト
313663161050,あらい内科医院,2813022916,661-0012,兵庫県,尼崎市南塚口町１丁目１２－２３,,あらい内科医院,CODE,G004487,代表,あらい内科医院 尼崎市 公式サイト
313587873479,渡部耳鼻咽喉科医院,2813024979,661-0033,兵庫県,尼崎市南武庫之荘１－１９－２７,,渡部耳鼻咽喉科医院,CODE,G004488,代表,渡部耳鼻咽喉科医院 尼崎市 公式サイト
313700814573,松村クリニック,2813020761,661-0043,兵庫県,尼崎市武庫元町２丁目２０－５,,松村クリニック,CODE,G004489,代表,松村クリニック 尼崎市 公式サイト
313544877812,徳田こどもクリニック,2813022098,661-0965,兵庫県,尼崎市次屋３－６－５０,,徳田こどもクリニック,CODE,G004490,代表,徳田こどもクリニック 尼崎市 公式サイト
313700814572,明石クリニック,2813009277,661-0002,兵庫県,尼崎市塚口町６丁目１８－１１,,明石クリニック,CODE,G004491,代表,明石クリニック 尼崎市 公式サイト
313700782793,大隅医院,,679-0322,兵庫県,西脇市黒田庄町石原２６５－１,,大隅医院,ZIP+NAME,G004492,代表,大隅医院 西脇市 公式サイト
313700662984,岡本クリニック,2812800692,675-0144,兵庫県,加古郡播磨町北本荘５丁目１０番１１号,,岡本クリニック,CODE,G004493,代表,岡本クリニック 加古郡播磨町 公式サイト
313571674869,医療法人尼崎厚生会立花病院,2813002728,661-0025,兵庫県,尼崎市立花町４丁目３－１８,,尼崎厚生会立花病院,CODE,G004494,代表,医療法人尼崎厚生会立花病院 尼崎市 公式サイト
313707806438,森クリニック,2813020340,661-0001,兵庫県,尼崎市塚口本町３丁目３２－２０つかしんロイヤルハイツ２階,,森クリニック,CODE,G004495,代表,森クリニック 尼崎市 公式サイト
313707873011,近藤泌尿器科クリニック,2812301709,673-0434,兵庫県,三木市別所町小林７２５－４,,近藤泌尿器科クリニック,CODE,G004496,代表,近藤泌尿器科クリニック 三木市 公式サイト
313656141546,みきやまクリニック,2812301899,673-0403,兵庫県,三木市末広二丁目１２番２３号,,みきやまクリニック,CODE,G004497,代表,みきやまクリニック 三木市 公式サイト
313700709110,よねだ整形外科,2812101869,676-0825,兵庫県,高砂市阿弥陀町北池３５,,よねだ整形外科,CODE,G004498,代表,よねだ整形外科 高砂市 公式サイト
313707923160,大北・牛尾クリニック,2812101687,676-0812,兵庫県,高砂市中筋１丁目１０－４８,,大北牛尾クリニック,CODE,G004499,代表,大北・牛尾クリニック 高砂市 公式サイト
313553854200,シーサイドクリニック,2812007728,674-0065,兵庫県,明石市大久保町西島７８０番地１,,シサイドクリニック,CODE,G004500,代表,シーサイドクリニック 明石市 公式サイト
313587873478,串田整形外科・リウマチ科クリニック,2813027568,661-0035,兵庫県,尼崎市武庫之荘５－３３－３,,串田整形外科リウマチ科クリニック,CODE,G004501,代表,串田整形外科・リウマチ科クリニック 尼崎市 公式サイト
313707806437,幸田医院,2813027931,660-0875,兵庫県,尼崎市南竹谷町１丁目１１番地,,幸田医院,CODE,G004502,代表,幸田医院 尼崎市 公式サイト
313707843292,田畑クリニック,2813101744,666-0142,兵庫県,川西市清和台東３丁目２－４,,田畑クリニック,CODE,G004503,代表,田畑クリニック 川西市 公式サイト
313700782792,ＪＵＮレディースクリニック,2813026990,661-0976,兵庫県,尼崎市潮江１丁目３番４３号緑遊新都心ビル２階,,junレディスクリニック,CODE,G004504,代表,JUNレディースクリニック 尼崎市 公式サイト
313700782791,尼崎医療生協病院,2813024698,661-0033,兵庫県,尼崎市南武庫之荘１２丁目１６番地１号,,尼崎病院,CODE,G004505,代表,尼崎医療生協病院 尼崎市 公式サイト
313700662983,加藤道夫肝臓内科クリニック,2813026693,661-0012,兵庫県,尼崎市南塚口町２丁目１番塚口さんさんタウン２番館３１０号,,加藤道夫肝臓内科クリニック,CODE,G004506,代表,加藤道夫肝臓内科クリニック 尼崎市 公式サイト
313571674868,むらお心療内科,2812007553,673-0005,兵庫県,明石市小久保２－１０－１リラシオ西明石駅前１Ｆ,,むらお心療内科,CODE,G004507,代表,むらお心療内科 明石市 公式サイト
313561076413,北川医院,2813102080,666-0033,兵庫県,川西市栄町４番１号,,北川医院,CODE,G004508,代表,北川医院 川西市 公式サイト
313544877811,尼崎駅前メンタルクリニック,2813025588,661-0976,兵庫県,尼崎市潮江１丁目３番４３号２Ｆ,,尼崎駅前メンタルクリニック,CODE,G004509,代表,尼崎駅前メンタルクリニック 尼崎市 公式サイト
313707923159,ときよし形成外科　まぶたと美容のクリニック,2812205314,675-0066,兵庫県,加古川市加古川町寺家町３０３ニッケパークタウンクリニックモール加古川　３Ｆ,,ときよし形成外科まぶたと美容のクリニック,CODE,G004510,代表,ときよし形成外科 まぶたと美容のクリニック 加古川市 公式サイト
313663161049,清家クリニック,2813021603,661-0002,兵庫県,尼崎市塚口町６丁目３４－４,,清家クリニック,CODE,G004511,代表,清家クリニック 尼崎市 公式サイト
313656141545,藤田メンタルクリニック,2813024227,661-0033,兵庫県,尼崎市南武庫之荘１丁目２９番３７号フォルザ武庫之荘１０３号,,藤田メンタルクリニック,CODE,G004512,代表,藤田メンタルクリニック 尼崎市 公式サイト
313656141544,笹部内科クリニック,2813024755,661-0003,兵庫県,尼崎市富松町１－２９－１８,,笹部内科クリニック,CODE,G004513,代表,笹部内科クリニック 尼崎市 公式サイト
313587873477,松本皮膚科,2813021330,661-0032,兵庫県,尼崎市武庫之荘東２丁目１－１４,,松本皮膚科,CODE,G004514,代表,松本皮膚科 尼崎市 公式サイト
313544877810,安田内科・循環器内科クリニック,2812601041,675-2303,兵庫県,加西市北条町古坂６７１番地,,安田内科循環器内科クリニック,CODE,G004515,代表,安田内科・循環器内科クリニック 加西市 公式サイト
313504634565,作道診療所,2813009129,661-0978,兵庫県,尼崎市久々知西町２丁目２－７,,作道診療所,CODE,G004516,代表,作道診療所 尼崎市 公式サイト
313707806436,多可町国民健康保険八千代診療所,2812700413,677-0105,兵庫県,多可郡多可町八千代区下村１０９－１,,多可町国民健康保険八千代診療所,CODE,G004517,代表,多可町国民健康保険八千代診療所 多可郡多可町 公式サイト
313700744911,くまがいこどもクリニック,2813022478,661-0953,兵庫県,尼崎市東園田町９丁目３７－１１,,くまがいこどもクリニック,CODE,G004518,代表,くまがいこどもクリニック 尼崎市 公式サイト
313700709109,織田医院,2812101729,676-0017,兵庫県,高砂市荒井町東本町２０番２号,,織田医院,CODE,G004519,代表,織田医院 高砂市 公式サイト
313700662982,高田泌尿器科,2813008675,660-0823,兵庫県,尼崎市大物町２丁目２－１,,高田泌尿器科,CODE,G004520,代表,高田泌尿器科 尼崎市 公式サイト
313561076412,とみた脳神経クリニック,2813026552,661-0035,兵庫県,尼崎市武庫之荘１丁目１８番５号武庫之荘メディカルキューブ１Ｆ,,とみた脳神経クリニック,CODE,G004521,代表,とみた脳神経クリニック 尼崎市 公式サイト
313707923158,秋澤診療所,2812801047,675-0147,兵庫県,加古郡播磨町南大中１丁目８番３７号,,秋澤診療所,CODE,G004522,代表,秋澤診療所 加古郡播磨町 公式サイト
313707843291,今村内科医院,2812204432,675-0065,兵庫県,加古川市加古川町篠原町１１１番地,,今村内科医院,CODE,G004523,代表,今村内科医院 加古川市 公式サイト
313707843290,赤松眼科医院,2812300891,673-0403,兵庫県,三木市末広１丁目７番１４号,,赤松眼科医院,CODE,G004524,代表,赤松眼科医院 三木市 公式サイト
313707806435,やぎ整形外科クリニック,2812204689,675-0066,兵庫県,加古川市加古川町寺家町４７番１号ファーミンインテリジェントビル１Ｆ,,やぎ整形外科クリニック,CODE,G004525,代表,やぎ整形外科クリニック 加古川市 公式サイト
313700744910,寺岡耳鼻咽喉科,2812800635,675-0150,兵庫県,加古郡播磨町南野添三丁目１０番１１号,,寺岡耳鼻咽喉科,CODE,G004526,代表,寺岡耳鼻咽喉科 加古郡播磨町 公式サイト
313571674867,いのうえメンタルクリニック,2812007462,674-0081,兵庫県,明石市魚住町錦が丘四丁目５番地の１ＮＳビル４階,,いのうえメンタルクリニック,CODE,G004527,代表,いのうえメンタルクリニック 明石市 公式サイト
313553854199,依藤診療所,2811900477,675-1372,兵庫県,小野市本町２５４－１,,依藤診療所,CODE,G004528,代表,依藤診療所 小野市 公式サイト
313707923157,医療法人あしたクリニック,2812007157,673-0891,兵庫県,明石市大明石町一丁目３番３号エスポワ明石２階,,あしたクリニック,CODE,G004529,代表,医療法人あしたクリニック 明石市 公式サイト
313707873010,かなもり眼科クリニック,2812007579,673-0891,兵庫県,明石市大明石町１丁目６番１号パピオスあかし３階,,かなもり眼科クリニック,CODE,G004530,代表,かなもり眼科クリニック 明石市 公式サイト
313700814571,藤井眼科クリニック,2812006787,673-0016,兵庫県,明石市松の内２丁目８番地の２,,藤井眼科クリニック,CODE,G004531,代表,藤井眼科クリニック 明石市 公式サイト
313700814570,荒川クリニック,2812101448,676-0014,兵庫県,高砂市荒井町日之出町１０－１１,,荒川クリニック,CODE,G004532,代表,荒川クリニック 高砂市 公式サイト
313663161048,あかしザウルスこどもクリニック,2812007876,674-0062,兵庫県,明石市大久保町谷八木６０８番５,,あかしザウルスこどもクリニック,CODE,G004533,代表,あかしザウルスこどもクリニック 明石市 公式サイト
313656141543,中山神経内科,2812005607,673-0891,兵庫県,明石市大明石町１丁目６番１６号ＳＹＢ２１ビル８階,,中山神経内科,CODE,G004534,代表,中山神経内科 明石市 公式サイト
313587873476,平林皮フ科クリニック,2812007710,674-0051,兵庫県,明石市大久保町大窪４４５番地の１,,平林皮フ科クリニック,CODE,G004535,代表,平林皮フ科クリニック 明石市 公式サイト
313504634564,医療法人社団薫楓会緑駿病院,2811901046,675-1322,兵庫県,小野市匠台７２番１,,薫楓会緑駿病院,CODE,G004536,代表,医療法人社団薫楓会緑駿病院 小野市 公式サイト
313707806434,おさかだ耳鼻咽喉科医院,2811800891,677-0054,兵庫県,西脇市野村町１７９５番地の３４１,,おさかだ耳鼻咽喉科医院,CODE,G004537,代表,おさかだ耳鼻咽喉科医院 西脇市 公式サイト
313700814569,篠山あだち耳鼻咽喉科,2811401153,669-2321,兵庫県,丹波篠山市黒岡１８７－１,,篠山あだち耳鼻咽喉科,CODE,G004538,代表,篠山あだち耳鼻咽喉科 丹波篠山市 公式サイト
313561076411,中務医院,2812004287,673-0846,兵庫県,明石市上ノ丸２－３－３２,,中務医院,CODE,G004539,代表,中務医院 明石市 公式サイト
313707873009,洲本市国民健康保険五色診療所,2811501218,656-1331,兵庫県,洲本市五色町都志大日７０７番地,,洲本市国民健康保険五色診療所,CODE,G004540,代表,洲本市国民健康保険五色診療所 洲本市 公式サイト
313707806433,平林眼科クリニック,2812006670,674-0051,兵庫県,明石市大久保町大窪４４５番地の１,,平林眼科クリニック,CODE,G004541,代表,平林眼科クリニック 明石市 公式サイト
313587873475,李クリニック,2811105283,665-0034,兵庫県,宝塚市小林５丁目９番９５号,,李クリニック,CODE,G004542,代表,李クリニック 宝塚市 公式サイト
313571674866,曽山医院,2811600937,656-2131,兵庫県,淡路市志筑１３９１－９,,曽山医院,CODE,G004543,代表,曽山医院 淡路市 公式サイト
313700744909,ながふじ小児科クリニック,2811103916,665-0874,兵庫県,宝塚市中筋５丁目１０番２３号,,ながふじ小児科クリニック,CODE,G004544,代表,ながふじ小児科クリニック 宝塚市 公式サイト
313700709108,有馬内科消化器科,2811601224,656-2311,兵庫県,淡路市久留麻神田１９０７マンション北の街２階,,有馬内科消化器科,CODE,G004545,代表,有馬内科消化器科 淡路市 公式サイト
313656141542,田中医院,2812004873,674-0094,兵庫県,明石市二見町西二見２０３２,,田中医院,CODE,G004546,代表,田中医院 明石市 公式サイト
313504634563,あんずこどもクリニック,2811105309,665-0011,兵庫県,宝塚市南口１丁目８－２６－３階,,あんずこどもクリニック,CODE,G004547,代表,あんずこどもクリニック 宝塚市 公式サイト
313707923156,つだクリニック,2811105655,665-0882,兵庫県,宝塚市山本南２－１３－５－２Ｆ,,つだクリニック,CODE,G004548,代表,つだクリニック 宝塚市 公式サイト
313700662981,山田眼科医院,2811301361,669-3309,兵庫県,丹波市柏原町柏原１３９９－１,,山田眼科医院,CODE,G004549,代表,山田眼科医院 丹波市 公式サイト
313544877809,小松原医院,2811103999,665-0033,兵庫県,宝塚市伊孑志３丁目２番３１号,,小松原医院,CODE,G004550,代表,小松原医院 宝塚市 公式サイト
313700709107,正井医院,2812007546,674-0082,兵庫県,明石市魚住町中尾２９４番地１,,正井医院,CODE,G004551,代表,正井医院 明石市 公式サイト
313553854198,明石たかぎ耳鼻咽喉科クリニック,2812007397,673-0844,兵庫県,明石市東野町２０８７－１サンビルダー朝霧１Ｆ,,明石たかぎ耳鼻咽喉科クリニック,CODE,G004552,代表,明石たかぎ耳鼻咽喉科クリニック 明石市 公式サイト
313707923155,社会医療法人愛仁会　明石医療センター,2812006431,674-0063,兵庫県,明石市大久保町八木７４３－３３,,愛仁会明石医療センタ,CODE,G004553,代表,社会医療法人愛仁会 明石医療センター 明石市 公式サイト
313707806432,ただいメンタルクリニック,2812007371,673-0886,兵庫県,明石市東仲ノ町６番１号アスピア明石北館２階,,ただいメンタルクリニック,CODE,G004554,代表,ただいメンタルクリニック 明石市 公式サイト
313656141541,斉藤内科クリニック,2811701032,656-0425,兵庫県,南あわじ市榎列小榎列２０６－１,,斉藤内科クリニック,CODE,G004555,代表,斉藤内科クリニック 南あわじ市 公式サイト
313571674865,あきこレディースクリニック,2812006548,673-0846,兵庫県,明石市上ノ丸３丁目１１－８,,あきこレディスクリニック,CODE,G004556,代表,あきこレディースクリニック 明石市 公式サイト
313571674864,特定医療法人誠仁会　大久保病院,2812002430,674-0051,兵庫県,明石市大久保町大窪２０９５番地の１,,誠仁会大久保病院,CODE,G004557,代表,特定医療法人誠仁会 大久保病院 明石市 公式サイト
313707806431,関西学院保健館分室,2811201405,669-1330,兵庫県,三田市学園上ヶ原１番,,関西学院保健館分室,CODE,G004558,代表,関西学院保健館分室 三田市 公式サイト
313663161047,丹波篠山市休日診療所,2811401039,669-2321,兵庫県,丹波篠山市黒岡１９１番地,,丹波篠山市休日診療所,CODE,G004559,代表,丹波篠山市休日診療所 丹波篠山市 公式サイト
313553854197,広野整形外科,2811800917,677-0054,兵庫県,西脇市野村町７７０－２,,広野整形外科,CODE,G004560,代表,広野整形外科 西脇市 公式サイト
313544877808,佐野医院,2812004386,673-0862,兵庫県,明石市松が丘１－１５－３,,佐野医院,CODE,G004561,代表,佐野医院 明石市 公式サイト
313707923154,藤井眼科,2811501127,656-0026,兵庫県,洲本市栄町１丁目３番２７号,,藤井眼科,CODE,G004562,代表,藤井眼科 洲本市 公式サイト
313700814568,回春堂藤本内科循環器内科,2811104344,665-0011,兵庫県,宝塚市南口１丁目８番２０号南口ビル５階,,回春堂藤本内科循環器内科,CODE,G004563,代表,回春堂藤本内科循環器内科 宝塚市 公式サイト
313700744908,オガタファミリークリニック,2811003561,659-0094,兵庫県,芦屋市松ノ内町２番３号エウルビル２、３階,,オガタファミリクリニック,CODE,G004564,代表,オガタファミリークリニック 芦屋市 公式サイト
313587873474,逆瀬川かとう整形外科,2811105143,665-0035,兵庫県,宝塚市逆瀬川１－２－１アピア１　４階,,逆瀬川かとう整形外科,CODE,G004565,代表,逆瀬川かとう整形外科 宝塚市 公式サイト
313707843289,宝塚エデンの園附属診療所,2811101514,665-0025,兵庫県,宝塚市ゆずり葉台３－１－１,,宝塚エデンの園附属診療所,CODE,G004566,代表,宝塚エデンの園附属診療所 宝塚市 公式サイト
313707806430,医療法人敬愛会三田高原病院,2811201355,669-1333,兵庫県,三田市下内神５２５－１,,敬愛会三田高原病院,CODE,G004567,代表,医療法人敬愛会三田高原病院 三田市 公式サイト
313700662980,まるやま整形外科リハビリクリニック,2811105374,665-0021,兵庫県,宝塚市中州１丁目５－１１,,まるやま整形外科リハビリクリニック,CODE,G004568,代表,まるやま整形外科リハビリクリニック 宝塚市 公式サイト
313561076410,かわたクリニック,2811104062,665-0816,兵庫県,宝塚市平井１－４－１８ミキビル１Ｆ,,かわたクリニック,CODE,G004569,代表,かわたクリニック 宝塚市 公式サイト
313504634562,今泉クリニック,2811104146,665-0035,兵庫県,宝塚市逆瀬川２丁目４番３号,,今泉クリニック,CODE,G004570,代表,今泉クリニック 宝塚市 公式サイト
313544877807,川勝クリニック,2811102678,665-0003,兵庫県,宝塚市湯本町６－１８－１０１,,川勝クリニック,CODE,G004571,代表,川勝クリニック 宝塚市 公式サイト
313707843288,きたクリニック,2810926770,663-8111,兵庫県,西宮市二見町８ー１９ライオンズマンション甲子園口二見町１階,,きたクリニック,CODE,G004572,代表,きたクリニック 西宮市 公式サイト
313700814567,さわだ皮ふ科,2811003884,659-0025,兵庫県,芦屋市浜町１０－５メインステージ芦屋浜町１Ｆ,,さわだ皮ふ科,CODE,G004573,代表,さわだ皮ふ科 芦屋市 公式サイト
313700744907,林田ブレストクリニック,2810927067,662-0832,兵庫県,兵庫県西宮市甲風園１丁目８－１１エビータの森３Ｆ,,林田ブレストクリニック,CODE,G004574,代表,林田ブレストクリニック 兵庫県西宮市 公式サイト
313587873473,たきうちクリニック泌尿器科,2810926333,662-0825,兵庫県,西宮市門戸荘１７番１８号メディック門戸３階,,たきうちクリニック泌尿器科,CODE,G004575,代表,たきうちクリニック泌尿器科 西宮市 公式サイト
313707873008,永井医院,2810924130,662-0855,兵庫県,西宮市江上町８番１０号,,永井医院,CODE,G004576,代表,永井医院 西宮市 公式サイト
313707873007,社会医療法人榮昌会　吉田病院,2810505830,652-0803,兵庫県,神戸市兵庫区大開通９丁目２番６号,,榮昌会吉田病院,CODE,G004577,代表,社会医療法人榮昌会 吉田病院 神戸市兵庫区 公式サイト
313700814566,あらた診療所,2810507323,652-0032,兵庫県,神戸市兵庫区荒田町３丁目４７番１号,,あらた診療所,CODE,G004578,代表,あらた診療所 神戸市兵庫区 公式サイト
313700782790,かぎおかクリニック,2810922365,663-8156,兵庫県,西宮市甲子園網引町２番１５号,,かぎおかクリニック,CODE,G004579,代表,かぎおかクリニック 西宮市 公式サイト
313700709106,米本麻酔科クリニック,2810205464,657-0846,兵庫県,神戸市灘区岩屋北町２丁目６－１第２ハイツ中山２０５号室,,米本麻酔科クリニック,CODE,G004580,代表,米本麻酔科クリニック 神戸市灘区 公式サイト
313656141540,みやけ内科クリニック,2810923561,662-0977,兵庫県,西宮市神楽町１１－２７ブルーノ夙川２Ｆ,,みやけ内科クリニック,CODE,G004581,代表,みやけ内科クリニック 西宮市 公式サイト
313656141539,松本整形外科診療所,2810906731,663-8228,兵庫県,西宮市今津二葉町１番２４号,,松本整形外科診療所,CODE,G004582,代表,松本整形外科診療所 西宮市 公式サイト
313571674863,耳鼻咽喉科　足達医院,2810923660,663-8006,兵庫県,西宮市段上町６丁目１９－３４,,耳鼻咽喉科足達医院,CODE,G004583,代表,耳鼻咽喉科 足達医院 西宮市 公式サイト
313707873006,高取産婦人科医院,2810803656,655-0014,兵庫県,神戸市垂水区大町２丁目３－１０,,高取産婦人科医院,CODE,G004584,代表,高取産婦人科医院 神戸市垂水区 公式サイト
313663161046,西本医院,2810905493,662-0084,兵庫県,西宮市樋之池町２５－１７,,西本医院,CODE,G004585,代表,西本医院 西宮市 公式サイト
313553854196,天理教撫順分教会附設　撫順医院,2810901807,662-0052,兵庫県,西宮市霞町１番３４号,,天理教撫順分教会附設撫順医院,CODE,G004586,代表,天理教撫順分教会附設 撫順医院 西宮市 公式サイト
313707806429,須磨浦病院,2810704383,654-0076,兵庫県,神戸市須磨区一ノ谷町３丁目３番８号,,須磨浦病院,CODE,G004587,代表,須磨浦病院 神戸市須磨区 公式サイト
313700814565,たかとり診療所,2810605309,653-0052,兵庫県,神戸市長田区海運町３丁目４－５,,たかとり診療所,CODE,G004588,代表,たかとり診療所 神戸市長田区 公式サイト
313700782789,南木医院,2810701603,654-0003,兵庫県,神戸市須磨区神撫町１丁目３－１,,南木医院,CODE,G004589,代表,南木医院 神戸市須磨区 公式サイト
313700744906,心療内科・精神科　ひつじ診療所,2810106282,658-0072,兵庫県,神戸市東灘区岡本１丁目１２番１４岡本Ｔ＋Ｔビル２階,,心療内科精神科ひつじ診療所,CODE,G004590,代表,心療内科・精神科 ひつじ診療所 神戸市東灘区 公式サイト
313700662979,やなぎさわ眼科,2810206462,657-0068,兵庫県,神戸市灘区篠原北町１丁目１番５号シャーメゾン六甲山手１階,,やなぎさわ眼科,CODE,G004591,代表,やなぎさわ眼科 神戸市灘区 公式サイト
313561075449,おぎの小児科,2810803458,655-0853,兵庫県,神戸市垂水区つつじが丘４丁目５－３,,おぎの小児科,CODE,G004592,代表,おぎの小児科 神戸市垂水区 公式サイト
313561075448,むらかみ内科クリニック,2810206504,657-0051,兵庫県,神戸市灘区八幡町２丁目８－７セントビル２Ｆ,,むらかみ内科クリニック,CODE,G004593,代表,むらかみ内科クリニック 神戸市灘区 公式サイト
313700709105,いしだ眼科クリニック,2810107512,658-0054,兵庫県,神戸市東灘区御影中町１－１６－２０ポラリス御影２Ｆ,,いしだ眼科クリニック,CODE,G004594,代表,いしだ眼科クリニック 神戸市東灘区 公式サイト
313700662978,はぶクリニック,2810205159,657-0065,兵庫県,神戸市灘区宮山町３－３－１六甲駅前ビル１階,,はぶクリニック,CODE,G004595,代表,はぶクリニック 神戸市灘区 公式サイト
313707923153,冨田クリニック,2810104782,658-0011,兵庫県,神戸市東灘区森南町１丁目１２－１９,,冨田クリニック,CODE,G004596,代表,冨田クリニック 神戸市東灘区 公式サイト
313707843287,阿部病院,1810514313,912-0081,福井県,大野市元町８番６号,,阿部病院,CODE,G004597,代表,阿部病院 大野市 公式サイト
313553854195,高橋眼科　小浜診療所,1810414365,917-0063,福井県,小浜市小浜酒井１０－２,,高橋眼科小浜診療所,CODE,G004598,代表,高橋眼科 小浜診療所 小浜市 公式サイト
313504634561,土田クリニック,2810104204,658-0014,兵庫県,神戸市東灘区北青木３－８－３１サントノーレビル,,土田クリニック,CODE,G004599,代表,土田クリニック 神戸市東灘区 公式サイト
313707923152,大町市国民健康保険八坂診療所,2011217268,399-7301,長野県,大町市八坂１１０９番地１１,,大町市国民健康保険八坂診療所,CODE,G004600,代表,大町市国民健康保険八坂診療所 大町 公式サイト
313707873005,すがわら小児クリニック,2011417496,391-0001,長野県,茅野市ちの２５７番地３,,すがわら小児クリニック,CODE,G004601,代表,すがわら小児クリニック 茅野市 公式サイト
313707843286,林医院,1810314870,915-0264,福井県,越前市野岡町２１－３,,林医院,CODE,G004602,代表,林医院 越前市 公式サイト
313707806428,古島内科胃腸科医院,2010511497,395-0032,長野県,飯田市主税町５,,古島内科胃腸科医院,CODE,G004603,代表,古島内科胃腸科医院 飯田市 公式サイト
313707774673,エムズクリニック中軽井沢,2012117442,389-0111,長野県,北佐久郡軽井沢町長倉３４８６－４,,エムズクリニック中軽井沢,CODE,G004604,代表,エムズクリニック中軽井沢 北佐久郡軽井沢町 公式サイト
313700744905,医療法人平出クリニック　平出クリニック内科・産婦人科,2011417348,391-0001,長野県,茅野市ちの６２８番地１,,平出クリニック平出クリニック内科産婦人科,CODE,G004605,代表,医療法人平出クリニック 平出クリニック内科・産婦人科 茅野市 公式サイト
313561075447,安曇野ななき診療所,2014017475,399-7104,長野県,安曇野市明科七貴４５８８－１,,安曇野ななき診療所,CODE,G004606,代表,安曇野ななき診療所 安曇野市 公式サイト
313561075446,ヴェリタス堀金診療所,2014010546,399-8211,長野県,安曇野市堀金烏川５０２９番地,,ヴェリタス堀金診療所,CODE,G004607,代表,ヴェリタス堀金診療所 安曇野市 公式サイト
313553854194,中島医院,2012510984,399-2102,長野県,下伊那郡下條村陽皐２７３１番地,,中島医院,CODE,G004608,代表,中島医院 下伊那郡下條村 公式サイト
313707923151,医療法人　秀峰会　本多レディースクリニック,1810119857,910-0004,福井県,福井市宝永４丁目２番１８号,,秀峰会本多レディスクリニック,CODE,G004609,代表,医療法人 秀峰会 本多レディースクリニック 福井市 公式サイト
313707873004,ときのクリニック,2011517402,399-0706,長野県,塩尻市広丘原新田２１５番地３,,ときのクリニック,CODE,G004610,代表,ときのクリニック 塩尻市 公式サイト
313707843285,下鳥内科クリニック,2010710636,382-0914,長野県,須坂市大字幸高字苅屋２７８,,下鳥内科クリニック,CODE,G004611,代表,下鳥内科クリニック 須坂市 公式サイト
313707806427,おかもと内科クリニック,1810121259,918-8018,福井県,福井市大島町柳２１２,,おかもと内科クリニック,CODE,G004612,代表,おかもと内科クリニック 福井市 公式サイト
313707806426,箕輪ひまわりクリニック,2012417669,399-4601,長野県,上伊那郡箕輪町大字中箕輪４６０番地１,,箕輪ひまわりクリニック,CODE,G004613,代表,箕輪ひまわりクリニック 上伊那郡箕輪町 公式サイト
313707774672,あおぞらレディス＆マタニティクリニック,2010611057,392-0015,長野県,諏訪市中洲５７６４－１,,あおぞらレディス&マタニティクリニック,CODE,G004614,代表,あおぞらレディス&マタニティクリニック 諏訪市 公式サイト
313700744904,やまなみメンタルクリニック,2010219125,390-0851,長野県,松本市島内３４３－１,,やまなみメンタルクリニック,CODE,G004615,代表,やまなみメンタルクリニック 松本市 公式サイト
313700744903,はぎはら整形外科クリニック,1810214732,914-0814,福井県,敦賀市原４９号２４番地－２（木崎）,,はぎはら整形外科クリニック,CODE,G004616,代表,はぎはら整形外科クリニック 敦賀市 公式サイト
313656141538,つかはらペインクリニック,2010219158,390-0833,長野県,松本市双葉５番２０号　イオン南松本２階,,つかはらペインクリニック,CODE,G004617,代表,つかはらペインクリニック 松本市 公式サイト
313587873472,医療法人　古村医院,2012417438,399-0421,長野県,上伊那郡辰野町大字辰野１７８８,,古村医院,CODE,G004618,代表,医療法人 古村医院 上伊那郡辰野町 公式サイト
313587873471,山口内科,2012710634,399-7201,長野県,東筑摩郡生坂村５４５８－３,,山口内科,CODE,G004619,代表,山口内科 東筑摩郡生坂村 公式サイト
313553854193,清水整形外科クリニック,1810120111,918-8236,福井県,福井市和田中２丁目２１０,,清水整形外科クリニック,CODE,G004620,代表,清水整形外科クリニック 福井市 公式サイト
313553854192,山岸眼科クリニック,1810119881,910-0846,福井県,福井市四ツ井１丁目４－１,,山岸眼科クリニック,CODE,G004621,代表,山岸眼科クリニック 福井市 公式サイト
313544877806,南向診療所,2012417479,399-3801,長野県,上伊那郡中川村大草４０３７－１,,南向診療所,CODE,G004622,代表,南向診療所 上伊那郡中川村 公式サイト
313663161045,さかいざわクリニック,2015110287,381-0042,長野県,長野市稲田二丁目２８番１７号,,さかいざわクリニック,CODE,G004623,代表,さかいざわクリニック 長野市 公式サイト
313656141537,医療法人社団慈心会　北原内科,2010917389,396-0211,長野県,伊那市高遠町西高遠３０１,,慈心会北原内科,CODE,G004624,代表,医療法人社団慈心会 北原内科 伊那市 公式サイト
313571674862,独立行政法人国立病院機構　まつもと医療センター,2018010070,399-8701,長野県,松本市村井町南２丁目２０番３０号,,国立病院機構まつもと医療センタ,CODE,G004625,代表,独立行政法人国立病院機構 まつもと医療センター 松本市 公式サイト
313504634560,浦野耳鼻咽喉科医院,2010511687,395-0053,長野県,飯田市大久保町２５５３－１,,浦野耳鼻咽喉科医院,CODE,G004626,代表,浦野耳鼻咽喉科医院 飯田市 公式サイト
313504634559,国民健康保険　依田窪病院,2012217358,386-0603,長野県,小県郡長和町古町２８５７,,国民健康保険依田窪病院,CODE,G004627,代表,国民健康保険 依田窪病院 小県郡長和町 公式サイト
313707843284,医療法人　半田循環器科内科医院,2010317564,386-0034,長野県,上田市中之条４１６－３,,半田循環器科内科医院,CODE,G004628,代表,医療法人 半田循環器科内科医院 上田市 公式サイト
313700709104,耳鼻咽喉科・アレルギー科　たなかクリニック,1810121010,910-0142,福井県,福井市上森田１－４０３,,耳鼻咽喉科アレルギ科たなかクリニック,CODE,G004629,代表,耳鼻咽喉科・アレルギー科 たなかクリニック 福井市 公式サイト
313700709103,向山内科医院,2010417117,394-0026,長野県,岡谷市塚間町１－２－２０,,向山内科医院,CODE,G004630,代表,向山内科医院 岡谷市 公式サイト
313663161044,医療法人　臼田医院　うすだ医院,2010817225,384-0808,長野県,小諸市御影新田池の上２１３１－１１,,臼田医院うすだ医院,CODE,G004631,代表,医療法人 臼田医院 うすだ医院 小諸市 公式サイト
313571674861,松本市医師会検査健診センター診療所,2010217285,390-0875,長野県,松本市城西２丁目５番５号,,松本市医師会検査健診センタ診療所,CODE,G004632,代表,松本市医師会検査健診センター診療所 松本市 公式サイト
313544877805,塔の原　内川医院,2014010041,399-7102,長野県,安曇野市明科中川手２２４３ー１,,塔の原内川医院,CODE,G004633,代表,塔の原 内川医院 安曇野市 公式サイト
313707806425,中高医師会休日診療所,2011117054,383-0021,長野県,中野市西１丁目１番７号,,中高医師会休日診療所,CODE,G004634,代表,中高医師会休日診療所 中野市 公式サイト
313700782788,あゆみ緩和ケアクリニック,2010318257,386-0018,長野県,上田市常田３丁目１５番５８号ＴＯＳＨＩビル１Ｆ,,あゆみ緩和ケアクリニック,CODE,G004635,代表,あゆみ緩和ケアクリニック 上田市 公式サイト
313700782787,医療法人博友会　三科医院,1911810347,406-0003,山梨県,笛吹市春日居町桑戸６９８－１,,博友会三科医院,CODE,G004636,代表,医療法人博友会 三科医院 笛吹市 公式サイト
313700744902,天龍村国民健康保険診療所,2012517682,399-1201,長野県,下伊那郡天龍村平岡９２４番地１,,天龍村国民健康保険診療所,CODE,G004637,代表,天龍村国民健康保険診療所 下伊那郡天龍村 公式サイト
313700662977,医療法人　松井皮膚科クリニック,2010118343,381-2221,長野県,長野市川中島町御厨５８－１,,松井皮膚科クリニック,CODE,G004638,代表,医療法人 松井皮膚科クリニック 長野市 公式サイト
313571674860,清水診療所,1810121101,910-3634,福井県,福井市大森町３８－３,,清水診療所,CODE,G004639,代表,清水診療所 福井市 公式サイト
313707923150,くぼた眼科,2010212880,399-0036,長野県,松本市村井町南１－３６－１３ちくま第２ビル　３Ｆ,,くぼた眼科,CODE,G004640,代表,くぼた眼科 松本市 公式サイト
313707774671,脳とからだのくらしまクリニック,2010119663,381-2214,長野県,長野市稲里町田牧１３１０番地５,,脳とからだのくらしまクリニック,CODE,G004641,代表,脳とからだのくらしまクリニック 長野市 公式サイト
313700662976,医療法人　酒井診療所,2010118012,381-2205,長野県,長野市青木島町大塚７２－１,,酒井診療所,CODE,G004642,代表,医療法人 酒井診療所 長野市 公式サイト
313707843283,かとうメンタルクリニック,2010212609,390-0872,長野県,松本市北深志１－５－１８,,かとうメンタルクリニック,CODE,G004643,代表,かとうメンタルクリニック 松本市 公式サイト
313656141536,医療法人　松田内科医院,2010217475,399-0039,長野県,松本市小屋北１－１５－３３,,松田内科医院,CODE,G004644,代表,医療法人 松田内科医院 松本市 公式サイト
313587873470,としだ内科,2010119309,381-2224,長野県,長野市川中島町原５６番地１,,としだ内科,CODE,G004645,代表,としだ内科 長野市 公式サイト
313587873469,医療法人　康成会　太田糖尿病内科クリニック,2010117543,380-0802,長野県,長野市上松４－１－３,,康成会太田糖尿病内科クリニック,CODE,G004646,代表,医療法人 康成会 太田糖尿病内科クリニック 長野市 公式サイト
313707806424,医療法人啓徹会　西条メディカルクリニック,1910812401,409-3866,山梨県,中巨摩郡昭和町西条５００３番地２,,啓徹会西条メディカルクリニック,CODE,G004647,代表,医療法人啓徹会 西条メディカルクリニック 中巨摩郡昭和町 公式サイト
313561075445,医療法人信愛会　田中病院,2010117493,381-0037,長野県,長野市西和田１－２９－８,,信愛会田中病院,CODE,G004648,代表,医療法人信愛会 田中病院 長野市 公式サイト
313561075444,山梨リハビリテーション病院,1911810313,406-0004,山梨県,笛吹市春日居町小松８５５,,山梨リハビリテション病院,CODE,G004649,代表,山梨リハビリテーション病院 笛吹市 公式サイト
313553854191,宝塚市立病院,2811101779,665-0827,兵庫県,宝塚市小浜４丁目５－１,,宝塚市立病院,CODE,G004650,代表,宝塚市立病院 宝塚市 公式サイト
313707774670,ひだ胃腸内視鏡クリニック,2810925483,662-0973,兵庫県,西宮市田中町５番２号西宮駅前メディカルビル３階,,ひだ胃腸内視鏡クリニック,CODE,G004651,代表,ひだ胃腸内視鏡クリニック 西宮市 公式サイト
313700744901,いなとめ乳腺クリニック,2810925038,663-8204,兵庫県,西宮市高松町５番３９号なでしこビル３０１Ｂ号室,,いなとめ乳腺クリニック,CODE,G004652,代表,いなとめ乳腺クリニック 西宮市 公式サイト
313700782786,レディース＆マタニティクリニック　サンタクルス　ザ　シュクガワ,2810923926,662-0063,兵庫県,西宮市相生町８番１１号,,レディス&マタニティクリニックサンタクルスザシュクガワ,CODE,G004653,代表,レディース&マタニティクリニック サンタクルス ザ シュクガワ 西宮市 公式サイト
313700709102,西川医院,2810924353,662-0915,兵庫県,西宮市馬場町３－２３,,西川医院,CODE,G004654,代表,西川医院 西宮市 公式サイト
313707806423,西宮市応急診療所,2810908992,662-0911,兵庫県,西宮市池田町１３番３,,西宮市応急診療所,CODE,G004655,代表,西宮市応急診療所 西宮市 公式サイト
313504634558,白医院,2810921839,663-8124,兵庫県,西宮市小松南町２丁目１－１６,,白医院,CODE,G004656,代表,白医院 西宮市 公式サイト
313700662975,みうら小児科,2810923843,662-0076,兵庫県,西宮市松生町５－８,,みうら小児科,CODE,G004657,代表,みうら小児科 西宮市 公式サイト
313707774669,布谷整形外科病院,2810922308,663-8132,兵庫県,西宮市東鳴尾町１丁目７番２６号,,布谷整形外科病院,CODE,G004658,代表,布谷整形外科病院 西宮市 公式サイト
313707806422,医療法人社団十和会　南堂医院,2810907812,669-1141,兵庫県,西宮市名塩２ー６ー１,,十和会南堂医院,CODE,G004659,代表,医療法人社団十和会 南堂医院 西宮市 公式サイト
313553854190,杉本整形外科,2810906129,662-0034,兵庫県,西宮市西田町３－１５,,杉本整形外科,CODE,G004660,代表,杉本整形外科 西宮市 公式サイト
313700662974,舞子台病院,2810800934,655-0046,兵庫県,神戸市垂水区舞子台７丁目２－１,,舞子台病院,CODE,G004661,代表,舞子台病院 神戸市垂水区 公式サイト
313707923149,よりそいクリニック,2810507471,652-0047,兵庫県,神戸市兵庫区下沢通７丁目２番２６号ラ・フィーネ３０３号室,,よりそいクリニック,CODE,G004662,代表,よりそいクリニック 神戸市兵庫区 公式サイト
313707774668,淳整形外科,2810506689,652-0897,兵庫県,神戸市兵庫区駅南通１丁目２番３号兵庫駅南ビル３階,,淳整形外科,CODE,G004663,代表,淳整形外科 神戸市兵庫区 公式サイト
313663161043,德川眼科クリニック,2810507232,652-0047,兵庫県,神戸市兵庫区下沢通３丁目１－２５グロウメディカルビル４階,,德川眼科クリニック,CODE,G004664,代表,德川眼科クリニック 神戸市兵庫区 公式サイト
313561075443,井上クリニック,2810704250,654-0162,兵庫県,神戸市須磨区神の谷２丁目１５番２号,,井上クリニック,CODE,G004665,代表,井上クリニック 神戸市須磨区 公式サイト
313707774667,茶谷外科、整形外科,,652-0058,兵庫県,神戸市兵庫区菊水町１０丁目３９－２２,,茶谷外科、整形外科,ZIP+NAME,G004666,代表,茶谷外科、整形外科 神戸市兵庫区 公式サイト
313707923148,平原泌尿器科医院,,652-0041,兵庫県,神戸市兵庫区湊川町４丁目８－１４ー１０５号,,平原泌尿器科医院,ZIP+NAME,G004667,代表,平原泌尿器科医院 神戸市兵庫区 公式サイト
313707843282,医療法人晃有会ＭＹササセ皮フ科,2810206355,657-0835,兵庫県,神戸市灘区灘北通５－９－１ＪＲ摩耶駅ＮＫビル１Ｆ,,晃有会myササセ皮フ科,CODE,G004668,代表,医療法人晃有会MYササセ皮フ科 神戸市灘区 公式サイト
313707806421,村上医院,2810206223,657-0038,兵庫県,神戸市灘区深田町三丁目３番１号ＥＲＣ六甲ビル３階,,村上医院,CODE,G004669,代表,村上医院 神戸市灘区 公式サイト
313707806420,医療法人社団かえでホームケアクリニック,2810205449,657-0051,兵庫県,神戸市灘区八幡町３丁目４－５,,かえでホムケアクリニック,CODE,G004670,代表,医療法人社団かえでホームケアクリニック 神戸市灘区 公式サイト
313700782785,たなべ産婦人科,2810205712,657-0028,兵庫県,神戸市灘区森後町三丁目５番３０号,,たなべ産婦人科,CODE,G004671,代表,たなべ産婦人科 神戸市灘区 公式サイト
313504634557,森本クリニック,2810205241,657-0025,兵庫県,神戸市灘区高徳町５丁目１－６,,森本クリニック,CODE,G004672,代表,森本クリニック 神戸市灘区 公式サイト
313561075442,みよし内科クリニック,2810204913,657-0846,兵庫県,神戸市灘区岩屋北町５丁目１－３１メディカルハット３階,,みよし内科クリニック,CODE,G004673,代表,みよし内科クリニック 神戸市灘区 公式サイト
313700709101,御影こども形成外科,2810107934,658-0047,兵庫県,神戸市東灘区御影２丁目４－１０御影クラリティフラット１Ｆ,,御影こども形成外科,CODE,G004674,代表,御影こども形成外科 神戸市東灘区 公式サイト
313707774666,谷口循環器内科,2810107322,658-0012,兵庫県,神戸市東灘区本庄町１丁目１６－１７サンフォレストビル１０２,,谷口循環器内科,CODE,G004675,代表,谷口循環器内科 神戸市東灘区 公式サイト
313707873003,杉原クリニック,2810107173,658-0053,兵庫県,神戸市東灘区住吉宮町四丁目４番１－２１２号,,杉原クリニック,CODE,G004676,代表,杉原クリニック 神戸市東灘区 公式サイト
313707774665,医療法人明倫会　本山リハビリテーション病院,2810106373,658-0015,兵庫県,神戸市東灘区本山南町７丁目７番１５号,,明倫会本山リハビリテション病院,CODE,G004677,代表,医療法人明倫会 本山リハビリテーション病院 神戸市東灘区 公式サイト
313707843280,平井眼科内科クリニック,1810314672,915-0805,福井県,越前市芝原４－１０－２８,,平井眼科内科クリニック,CODE,G004678,代表,平井眼科内科クリニック 越前市 公式サイト
313700782784,加納病院,1810810133,919-0633,福井県,あわら市花乃杜１－２－３９,,加納病院,CODE,G004679,代表,加納病院 あわら市 公式サイト
313700744900,せきクリニック,1810214765,914-0132,福井県,敦賀市御名５３－１４－６,,せきクリニック,CODE,G004680,代表,せきクリニック 敦賀市 公式サイト
313553854189,西野医院,1811714649,913-0064,福井県,坂井市三国町安島２７－３１,,西野医院,CODE,G004681,代表,西野医院 坂井市 公式サイト
313504634556,クリニカ・デ・ふかや,1810614048,911-0804,福井県,勝山市元町１－９－４５,,クリニカデふかや,CODE,G004682,代表,クリニカ・デ・ふかや 勝山市 公式サイト
313707923146,能登医院,2810105045,658-0054,兵庫県,神戸市東灘区御影中町１丁目１０－１１,,能登医院,CODE,G004683,代表,能登医院 神戸市東灘区 公式サイト
313707873002,岩井病院附属坂井診療所,1811714557,919-0521,福井県,坂井市坂井町下新庄２－７－２,,岩井病院附属坂井診療所,CODE,G004684,代表,岩井病院附属坂井診療所 坂井市 公式サイト
313700662973,土屋医院,1810714970,916-0025,福井県,鯖江市旭町３－６－２,,土屋医院,CODE,G004685,代表,土屋医院 鯖江市 公式サイト
313587873468,沼田ヒフ科,2810105565,658-0051,兵庫県,神戸市東灘区住吉本町１－７－２石橋ビル４Ｆ,,沼田ヒフ科,CODE,G004686,代表,沼田ヒフ科 神戸市東灘区 公式サイト
313561075441,山手医院,1810414266,917-0092,福井県,小浜市山手１－１－８,,山手医院,CODE,G004687,代表,山手医院 小浜市 公式サイト
313700709100,西尾耳鼻咽喉科,2810104113,658-0013,兵庫県,神戸市東灘区深江北町３丁目４－２３,,西尾耳鼻咽喉科,CODE,G004688,代表,西尾耳鼻咽喉科 神戸市東灘区 公式サイト
313656141535,きたむらクリニック,2810106126,658-0047,兵庫県,神戸市東灘区御影２丁目３２－６,,きたむらクリニック,CODE,G004689,代表,きたむらクリニック 神戸市東灘区 公式サイト
313544877804,くぼたクリニック,1810714731,916-0004,福井県,鯖江市糺町３０号２－１,,くぼたクリニック,CODE,G004690,代表,くぼたクリニック 鯖江市 公式サイト
313707923145,大橋整形外科医院,1810118941,910-0015,福井県,福井市二の宮３－３８－２０,,大橋整形外科医院,CODE,G004691,代表,大橋整形外科医院 福井市 公式サイト
313700662972,ドクター・ズー,1810119790,910-0846,福井県,福井市四ツ井１丁目２２番２２号,,ドクタズ,CODE,G004692,代表,ドクター・ズー 福井市 公式サイト
313587873467,育ちのクリニック津田,1810122430,918-8016,福井県,福井市江端町第６号４８番地,,育ちのクリニック津田,CODE,G004693,代表,育ちのクリニック津田 福井市 公式サイト
313663161042,牟礼診療所,2013410390,389-1211,長野県,上水内郡飯綱町大字牟礼４８１,,牟礼診療所,CODE,G004694,代表,牟礼診療所 上水内郡飯綱町 公式サイト
313544877803,武市医院,2013117045,389-0602,長野県,埴科郡坂城町中之条２５２５,,武市医院,CODE,G004695,代表,武市医院 埴科郡坂城町 公式サイト
313656141534,文京内科クリニック,1810118305,910-0017,福井県,福井市文京１丁目２９－６,,文京内科クリニック,CODE,G004696,代表,文京内科クリニック 福井市 公式サイト
313571674859,福井はやし整形外科,1810119469,918-8057,福井県,福井市加茂河原３－８－６,,福井はやし整形外科,CODE,G004697,代表,福井はやし整形外科 福井市 公式サイト
313700744899,宮原医院,2012710717,390-1301,長野県,東筑摩郡山形村５５０１―６,,宮原医院,CODE,G004698,代表,宮原医院 東筑摩郡山形村 公式サイト
313707806419,医療法人　原内科医院,2012617169,397-0001,長野県,木曽郡木曽町福島５６５２－１,,原内科医院,CODE,G004699,代表,医療法人 原内科医院 木曽郡木曽町 公式サイト
313504634555,飯島中央クリニック,2012417677,399-3702,長野県,上伊那郡飯島町飯島２５５１番地,,飯島中央クリニック,CODE,G004700,代表,飯島中央クリニック 上伊那郡飯島町 公式サイト
313561075440,みかさクリニック,2010511513,399-2565,長野県,飯田市桐林１７８０－１,,みかさクリニック,CODE,G004701,代表,みかさクリニック 飯田市 公式サイト
313707774664,かおりウィメンズクリニック,2010717334,382-0934,長野県,須坂市大字福島３８６番地１イオンモール須坂３階,,かおりウィメンズクリニック,CODE,G004702,代表,かおりウィメンズクリニック 須坂市 公式サイト
313707774663,長谷川クリニック,2011117187,383-0015,長野県,中野市大字吉田７７０番地１,,長谷川クリニック,CODE,G004703,代表,長谷川クリニック 中野市 公式サイト
313700782783,康野整形外科リウマチクリニック,2010511422,395-0811,長野県,飯田市松尾上溝３１５２ー４,,康野整形外科リウマチクリニック,CODE,G004704,代表,康野整形外科リウマチクリニック 飯田市 公式サイト
313700744898,上諏訪眼科クリニック,2010610869,392-0007,長野県,諏訪市清水１－８－１７,,上諏訪眼科クリニック,CODE,G004705,代表,上諏訪眼科クリニック 諏訪市 公式サイト
313700662971,アライクリニック,2011117211,383-0041,長野県,中野市岩船４４４番地１,,アライクリニック,CODE,G004706,代表,アライクリニック 中野市 公式サイト
313587873466,重盛医院,2010917306,396-0025,長野県,伊那市荒井３６４２番地１,,重盛医院,CODE,G004707,代表,重盛医院 伊那市 公式サイト
313571674858,花岡レディースクリニック,2010817324,384-0033,長野県,小諸市市町５丁目４番地１６号,,花岡レディスクリニック,CODE,G004708,代表,花岡レディースクリニック 小諸市 公式サイト
313700662970,医療法人　あきわ皮膚科,2010317861,386-0041,長野県,上田市秋和３１０番地１５,,あきわ皮膚科,CODE,G004709,代表,医療法人 あきわ皮膚科 上田市 公式サイト
313656141533,さとう眼科クリニック,2010318356,386-1103,長野県,上田市神畑４３７,,さとう眼科クリニック,CODE,G004710,代表,さとう眼科クリニック 上田市 公式サイト
313707774662,松本市小児科・内科夜間急病センター,2010218093,390-0875,長野県,松本市城西２－５－２２,,松本市小児科内科夜間急病センタ,CODE,G004711,代表,松本市小児科・内科夜間急病センター 松本市 公式サイト
313700782782,医療法人慶和会　花村医院,2010217780,390-1241,長野県,松本市大字新村２４７番地１,,慶和会花村医院,CODE,G004712,代表,医療法人慶和会 花村医院 松本市 公式サイト
313700662009,かみじょうリハビリ整形外科クリニック,2015110279,381-0041,長野県,長野市徳間１丁目２７番４号,,かみじょうリハビリ整形外科クリニック,CODE,G004713,代表,かみじょうリハビリ整形外科クリニック 長野市 公式サイト
313504634554,前澤医院,2010218713,399-0011,長野県,松本市寿北７－５－６,,前澤医院,CODE,G004714,代表,前澤医院 松本市 公式サイト
313707806418,韮崎おはな産婦人科,1910910759,407-0014,山梨県,韮崎市富士見１丁目３番９号,,韮崎おはな産婦人科,CODE,G004715,代表,韮崎おはな産婦人科 韮崎市 公式サイト
313707806417,徳武クリニック,2010113807,381-0031,長野県,長野市西尾張部１０２２ー１,,徳武クリニック,CODE,G004716,代表,徳武クリニック 長野市 公式サイト
313707774661,かわむらクリニック,1911201042,403-0032,山梨県,富士吉田市上吉田東一丁目５番５１号,,かわむらクリニック,CODE,G004717,代表,かわむらクリニック 富士吉田市 公式サイト
313700744897,武居医院,2010113385,380-0834,長野県,長野市問御所町１３３７番地イの４,,武居医院,CODE,G004718,代表,武居医院 長野市 公式サイト
313700709099,公益財団法人リヴィーズ　ＨＡＮＡＺＯＮＯホスピタル,1910110749,400-0001,山梨県,甲府市和田町２９６８番地,,リヴィズhanazonoホスピタル,CODE,G004719,代表,公益財団法人リヴィーズ HANAZONOホスピタル 甲府市 公式サイト
313700709098,中込医院,1910104858,400-0032,山梨県,甲府市中央五丁目８－３２,,中込医院,CODE,G004720,代表,中込医院 甲府市 公式サイト
313663161041,医療法人　加藤内科,2010117717,381-0053,長野県,長野市神楽橋１０番地１１１,,加藤内科,CODE,G004721,代表,医療法人 加藤内科 長野市 公式サイト
313656141532,医療法人　東口メンタルクリニック,2010118756,380-0921,長野県,長野市大字栗田１５７９番地,,東口メンタルクリニック,CODE,G004722,代表,医療法人 東口メンタルクリニック 長野市 公式サイト
313561075439,みわ発達クリニック,2015110147,380-0803,長野県,長野市三輪５丁目４１－６,,みわ発達クリニック,CODE,G004723,代表,みわ発達クリニック 長野市 公式サイト
313504633593,唐沢内科医院,2010213789,390-0875,長野県,松本市城西２－２－２６,,唐沢内科医院,CODE,G004724,代表,唐沢内科医院 松本市 公式サイト
313587872505,たかね内科小児科クリニック,1911900072,408-0002,山梨県,北杜市高根町村山北割１９６６,,たかね内科小児科クリニック,CODE,G004725,代表,たかね内科小児科クリニック 北杜市 公式サイト
313707806416,医療法人桜花会　あすか在宅クリニック,1911711016,400-0122,山梨県,甲斐市境２１８０－１,,桜花会あすか在宅クリニック,CODE,G004726,代表,医療法人桜花会 あすか在宅クリニック 甲斐市 公式サイト
313700782781,白石メンタルクリニック,1911700266,400-0115,山梨県,甲斐市篠原１６５４－２０,,白石メンタルクリニック,CODE,G004727,代表,白石メンタルクリニック 甲斐市 公式サイト
313553854188,竜王レディースクリニック,1911710257,400-0115,山梨県,甲斐市篠原２１９９,,竜王レディスクリニック,CODE,G004728,代表,竜王レディースクリニック 甲斐市 公式サイト
313700744896,須藤整形外科医院,1911110383,402-0004,山梨県,都留市古川渡３,,須藤整形外科医院,CODE,G004729,代表,須藤整形外科医院 都留市 公式サイト
313571674857,おおくぼ谷戸診療所,1911910352,409-1502,山梨県,北杜市大泉町谷戸１９９６－１,,おおくぼ谷戸診療所,CODE,G004730,代表,おおくぼ谷戸診療所 北杜市 公式サイト
313707843279,医療法人社団　近藤内科胃腸科,1512210194,952-1307,新潟県,佐渡市東大通８７６番地,,近藤内科胃腸科,CODE,G004731,代表,医療法人社団 近藤内科胃腸科 佐渡市 公式サイト
313707843278,長坂中央クリニック,1911910097,408-0034,山梨県,北杜市長坂町大八田６６２６－３３,,長坂中央クリニック,CODE,G004732,代表,長坂中央クリニック 北杜市 公式サイト
313700709097,医療法人社団　廣川医院,1512310085,946-0011,新潟県,魚沼市小出島１２０９番地７９,,廣川医院,CODE,G004733,代表,医療法人社団 廣川医院 魚沼市 公式サイト
313663161040,医療法人誠仁会　武井クリニック,1911110441,402-0025,山梨県,都留市法能６６９,,誠仁会武井クリニック,CODE,G004734,代表,医療法人誠仁会 武井クリニック 都留市 公式サイト
313587872504,甲府市直営上九一色診療所,1910115136,409-3712,山梨県,甲府市古関町１１７４番地,,甲府市直営上九一色診療所,CODE,G004735,代表,甲府市直営上九一色診療所 甲府市 公式サイト
313707923144,医療法人橘泉会　内藤医院,1911210712,403-0004,山梨県,富士吉田市下吉田三丁目９－１３,,橘泉会内藤医院,CODE,G004736,代表,医療法人橘泉会 内藤医院 富士吉田市 公式サイト
313707774660,田内科医院,1512210228,952-1211,新潟県,佐渡市中興１１１５番地の１,,田内科医院,CODE,G004737,代表,田内科医院 佐渡市 公式サイト
313707774659,奥脇医院,1911201141,403-0004,山梨県,富士吉田市下吉田三丁目２５番５号,,奥脇医院,CODE,G004738,代表,奥脇医院 富士吉田市 公式サイト
313587872503,じょうえつ形成外科クリニック,1510313529,943-0173,新潟県,上越市富岡１９２０番地２,,じょうえつ形成外科クリニック,CODE,G004739,代表,じょうえつ形成外科クリニック 上越市 公式サイト
313707806415,望月医院,1510312539,949-2302,新潟県,上越市中郷区藤沢１０６４,,望月医院,CODE,G004740,代表,望月医院 上越市中郷区 公式サイト
313707774658,くろきクリニック,1510311838,943-0836,新潟県,上越市東城町３丁目１０番３８号,,くろきクリニック,CODE,G004741,代表,くろきクリニック 上越市 公式サイト
313553854187,北杜市立　塩川病院,1911910162,408-0114,山梨県,北杜市須玉町藤田７７３,,北杜市立塩川病院,CODE,G004742,代表,北杜市立 塩川病院 北杜市 公式サイト
313504633592,三井医院,1910910726,407-0024,山梨県,韮崎市本町一丁目１１番８号,,三井医院,CODE,G004743,代表,三井医院 韮崎市 公式サイト
313707923143,羽鳥医院,1511210757,958-0032,新潟県,村上市松原町１丁目１０番１６号,,羽鳥医院,CODE,G004744,代表,羽鳥医院 村上市 公式サイト
313707873001,高井脳外科クリニック,1510312281,943-0802,新潟県,上越市大豆２丁目９番１８号,,高井脳外科クリニック,CODE,G004745,代表,高井脳外科クリニック 上越市 公式サイト
313707843277,薬袋整形外科医院,1910900354,407-0014,山梨県,韮崎市富士見二丁目１３－２,,薬袋整形外科医院,CODE,G004746,代表,薬袋整形外科医院 韮崎市 公式サイト
313700709096,山梨市立牧丘病院,1910210572,404-0013,山梨県,山梨市牧丘町窪平３０２－２,,山梨市立牧丘病院,CODE,G004747,代表,山梨市立牧丘病院 山梨市 公式サイト
313587872502,医療法人社団　駅前医院　いけだ耳鼻科　駅前医院,1510611104,957-0055,新潟県,新発田市諏訪町１丁目３番５号,,駅前医院いけだ耳鼻科駅前医院,CODE,G004748,代表,医療法人社団 駅前医院 いけだ耳鼻科 駅前医院 新発田市 公式サイト
313571674856,富田産科婦人科クリニック,1510611088,957-0055,新潟県,新発田市諏訪町１丁目２番１５号,,富田産科婦人科クリニック,CODE,G004749,代表,富田産科婦人科クリニック 新発田市 公式サイト
313561075438,医療法人社団富士厚生会　富士厚生クリニック,1911410700,401-0013,山梨県,大月市大月一丁目１７－２３,,富士厚生会富士厚生クリニック,CODE,G004750,代表,医療法人社団富士厚生会 富士厚生クリニック 大月市 公式サイト
313544877802,片桐記念クリニック,1510612300,957-0061,新潟県,新発田市住吉町四丁目３番９号,,片桐記念クリニック,CODE,G004751,代表,片桐記念クリニック 新発田市 公式サイト
313700744895,ますやま整形外科クリニック,1910910619,407-0004,山梨県,韮崎市藤井町南下條３９５,,ますやま整形外科クリニック,CODE,G004752,代表,ますやま整形外科クリニック 韮崎市 公式サイト
313544877801,医療法人社団　恩田クリニック,1510511817,945-0051,新潟県,柏崎市東本町１丁目８－５４,,恩田クリニック,CODE,G004753,代表,医療法人社団 恩田クリニック 柏崎市 公式サイト
313707774657,大戸耳鼻咽喉科医院,1911200523,403-0004,山梨県,富士吉田市下吉田五丁目１１－７,,大戸耳鼻咽喉科医院,CODE,G004754,代表,大戸耳鼻咽喉科医院 富士吉田市 公式サイト
313700782780,本田脳神経外科クリニック,1512110261,959-2026,新潟県,阿賀野市下条町１３番１２号,,本田脳神経外科クリニック,CODE,G004755,代表,本田脳神経外科クリニック 阿賀野市 公式サイト
313700662008,安村クリニック,1910116084,400-0008,山梨県,甲府市緑が丘２－２－１６,,安村クリニック,CODE,G004756,代表,安村クリニック 甲府市 公式サイト
313553854186,耳鼻咽喉科　おきた医院,1510312406,943-0833,新潟県,上越市大町４－４－１２,,耳鼻咽喉科おきた医院,CODE,G004757,代表,耳鼻咽喉科 おきた医院 上越市 公式サイト
313504633591,医療法人社団　木村内科循環器科医院,1510511874,945-0041,新潟県,柏崎市松美１丁目１番３５号,,木村内科循環器科医院,CODE,G004758,代表,医療法人社団 木村内科循環器科医院 柏崎市 公式サイト
313707923142,医療法人社団　中沢消化器科・内科医院,1510511635,945-0035,新潟県,柏崎市北半田２丁目７番１８号北半田メディカルビル１Ｆ,,中沢消化器科内科医院,CODE,G004759,代表,医療法人社団 中沢消化器科・内科医院 柏崎市 公式サイト
313707843276,後藤医院,1511310912,959-0248,新潟県,燕市吉田浜首町１２－３３,,後藤医院,CODE,G004760,代表,後藤医院 燕市 公式サイト
313700744894,江口眼科医院,1511310649,959-1251,新潟県,燕市白山町２丁目４－２３,,江口眼科医院,CODE,G004761,代表,江口眼科医院 燕市 公式サイト
313544877800,小松小児科医院,1910105665,400-0062,山梨県,甲府市池田１丁目１１番７号,,小松小児科医院,CODE,G004762,代表,小松小児科医院 甲府市 公式サイト
313544877799,富永草野医院,1511310854,959-0211,新潟県,燕市富永２１６番地１,,富永草野医院,CODE,G004763,代表,富永草野医院 燕市 公式サイト
313707806414,わかば内科クリニック,1511510982,941-0047,新潟県,糸魚川市大字平牛２１２４番地,,わかば内科クリニック,CODE,G004764,代表,わかば内科クリニック 糸魚川市 公式サイト
